
*****************************************
Setting OMP_NUM_THREADS environment variable for each process to be 1 in default, to avoid your system being overloaded, please further tune the variable for optimal performance in your application as needed. 
*****************************************

*****************************************
Setting OMP_NUM_THREADS environment variable for each process to be 1 in default, to avoid your system being overloaded, please further tune the variable for optimal performance in your application as needed. 
*****************************************

*****************************************
Setting OMP_NUM_THREADS environment variable for each process to be 1 in default, to avoid your system being overloaded, please further tune the variable for optimal performance in your application as needed. 
*****************************************

*****************************************
Setting OMP_NUM_THREADS environment variable for each process to be 1 in default, to avoid your system being overloaded, please further tune the variable for optimal performance in your application as needed. 
*****************************************

*****************************************
Setting OMP_NUM_THREADS environment variable for each process to be 1 in default, to avoid your system being overloaded, please further tune the variable for optimal performance in your application as needed. 
*****************************************

*****************************************
Setting OMP_NUM_THREADS environment variable for each process to be 1 in default, to avoid your system being overloaded, please further tune the variable for optimal performance in your application as needed. 
*****************************************

*****************************************
Setting OMP_NUM_THREADS environment variable for each process to be 1 in default, to avoid your system being overloaded, please further tune the variable for optimal performance in your application as needed. 
*****************************************

*****************************************
Setting OMP_NUM_THREADS environment variable for each process to be 1 in default, to avoid your system being overloaded, please further tune the variable for optimal performance in your application as needed. 
*****************************************

*****************************************
Setting OMP_NUM_THREADS environment variable for each process to be 1 in default, to avoid your system being overloaded, please further tune the variable for optimal performance in your application as needed. 
*****************************************

*****************************************
Setting OMP_NUM_THREADS environment variable for each process to be 1 in default, to avoid your system being overloaded, please further tune the variable for optimal performance in your application as needed. 
*****************************************

*****************************************
Setting OMP_NUM_THREADS environment variable for each process to be 1 in default, to avoid your system being overloaded, please further tune the variable for optimal performance in your application as needed. 
*****************************************

*****************************************
Setting OMP_NUM_THREADS environment variable for each process to be 1 in default, to avoid your system being overloaded, please further tune the variable for optimal performance in your application as needed. 
*****************************************

*****************************************
Setting OMP_NUM_THREADS environment variable for each process to be 1 in default, to avoid your system being overloaded, please further tune the variable for optimal performance in your application as needed. 
*****************************************

*****************************************
Setting OMP_NUM_THREADS environment variable for each process to be 1 in default, to avoid your system being overloaded, please further tune the variable for optimal performance in your application as needed. 
*****************************************

*****************************************
Setting OMP_NUM_THREADS environment variable for each process to be 1 in default, to avoid your system being overloaded, please further tune the variable for optimal performance in your application as needed. 
*****************************************

*****************************************
Setting OMP_NUM_THREADS environment variable for each process to be 1 in default, to avoid your system being overloaded, please further tune the variable for optimal performance in your application as needed. 
*****************************************

*****************************************
Setting OMP_NUM_THREADS environment variable for each process to be 1 in default, to avoid your system being overloaded, please further tune the variable for optimal performance in your application as needed. 
*****************************************

*****************************************
Setting OMP_NUM_THREADS environment variable for each process to be 1 in default, to avoid your system being overloaded, please further tune the variable for optimal performance in your application as needed. 
*****************************************

*****************************************
Setting OMP_NUM_THREADS environment variable for each process to be 1 in default, to avoid your system being overloaded, please further tune the variable for optimal performance in your application as needed. 
*****************************************

*****************************************
Setting OMP_NUM_THREADS environment variable for each process to be 1 in default, to avoid your system being overloaded, please further tune the variable for optimal performance in your application as needed. 
*****************************************

*****************************************
Setting OMP_NUM_THREADS environment variable for each process to be 1 in default, to avoid your system being overloaded, please further tune the variable for optimal performance in your application as needed. 
*****************************************

*****************************************
Setting OMP_NUM_THREADS environment variable for each process to be 1 in default, to avoid your system being overloaded, please further tune the variable for optimal performance in your application as needed. 
*****************************************

*****************************************
Setting OMP_NUM_THREADS environment variable for each process to be 1 in default, to avoid your system being overloaded, please further tune the variable for optimal performance in your application as needed. 
*****************************************

*****************************************
Setting OMP_NUM_THREADS environment variable for each process to be 1 in default, to avoid your system being overloaded, please further tune the variable for optimal performance in your application as needed. 
*****************************************

*****************************************
Setting OMP_NUM_THREADS environment variable for each process to be 1 in default, to avoid your system being overloaded, please further tune the variable for optimal performance in your application as needed. 
*****************************************

*****************************************
Setting OMP_NUM_THREADS environment variable for each process to be 1 in default, to avoid your system being overloaded, please further tune the variable for optimal performance in your application as needed. 
*****************************************

*****************************************
Setting OMP_NUM_THREADS environment variable for each process to be 1 in default, to avoid your system being overloaded, please further tune the variable for optimal performance in your application as needed. 
*****************************************

*****************************************
Setting OMP_NUM_THREADS environment variable for each process to be 1 in default, to avoid your system being overloaded, please further tune the variable for optimal performance in your application as needed. 
*****************************************

*****************************************
Setting OMP_NUM_THREADS environment variable for each process to be 1 in default, to avoid your system being overloaded, please further tune the variable for optimal performance in your application as needed. 
*****************************************

*****************************************
Setting OMP_NUM_THREADS environment variable for each process to be 1 in default, to avoid your system being overloaded, please further tune the variable for optimal performance in your application as needed. 
*****************************************

*****************************************
Setting OMP_NUM_THREADS environment variable for each process to be 1 in default, to avoid your system being overloaded, please further tune the variable for optimal performance in your application as needed. 
*****************************************

*****************************************
Setting OMP_NUM_THREADS environment variable for each process to be 1 in default, to avoid your system being overloaded, please further tune the variable for optimal performance in your application as needed. 
*****************************************
Traceback (most recent call last):
  File "/pscratch/sd/s/syfan/Megatron-LM/pretrain_gpt.py", line 335, in <module>
    pretrain(
  File "/pscratch/sd/s/syfan/Megatron-LM/megatron/training/training.py", line 681, in pretrain
    initialize_megatron(
  File "/pscratch/sd/s/syfan/Megatron-LM/megatron/training/initialize.py", line 90, in initialize_megatron
    set_global_variables(args)
  File "/pscratch/sd/s/syfan/Megatron-LM/megatron/training/global_vars.py", line 84, in set_global_variables
    init_num_microbatches_calculator(
  File "/pscratch/sd/s/syfan/Megatron-LM/megatron/core/num_microbatches_calculator.py", line 90, in init_num_microbatches_calculator
    _configure_global_num_microbatches_calculator(
  File "/pscratch/sd/s/syfan/Megatron-LM/megatron/core/num_microbatches_calculator.py", line 181, in _configure_global_num_microbatches_calculator
    _GLOBAL_NUM_MICROBATCHES_CALCULATOR = _build_num_microbatches_calculator(
                                          ^^^^^^^^^^^^^^^^^^^^^^^^^^^^^^^^^^^
  File "/pscratch/sd/s/syfan/Megatron-LM/megatron/core/num_microbatches_calculator.py", line 220, in _build_num_microbatches_calculator
    num_microbatches_calculator = ConstantNumMicroBatchesCalculator(
                                  ^^^^^^^^^^^^^^^^^^^^^^^^^^^^^^^^^^
  File "/pscratch/sd/s/syfan/Megatron-LM/megatron/core/num_microbatches_calculator.py", line 340, in __init__
    assert global_batch_size % micro_batch_times_data_parallel_size == 0, (
           ^^^^^^^^^^^^^^^^^^^^^^^^^^^^^^^^^^^^^^^^^^^^^^^^^^^^^^^^^^^^^
AssertionError: global batch size (512) is not divisible by micro batch size (8) times data parallel size (128)
Traceback (most recent call last):
  File "/pscratch/sd/s/syfan/Megatron-LM/pretrain_gpt.py", line 335, in <module>
    pretrain(
  File "/pscratch/sd/s/syfan/Megatron-LM/megatron/training/training.py", line 681, in pretrain
    initialize_megatron(
  File "/pscratch/sd/s/syfan/Megatron-LM/megatron/training/initialize.py", line 90, in initialize_megatron
    set_global_variables(args)
  File "/pscratch/sd/s/syfan/Megatron-LM/megatron/training/global_vars.py", line 84, in set_global_variables
    init_num_microbatches_calculator(
  File "/pscratch/sd/s/syfan/Megatron-LM/megatron/core/num_microbatches_calculator.py", line 90, in init_num_microbatches_calculator
    _configure_global_num_microbatches_calculator(
  File "/pscratch/sd/s/syfan/Megatron-LM/megatron/core/num_microbatches_calculator.py", line 181, in _configure_global_num_microbatches_calculator
    _GLOBAL_NUM_MICROBATCHES_CALCULATOR = _build_num_microbatches_calculator(
                                          ^^^^^^^^^^^^^^^^^^^^^^^^^^^^^^^^^^^
  File "/pscratch/sd/s/syfan/Megatron-LM/megatron/core/num_microbatches_calculator.py", line 220, in _build_num_microbatches_calculator
    num_microbatches_calculator = ConstantNumMicroBatchesCalculator(
                                  ^^^^^^^^^^^^^^^^^^^^^^^^^^^^^^^^^^
  File "/pscratch/sd/s/syfan/Megatron-LM/megatron/core/num_microbatches_calculator.py", line 340, in __init__
    assert global_batch_size % micro_batch_times_data_parallel_size == 0, (
           ^^^^^^^^^^^^^^^^^^^^^^^^^^^^^^^^^^^^^^^^^^^^^^^^^^^^^^^^^^^^^
AssertionError: global batch size (512) is not divisible by micro batch size (8) times data parallel size (128)
Traceback (most recent call last):
  File "/pscratch/sd/s/syfan/Megatron-LM/pretrain_gpt.py", line 335, in <module>
    pretrain(
  File "/pscratch/sd/s/syfan/Megatron-LM/megatron/training/training.py", line 681, in pretrain
    initialize_megatron(
  File "/pscratch/sd/s/syfan/Megatron-LM/megatron/training/initialize.py", line 90, in initialize_megatron
    set_global_variables(args)
  File "/pscratch/sd/s/syfan/Megatron-LM/megatron/training/global_vars.py", line 84, in set_global_variables
    init_num_microbatches_calculator(
  File "/pscratch/sd/s/syfan/Megatron-LM/megatron/core/num_microbatches_calculator.py", line 90, in init_num_microbatches_calculator
    _configure_global_num_microbatches_calculator(
  File "/pscratch/sd/s/syfan/Megatron-LM/megatron/core/num_microbatches_calculator.py", line 181, in _configure_global_num_microbatches_calculator
    _GLOBAL_NUM_MICROBATCHES_CALCULATOR = _build_num_microbatches_calculator(
                                          ^^^^^^^^^^^^^^^^^^^^^^^^^^^^^^^^^^^
  File "/pscratch/sd/s/syfan/Megatron-LM/megatron/core/num_microbatches_calculator.py", line 220, in _build_num_microbatches_calculator
    num_microbatches_calculator = ConstantNumMicroBatchesCalculator(
                                  ^^^^^^^^^^^^^^^^^^^^^^^^^^^^^^^^^^
  File "/pscratch/sd/s/syfan/Megatron-LM/megatron/core/num_microbatches_calculator.py", line 340, in __init__
    assert global_batch_size % micro_batch_times_data_parallel_size == 0, (
           ^^^^^^^^^^^^^^^^^^^^^^^^^^^^^^^^^^^^^^^^^^^^^^^^^^^^^^^^^^^^^
AssertionError: global batch size (512) is not divisible by micro batch size (8) times data parallel size (128)
Traceback (most recent call last):
  File "/pscratch/sd/s/syfan/Megatron-LM/pretrain_gpt.py", line 335, in <module>
Traceback (most recent call last):
  File "/pscratch/sd/s/syfan/Megatron-LM/pretrain_gpt.py", line 335, in <module>
    pretrain(
  File "/pscratch/sd/s/syfan/Megatron-LM/megatron/training/training.py", line 681, in pretrain
    pretrain(
  File "/pscratch/sd/s/syfan/Megatron-LM/megatron/training/training.py", line 681, in pretrain
Traceback (most recent call last):
  File "/pscratch/sd/s/syfan/Megatron-LM/pretrain_gpt.py", line 335, in <module>
    initialize_megatron(
  File "/pscratch/sd/s/syfan/Megatron-LM/megatron/training/initialize.py", line 90, in initialize_megatron
    initialize_megatron(
  File "/pscratch/sd/s/syfan/Megatron-LM/megatron/training/initialize.py", line 90, in initialize_megatron
    set_global_variables(args)
  File "/pscratch/sd/s/syfan/Megatron-LM/megatron/training/global_vars.py", line 84, in set_global_variables
    set_global_variables(args)
  File "/pscratch/sd/s/syfan/Megatron-LM/megatron/training/global_vars.py", line 84, in set_global_variables
    init_num_microbatches_calculator(
  File "/pscratch/sd/s/syfan/Megatron-LM/megatron/core/num_microbatches_calculator.py", line 90, in init_num_microbatches_calculator
    init_num_microbatches_calculator(
  File "/pscratch/sd/s/syfan/Megatron-LM/megatron/core/num_microbatches_calculator.py", line 90, in init_num_microbatches_calculator
    pretrain(
    _configure_global_num_microbatches_calculator(
  File "/pscratch/sd/s/syfan/Megatron-LM/megatron/core/num_microbatches_calculator.py", line 181, in _configure_global_num_microbatches_calculator
  File "/pscratch/sd/s/syfan/Megatron-LM/megatron/training/training.py", line 681, in pretrain
    _configure_global_num_microbatches_calculator(
  File "/pscratch/sd/s/syfan/Megatron-LM/megatron/core/num_microbatches_calculator.py", line 181, in _configure_global_num_microbatches_calculator
    _GLOBAL_NUM_MICROBATCHES_CALCULATOR = _build_num_microbatches_calculator(
                                          ^^^^^^^^^^^^^^^^^^^^    ^_GLOBAL_NUM_MICROBATCHES_CALCULATOR = _build_num_microbatches_calculator(^
^^^^ ^  ^ ^ ^ ^ ^ ^ ^ ^ 
       File "/pscratch/sd/s/syfan/Megatron-LM/megatron/core/num_microbatches_calculator.py", line 220, in _build_num_microbatches_calculator
                          ^^^^^^^^^^^^^^^^^^^^^^^^^^^^^^^^^^^
  File "/pscratch/sd/s/syfan/Megatron-LM/megatron/core/num_microbatches_calculator.py", line 220, in _build_num_microbatches_calculator
        initialize_megatron(num_microbatches_calculator = ConstantNumMicroBatchesCalculator(

                File "/pscratch/sd/s/syfan/Megatron-LM/megatron/training/initialize.py", line 90, in initialize_megatron
                    ^^^^^^^^^^    ^num_microbatches_calculator = ConstantNumMicroBatchesCalculator(^
^^ ^ ^ ^ ^ ^ ^ ^ ^ ^ ^ ^ ^ ^ ^ ^ ^ ^ ^ ^ ^ 
      File "/pscratch/sd/s/syfan/Megatron-LM/megatron/core/num_microbatches_calculator.py", line 340, in __init__
         ^^^^^^^^^^^^^^^^^^^^^^^^^^^^^^^^^^
  File "/pscratch/sd/s/syfan/Megatron-LM/megatron/core/num_microbatches_calculator.py", line 340, in __init__
    set_global_variables(args)
  File "/pscratch/sd/s/syfan/Megatron-LM/megatron/training/global_vars.py", line 84, in set_global_variables
    assert global_batch_size % micro_batch_times_data_parallel_size == 0, (
    assert global_batch_size % micro_batch_times_data_parallel_size == 0, (
           ^^ ^ ^ ^ ^ ^ ^ ^ ^ ^  ^^^^^^^^^^^^^^^^^^^^^^^^    ^^^init_num_microbatches_calculator(^^^
^^^^^^^^^^^^^^^^^^^^^^^^^^^^^^^^^  File "/pscratch/sd/s/syfan/Megatron-LM/megatron/core/num_microbatches_calculator.py", line 90, in init_num_microbatches_calculator
^^^^^^^^^^^^^^^^^^^^^^^^^^^^^^^^^^^
^^^AssertionError^^: ^global batch size (512) is not divisible by micro batch size (8) times data parallel size (128)^
^^^^^^
AssertionError: global batch size (512) is not divisible by micro batch size (8) times data parallel size (128)
    _configure_global_num_microbatches_calculator(
  File "/pscratch/sd/s/syfan/Megatron-LM/megatron/core/num_microbatches_calculator.py", line 181, in _configure_global_num_microbatches_calculator
    _GLOBAL_NUM_MICROBATCHES_CALCULATOR = _build_num_microbatches_calculator(
                                          ^^^^^^^^^^^^^^^^^^^^^^^^^^^^^^^^^^^
  File "/pscratch/sd/s/syfan/Megatron-LM/megatron/core/num_microbatches_calculator.py", line 220, in _build_num_microbatches_calculator
    num_microbatches_calculator = ConstantNumMicroBatchesCalculator(
                                  ^^^^^^^^^^^^^^^^^^^^^^^^^^^^^^^^^^
  File "/pscratch/sd/s/syfan/Megatron-LM/megatron/core/num_microbatches_calculator.py", line 340, in __init__
    assert global_batch_size % micro_batch_times_data_parallel_size == 0, (
           ^^^^^^^^^^^^^^^^^^^^^^^^^^^^^^^^^^^^^^^^^^^^^^^^^^^^^^^^^^^^^
AssertionError: global batch size (512) is not divisible by micro batch size (8) times data parallel size (128)
Traceback (most recent call last):
  File "/pscratch/sd/s/syfan/Megatron-LM/pretrain_gpt.py", line 335, in <module>
    pretrain(
  File "/pscratch/sd/s/syfan/Megatron-LM/megatron/training/training.py", line 681, in pretrain
    initialize_megatron(
  File "/pscratch/sd/s/syfan/Megatron-LM/megatron/training/initialize.py", line 90, in initialize_megatron
    set_global_variables(args)
  File "/pscratch/sd/s/syfan/Megatron-LM/megatron/training/global_vars.py", line 84, in set_global_variables
    init_num_microbatches_calculator(
  File "/pscratch/sd/s/syfan/Megatron-LM/megatron/core/num_microbatches_calculator.py", line 90, in init_num_microbatches_calculator
    _configure_global_num_microbatches_calculator(
  File "/pscratch/sd/s/syfan/Megatron-LM/megatron/core/num_microbatches_calculator.py", line 181, in _configure_global_num_microbatches_calculator
    _GLOBAL_NUM_MICROBATCHES_CALCULATOR = _build_num_microbatches_calculator(
                                          ^^^^^^^^^^^^^^^^^^^^^^^^^^^^^^^^^^^
  File "/pscratch/sd/s/syfan/Megatron-LM/megatron/core/num_microbatches_calculator.py", line 220, in _build_num_microbatches_calculator
    num_microbatches_calculator = ConstantNumMicroBatchesCalculator(
                                  ^^^^^^^^^^^^^^^^^^^^^^^^^^^^^^^^^^
  File "/pscratch/sd/s/syfan/Megatron-LM/megatron/core/num_microbatches_calculator.py", line 340, in __init__
    assert global_batch_size % micro_batch_times_data_parallel_size == 0, (
           ^^^^^^^^^^^^^^^^^^^^^^^^^^^^^^^^^^^^^^^^^^^^^^^^^^^^^^^^^^^^^
AssertionError: global batch size (512) is not divisible by micro batch size (8) times data parallel size (128)
Traceback (most recent call last):
  File "/pscratch/sd/s/syfan/Megatron-LM/pretrain_gpt.py", line 335, in <module>
    pretrain(
  File "/pscratch/sd/s/syfan/Megatron-LM/megatron/training/training.py", line 681, in pretrain
    initialize_megatron(
  File "/pscratch/sd/s/syfan/Megatron-LM/megatron/training/initialize.py", line 90, in initialize_megatron
    set_global_variables(args)
  File "/pscratch/sd/s/syfan/Megatron-LM/megatron/training/global_vars.py", line 84, in set_global_variables
    init_num_microbatches_calculator(
  File "/pscratch/sd/s/syfan/Megatron-LM/megatron/core/num_microbatches_calculator.py", line 90, in init_num_microbatches_calculator
    _configure_global_num_microbatches_calculator(
  File "/pscratch/sd/s/syfan/Megatron-LM/megatron/core/num_microbatches_calculator.py", line 181, in _configure_global_num_microbatches_calculator
    _GLOBAL_NUM_MICROBATCHES_CALCULATOR = _build_num_microbatches_calculator(
                                          ^^^^^^^^^^^^^^^^^^^^^^^^^^^^^^^^^^^
  File "/pscratch/sd/s/syfan/Megatron-LM/megatron/core/num_microbatches_calculator.py", line 220, in _build_num_microbatches_calculator
    num_microbatches_calculator = ConstantNumMicroBatchesCalculator(
                                  ^^^^^^^^^^^^^^^^^^^^^^^^^^^^^^^^^^
  File "/pscratch/sd/s/syfan/Megatron-LM/megatron/core/num_microbatches_calculator.py", line 340, in __init__
    assert global_batch_size % micro_batch_times_data_parallel_size == 0, (
           ^^^^^^^^^^^^^^^^^^^^^^^^^^^^^^^^^^^^^^^^^^^^^^^^^^^^^^^^^^^^^
AssertionError: global batch size (512) is not divisible by micro batch size (8) times data parallel size (128)
Traceback (most recent call last):
  File "/pscratch/sd/s/syfan/Megatron-LM/pretrain_gpt.py", line 335, in <module>
    pretrain(
  File "/pscratch/sd/s/syfan/Megatron-LM/megatron/training/training.py", line 681, in pretrain
    initialize_megatron(
  File "/pscratch/sd/s/syfan/Megatron-LM/megatron/training/initialize.py", line 90, in initialize_megatron
    set_global_variables(args)
  File "/pscratch/sd/s/syfan/Megatron-LM/megatron/training/global_vars.py", line 84, in set_global_variables
    init_num_microbatches_calculator(
  File "/pscratch/sd/s/syfan/Megatron-LM/megatron/core/num_microbatches_calculator.py", line 90, in init_num_microbatches_calculator
    _configure_global_num_microbatches_calculator(
  File "/pscratch/sd/s/syfan/Megatron-LM/megatron/core/num_microbatches_calculator.py", line 181, in _configure_global_num_microbatches_calculator
    _GLOBAL_NUM_MICROBATCHES_CALCULATOR = _build_num_microbatches_calculator(
                                          ^^^^^^^^^^^^^^^^^^^^^^^^^^^^^^^^^^^
  File "/pscratch/sd/s/syfan/Megatron-LM/megatron/core/num_microbatches_calculator.py", line 220, in _build_num_microbatches_calculator
    num_microbatches_calculator = ConstantNumMicroBatchesCalculator(
                                  ^^^^^^^^^^^^^^^^^^^^^^^^^^^^^^^^^^
  File "/pscratch/sd/s/syfan/Megatron-LM/megatron/core/num_microbatches_calculator.py", line 340, in __init__
    assert global_batch_size % micro_batch_times_data_parallel_size == 0, (
           ^^^^^^^^^^^^^^^^^^^^^^^^^^^^^^^^^^^^^^^^^^^^^^^^^^^^^^^^^^^^^
AssertionError: global batch size (512) is not divisible by micro batch size (8) times data parallel size (128)
Traceback (most recent call last):
  File "/pscratch/sd/s/syfan/Megatron-LM/pretrain_gpt.py", line 335, in <module>
    pretrain(
  File "/pscratch/sd/s/syfan/Megatron-LM/megatron/training/training.py", line 681, in pretrain
Traceback (most recent call last):
  File "/pscratch/sd/s/syfan/Megatron-LM/pretrain_gpt.py", line 335, in <module>
    pretrain(
  File "/pscratch/sd/s/syfan/Megatron-LM/megatron/training/training.py", line 681, in pretrain
    initialize_megatron(
  File "/pscratch/sd/s/syfan/Megatron-LM/megatron/training/initialize.py", line 90, in initialize_megatron
    initialize_megatron(
  File "/pscratch/sd/s/syfan/Megatron-LM/megatron/training/initialize.py", line 90, in initialize_megatron
    set_global_variables(args)
  File "/pscratch/sd/s/syfan/Megatron-LM/megatron/training/global_vars.py", line 84, in set_global_variables
    set_global_variables(args)
  File "/pscratch/sd/s/syfan/Megatron-LM/megatron/training/global_vars.py", line 84, in set_global_variables
    init_num_microbatches_calculator(
  File "/pscratch/sd/s/syfan/Megatron-LM/megatron/core/num_microbatches_calculator.py", line 90, in init_num_microbatches_calculator
    init_num_microbatches_calculator(
  File "/pscratch/sd/s/syfan/Megatron-LM/megatron/core/num_microbatches_calculator.py", line 90, in init_num_microbatches_calculator
    _configure_global_num_microbatches_calculator(
  File "/pscratch/sd/s/syfan/Megatron-LM/megatron/core/num_microbatches_calculator.py", line 181, in _configure_global_num_microbatches_calculator
    _configure_global_num_microbatches_calculator(
  File "/pscratch/sd/s/syfan/Megatron-LM/megatron/core/num_microbatches_calculator.py", line 181, in _configure_global_num_microbatches_calculator
    _GLOBAL_NUM_MICROBATCHES_CALCULATOR = _build_num_microbatches_calculator(
                                          ^^^^^^^^^^^^^^^^^^^    ^^_GLOBAL_NUM_MICROBATCHES_CALCULATOR = _build_num_microbatches_calculator(^
^^^ ^ ^ ^ ^ ^ ^ ^^ ^ ^ 
       File "/pscratch/sd/s/syfan/Megatron-LM/megatron/core/num_microbatches_calculator.py", line 220, in _build_num_microbatches_calculator
                           ^^^^^^^^^^^^^^^^^^^^^^^^^^^^^^^^^^^
  File "/pscratch/sd/s/syfan/Megatron-LM/megatron/core/num_microbatches_calculator.py", line 220, in _build_num_microbatches_calculator
    num_microbatches_calculator = ConstantNumMicroBatchesCalculator(
                                  ^^^^^^^^^^^^^^^^^^^^^^^^    ^num_microbatches_calculator = ConstantNumMicroBatchesCalculator(^
^^^ ^ ^ ^ ^ ^ 
       File "/pscratch/sd/s/syfan/Megatron-LM/megatron/core/num_microbatches_calculator.py", line 340, in __init__
                       ^^^^^^^^^^^^^^^^^^^^^^^^^^^^^^^^^^
  File "/pscratch/sd/s/syfan/Megatron-LM/megatron/core/num_microbatches_calculator.py", line 340, in __init__
    assert global_batch_size % micro_batch_times_data_parallel_size == 0, (
    assert global_batch_size % micro_batch_times_data_parallel_size == 0, (
                  ^ ^ ^ ^ ^^^^^^^^^^^^^^^^^^^^^^^^^^^^^^^^^^^^^^^^^^^^^^^^^^^^^^^^^^^^^^^^^^^^^^^^^^^^^^^^^^^^^^^^^^^^^^^^^^^^^^^^^^^^^^
^^^^AssertionError^: ^global batch size (512) is not divisible by micro batch size (8) times data parallel size (128)^^

AssertionError: global batch size (512) is not divisible by micro batch size (8) times data parallel size (128)
Traceback (most recent call last):
  File "/pscratch/sd/s/syfan/Megatron-LM/pretrain_gpt.py", line 335, in <module>
    pretrain(
  File "/pscratch/sd/s/syfan/Megatron-LM/megatron/training/training.py", line 681, in pretrain
    initialize_megatron(
  File "/pscratch/sd/s/syfan/Megatron-LM/megatron/training/initialize.py", line 90, in initialize_megatron
    set_global_variables(args)
  File "/pscratch/sd/s/syfan/Megatron-LM/megatron/training/global_vars.py", line 84, in set_global_variables
    init_num_microbatches_calculator(
  File "/pscratch/sd/s/syfan/Megatron-LM/megatron/core/num_microbatches_calculator.py", line 90, in init_num_microbatches_calculator
    _configure_global_num_microbatches_calculator(
  File "/pscratch/sd/s/syfan/Megatron-LM/megatron/core/num_microbatches_calculator.py", line 181, in _configure_global_num_microbatches_calculator
    _GLOBAL_NUM_MICROBATCHES_CALCULATOR = _build_num_microbatches_calculator(
                                          ^^^^^^^^^^^^^^^^^^^^^^^^^^^^^^^^^^^
  File "/pscratch/sd/s/syfan/Megatron-LM/megatron/core/num_microbatches_calculator.py", line 220, in _build_num_microbatches_calculator
    num_microbatches_calculator = ConstantNumMicroBatchesCalculator(
                                  ^^^^^^^^^^^^^^^^^^^^^^^^^^^^^^^^^^
  File "/pscratch/sd/s/syfan/Megatron-LM/megatron/core/num_microbatches_calculator.py", line 340, in __init__
    assert global_batch_size % micro_batch_times_data_parallel_size == 0, (
           ^^^^^^^^^^^^^^^^^^^^^^^^^^^^^^^^^^^^^^^^^^^^^^^^^^^^^^^^^^^^^
AssertionError: global batch size (512) is not divisible by micro batch size (8) times data parallel size (128)
Traceback (most recent call last):
  File "/pscratch/sd/s/syfan/Megatron-LM/pretrain_gpt.py", line 335, in <module>
    pretrain(
  File "/pscratch/sd/s/syfan/Megatron-LM/megatron/training/training.py", line 681, in pretrain
    initialize_megatron(
  File "/pscratch/sd/s/syfan/Megatron-LM/megatron/training/initialize.py", line 90, in initialize_megatron
    set_global_variables(args)
  File "/pscratch/sd/s/syfan/Megatron-LM/megatron/training/global_vars.py", line 84, in set_global_variables
    init_num_microbatches_calculator(
  File "/pscratch/sd/s/syfan/Megatron-LM/megatron/core/num_microbatches_calculator.py", line 90, in init_num_microbatches_calculator
    _configure_global_num_microbatches_calculator(
  File "/pscratch/sd/s/syfan/Megatron-LM/megatron/core/num_microbatches_calculator.py", line 181, in _configure_global_num_microbatches_calculator
    _GLOBAL_NUM_MICROBATCHES_CALCULATOR = _build_num_microbatches_calculator(
                                          ^^^^^^^^^^^^^^^^^^^^^^^^^^^^^^^^^^^
  File "/pscratch/sd/s/syfan/Megatron-LM/megatron/core/num_microbatches_calculator.py", line 220, in _build_num_microbatches_calculator
    num_microbatches_calculator = ConstantNumMicroBatchesCalculator(
                                  ^^^^^^^^^^^^^^^^^^^^^^^^^^^^^^^^^^
  File "/pscratch/sd/s/syfan/Megatron-LM/megatron/core/num_microbatches_calculator.py", line 340, in __init__
    assert global_batch_size % micro_batch_times_data_parallel_size == 0, (
           ^^^^^^^^^^^^^^^^^^^^^^^^^^^^^^^^^^^^^^^^^^^^^^^^^^^^^^^^^^^^^
AssertionError: global batch size (512) is not divisible by micro batch size (8) times data parallel size (128)
Traceback (most recent call last):
  File "/pscratch/sd/s/syfan/Megatron-LM/pretrain_gpt.py", line 335, in <module>
    pretrain(
  File "/pscratch/sd/s/syfan/Megatron-LM/megatron/training/training.py", line 681, in pretrain
    initialize_megatron(
  File "/pscratch/sd/s/syfan/Megatron-LM/megatron/training/initialize.py", line 90, in initialize_megatron
    set_global_variables(args)
  File "/pscratch/sd/s/syfan/Megatron-LM/megatron/training/global_vars.py", line 84, in set_global_variables
    init_num_microbatches_calculator(
  File "/pscratch/sd/s/syfan/Megatron-LM/megatron/core/num_microbatches_calculator.py", line 90, in init_num_microbatches_calculator
    _configure_global_num_microbatches_calculator(
  File "/pscratch/sd/s/syfan/Megatron-LM/megatron/core/num_microbatches_calculator.py", line 181, in _configure_global_num_microbatches_calculator
    _GLOBAL_NUM_MICROBATCHES_CALCULATOR = _build_num_microbatches_calculator(
                                          ^^^^^^^^^^^^^^^^^^^^^^^^^^^^^^^^^^^
  File "/pscratch/sd/s/syfan/Megatron-LM/megatron/core/num_microbatches_calculator.py", line 220, in _build_num_microbatches_calculator
    num_microbatches_calculator = ConstantNumMicroBatchesCalculator(
                                  ^^^^^^^^^^^^^^^^^^^^^^^^^^^^^^^^^^
  File "/pscratch/sd/s/syfan/Megatron-LM/megatron/core/num_microbatches_calculator.py", line 340, in __init__
    assert global_batch_size % micro_batch_times_data_parallel_size == 0, (
           ^^^^^^^^^^^^^^^^^^^^^^^^^^^^^^^^^^^^^^^^^^^^^^^^^^^^^^^^^^^^^
AssertionError: global batch size (512) is not divisible by micro batch size (8) times data parallel size (128)
Traceback (most recent call last):
  File "/pscratch/sd/s/syfan/Megatron-LM/pretrain_gpt.py", line 335, in <module>
    pretrain(
  File "/pscratch/sd/s/syfan/Megatron-LM/megatron/training/training.py", line 681, in pretrain
    initialize_megatron(
  File "/pscratch/sd/s/syfan/Megatron-LM/megatron/training/initialize.py", line 90, in initialize_megatron
    set_global_variables(args)
  File "/pscratch/sd/s/syfan/Megatron-LM/megatron/training/global_vars.py", line 84, in set_global_variables
    init_num_microbatches_calculator(
  File "/pscratch/sd/s/syfan/Megatron-LM/megatron/core/num_microbatches_calculator.py", line 90, in init_num_microbatches_calculator
    _configure_global_num_microbatches_calculator(
  File "/pscratch/sd/s/syfan/Megatron-LM/megatron/core/num_microbatches_calculator.py", line 181, in _configure_global_num_microbatches_calculator
    _GLOBAL_NUM_MICROBATCHES_CALCULATOR = _build_num_microbatches_calculator(
                                          ^^^^^^^^^^^^^^^^^^^^^^^^^^^^^^^^^^^
  File "/pscratch/sd/s/syfan/Megatron-LM/megatron/core/num_microbatches_calculator.py", line 220, in _build_num_microbatches_calculator
    num_microbatches_calculator = ConstantNumMicroBatchesCalculator(
                                  ^^^^^^^^^^^^^^^^^^^^^^^^^^^^^^^^^^
  File "/pscratch/sd/s/syfan/Megatron-LM/megatron/core/num_microbatches_calculator.py", line 340, in __init__
    assert global_batch_size % micro_batch_times_data_parallel_size == 0, (
           ^^^^^^^^^^^^^^^^^^^^^^^^^^^^^^^^^^^^^^^^^^^^^^^^^^^^^^^^^^^^^
AssertionError: global batch size (512) is not divisible by micro batch size (8) times data parallel size (128)
Traceback (most recent call last):
  File "/pscratch/sd/s/syfan/Megatron-LM/pretrain_gpt.py", line 335, in <module>
    pretrain(
  File "/pscratch/sd/s/syfan/Megatron-LM/megatron/training/training.py", line 681, in pretrain
    initialize_megatron(
  File "/pscratch/sd/s/syfan/Megatron-LM/megatron/training/initialize.py", line 90, in initialize_megatron
    set_global_variables(args)
  File "/pscratch/sd/s/syfan/Megatron-LM/megatron/training/global_vars.py", line 84, in set_global_variables
    init_num_microbatches_calculator(
  File "/pscratch/sd/s/syfan/Megatron-LM/megatron/core/num_microbatches_calculator.py", line 90, in init_num_microbatches_calculator
    _configure_global_num_microbatches_calculator(
  File "/pscratch/sd/s/syfan/Megatron-LM/megatron/core/num_microbatches_calculator.py", line 181, in _configure_global_num_microbatches_calculator
    _GLOBAL_NUM_MICROBATCHES_CALCULATOR = _build_num_microbatches_calculator(
                                          ^^^^^^^^^^^^^^^^^^^^^^^^^^^^^^^^^^^
  File "/pscratch/sd/s/syfan/Megatron-LM/megatron/core/num_microbatches_calculator.py", line 220, in _build_num_microbatches_calculator
    num_microbatches_calculator = ConstantNumMicroBatchesCalculator(
                                  ^^^^^^^^^^^^^^^^^^^^^^^^^^^^^^^^^^
  File "/pscratch/sd/s/syfan/Megatron-LM/megatron/core/num_microbatches_calculator.py", line 340, in __init__
    assert global_batch_size % micro_batch_times_data_parallel_size == 0, (
           ^^^^^^^^^^^^^^^^^^^^^^^^^^^^^^^^^^^^^^^^^^^^^^^^^^^^^^^^^^^^^
AssertionError: global batch size (512) is not divisible by micro batch size (8) times data parallel size (128)
Traceback (most recent call last):
  File "/pscratch/sd/s/syfan/Megatron-LM/pretrain_gpt.py", line 335, in <module>
    pretrain(
  File "/pscratch/sd/s/syfan/Megatron-LM/megatron/training/training.py", line 681, in pretrain
Traceback (most recent call last):
  File "/pscratch/sd/s/syfan/Megatron-LM/pretrain_gpt.py", line 335, in <module>
    pretrain(
  File "/pscratch/sd/s/syfan/Megatron-LM/megatron/training/training.py", line 681, in pretrain
    initialize_megatron(
  File "/pscratch/sd/s/syfan/Megatron-LM/megatron/training/initialize.py", line 90, in initialize_megatron
    initialize_megatron(
  File "/pscratch/sd/s/syfan/Megatron-LM/megatron/training/initialize.py", line 90, in initialize_megatron
    set_global_variables(args)
  File "/pscratch/sd/s/syfan/Megatron-LM/megatron/training/global_vars.py", line 84, in set_global_variables
    set_global_variables(args)
  File "/pscratch/sd/s/syfan/Megatron-LM/megatron/training/global_vars.py", line 84, in set_global_variables
    init_num_microbatches_calculator(
  File "/pscratch/sd/s/syfan/Megatron-LM/megatron/core/num_microbatches_calculator.py", line 90, in init_num_microbatches_calculator
    init_num_microbatches_calculator(
  File "/pscratch/sd/s/syfan/Megatron-LM/megatron/core/num_microbatches_calculator.py", line 90, in init_num_microbatches_calculator
    _configure_global_num_microbatches_calculator(
  File "/pscratch/sd/s/syfan/Megatron-LM/megatron/core/num_microbatches_calculator.py", line 181, in _configure_global_num_microbatches_calculator
    _configure_global_num_microbatches_calculator(
  File "/pscratch/sd/s/syfan/Megatron-LM/megatron/core/num_microbatches_calculator.py", line 181, in _configure_global_num_microbatches_calculator
    _GLOBAL_NUM_MICROBATCHES_CALCULATOR = _build_num_microbatches_calculator(
                                          ^^^^^^^^^^^^^^^^^^^^^^^^^^^^^^^^^^^
  File "/pscratch/sd/s/syfan/Megatron-LM/megatron/core/num_microbatches_calculator.py", line 220, in _build_num_microbatches_calculator
        _GLOBAL_NUM_MICROBATCHES_CALCULATOR = _build_num_microbatches_calculator(num_microbatches_calculator = ConstantNumMicroBatchesCalculator(

                                                                 ^ ^ ^ ^ ^ ^ ^ ^ ^ ^ ^ ^^^^^^^^^^^^^^^^^^^^^^^^^^^^^^^^^^^^^^^^^^^^^^
^^^^  File "/pscratch/sd/s/syfan/Megatron-LM/megatron/core/num_microbatches_calculator.py", line 340, in __init__
^^^^^^^^
  File "/pscratch/sd/s/syfan/Megatron-LM/megatron/core/num_microbatches_calculator.py", line 220, in _build_num_microbatches_calculator
    num_microbatches_calculator = ConstantNumMicroBatchesCalculator(
                                  ^^^^^^^^^^^^^^^^^^^^^^^^^^^^^^^^^^
  File "/pscratch/sd/s/syfan/Megatron-LM/megatron/core/num_microbatches_calculator.py", line 340, in __init__
    assert global_batch_size % micro_batch_times_data_parallel_size == 0, (
    assert global_batch_size % micro_batch_times_data_parallel_size == 0, (
                  ^ ^ ^ ^ ^^^^^^^^^^^^^^^^^^^^^^^^^^^^^^^^^^^^^^^^^^^^^^^^^^^^^^^^^^^^^^^^^^^^^^^^^^^^^^^^^^^^^^^^^^^^^^^^^^^^^^^^^^^^^^^^^^
^^^^AssertionError
: global batch size (512) is not divisible by micro batch size (8) times data parallel size (128)
AssertionError: global batch size (512) is not divisible by micro batch size (8) times data parallel size (128)
Traceback (most recent call last):
  File "/pscratch/sd/s/syfan/Megatron-LM/pretrain_gpt.py", line 335, in <module>
    pretrain(
  File "/pscratch/sd/s/syfan/Megatron-LM/megatron/training/training.py", line 681, in pretrain
    initialize_megatron(
  File "/pscratch/sd/s/syfan/Megatron-LM/megatron/training/initialize.py", line 90, in initialize_megatron
    set_global_variables(args)
  File "/pscratch/sd/s/syfan/Megatron-LM/megatron/training/global_vars.py", line 84, in set_global_variables
    init_num_microbatches_calculator(
  File "/pscratch/sd/s/syfan/Megatron-LM/megatron/core/num_microbatches_calculator.py", line 90, in init_num_microbatches_calculator
    _configure_global_num_microbatches_calculator(
  File "/pscratch/sd/s/syfan/Megatron-LM/megatron/core/num_microbatches_calculator.py", line 181, in _configure_global_num_microbatches_calculator
    _GLOBAL_NUM_MICROBATCHES_CALCULATOR = _build_num_microbatches_calculator(
                                          ^^^^^^^^^^^^^^^^^^^^^^^^^^^^^^^^^^^
  File "/pscratch/sd/s/syfan/Megatron-LM/megatron/core/num_microbatches_calculator.py", line 220, in _build_num_microbatches_calculator
    num_microbatches_calculator = ConstantNumMicroBatchesCalculator(
                                  ^^^^^^^^^^^^^^^^^^^^^^^^^^^^^^^^^^
  File "/pscratch/sd/s/syfan/Megatron-LM/megatron/core/num_microbatches_calculator.py", line 340, in __init__
    assert global_batch_size % micro_batch_times_data_parallel_size == 0, (
           ^^^^^^^^^^^^^^^^^^^^^^^^^^^^^^^^^^^^^^^^^^^^^^^^^^^^^^^^^^^^^
AssertionError: global batch size (512) is not divisible by micro batch size (8) times data parallel size (128)
Traceback (most recent call last):
  File "/pscratch/sd/s/syfan/Megatron-LM/pretrain_gpt.py", line 335, in <module>
    pretrain(
  File "/pscratch/sd/s/syfan/Megatron-LM/megatron/training/training.py", line 681, in pretrain
    initialize_megatron(
  File "/pscratch/sd/s/syfan/Megatron-LM/megatron/training/initialize.py", line 90, in initialize_megatron
    set_global_variables(args)
  File "/pscratch/sd/s/syfan/Megatron-LM/megatron/training/global_vars.py", line 84, in set_global_variables
    init_num_microbatches_calculator(
  File "/pscratch/sd/s/syfan/Megatron-LM/megatron/core/num_microbatches_calculator.py", line 90, in init_num_microbatches_calculator
    _configure_global_num_microbatches_calculator(
  File "/pscratch/sd/s/syfan/Megatron-LM/megatron/core/num_microbatches_calculator.py", line 181, in _configure_global_num_microbatches_calculator
    _GLOBAL_NUM_MICROBATCHES_CALCULATOR = _build_num_microbatches_calculator(
                                          ^^^^^^^^^^^^^^^^^^^^^^^^^^^^^^^^^^^
  File "/pscratch/sd/s/syfan/Megatron-LM/megatron/core/num_microbatches_calculator.py", line 220, in _build_num_microbatches_calculator
    num_microbatches_calculator = ConstantNumMicroBatchesCalculator(
                                  ^^^^^^^^^^^^^^^^^^^^^^^^^^^^^^^^^^
  File "/pscratch/sd/s/syfan/Megatron-LM/megatron/core/num_microbatches_calculator.py", line 340, in __init__
    assert global_batch_size % micro_batch_times_data_parallel_size == 0, (
           ^^^^^^^^^^^^^^^^^^^^^^^^^^^^^^^^^^^^^^^^^^^^^^^^^^^^^^^^^^^^^
AssertionError: global batch size (512) is not divisible by micro batch size (8) times data parallel size (128)
Traceback (most recent call last):
  File "/pscratch/sd/s/syfan/Megatron-LM/pretrain_gpt.py", line 335, in <module>
    pretrain(
  File "/pscratch/sd/s/syfan/Megatron-LM/megatron/training/training.py", line 681, in pretrain
Traceback (most recent call last):
  File "/pscratch/sd/s/syfan/Megatron-LM/pretrain_gpt.py", line 335, in <module>
    pretrain(
  File "/pscratch/sd/s/syfan/Megatron-LM/megatron/training/training.py", line 681, in pretrain
    initialize_megatron(
  File "/pscratch/sd/s/syfan/Megatron-LM/megatron/training/initialize.py", line 90, in initialize_megatron
    initialize_megatron(
  File "/pscratch/sd/s/syfan/Megatron-LM/megatron/training/initialize.py", line 90, in initialize_megatron
Traceback (most recent call last):
  File "/pscratch/sd/s/syfan/Megatron-LM/pretrain_gpt.py", line 335, in <module>
    pretrain(
  File "/pscratch/sd/s/syfan/Megatron-LM/megatron/training/training.py", line 681, in pretrain
    set_global_variables(args)
  File "/pscratch/sd/s/syfan/Megatron-LM/megatron/training/global_vars.py", line 84, in set_global_variables
    set_global_variables(args)
    initialize_megatron(
  File "/pscratch/sd/s/syfan/Megatron-LM/megatron/training/initialize.py", line 90, in initialize_megatron
  File "/pscratch/sd/s/syfan/Megatron-LM/megatron/training/global_vars.py", line 84, in set_global_variables
    set_global_variables(args)
  File "/pscratch/sd/s/syfan/Megatron-LM/megatron/training/global_vars.py", line 84, in set_global_variables
    init_num_microbatches_calculator(
    init_num_microbatches_calculator(  File "/pscratch/sd/s/syfan/Megatron-LM/megatron/core/num_microbatches_calculator.py", line 90, in init_num_microbatches_calculator

  File "/pscratch/sd/s/syfan/Megatron-LM/megatron/core/num_microbatches_calculator.py", line 90, in init_num_microbatches_calculator
    init_num_microbatches_calculator(
  File "/pscratch/sd/s/syfan/Megatron-LM/megatron/core/num_microbatches_calculator.py", line 90, in init_num_microbatches_calculator
        _configure_global_num_microbatches_calculator(_configure_global_num_microbatches_calculator(

  File "/pscratch/sd/s/syfan/Megatron-LM/megatron/core/num_microbatches_calculator.py", line 181, in _configure_global_num_microbatches_calculator
  File "/pscratch/sd/s/syfan/Megatron-LM/megatron/core/num_microbatches_calculator.py", line 181, in _configure_global_num_microbatches_calculator
    _configure_global_num_microbatches_calculator(
  File "/pscratch/sd/s/syfan/Megatron-LM/megatron/core/num_microbatches_calculator.py", line 181, in _configure_global_num_microbatches_calculator
    _GLOBAL_NUM_MICROBATCHES_CALCULATOR = _build_num_microbatches_calculator(
                                          ^^^^^^^^^^^^^^^^^^^^^^^^^^^^^^^^^^^
  File "/pscratch/sd/s/syfan/Megatron-LM/megatron/core/num_microbatches_calculator.py", line 220, in _build_num_microbatches_calculator
    _GLOBAL_NUM_MICROBATCHES_CALCULATOR = _build_num_microbatches_calculator(
                                        _GLOBAL_NUM_MICROBATCHES_CALCULATOR = _build_num_microbatches_calculator( 
          ^ ^  ^ ^     ^ num_microbatches_calculator = ConstantNumMicroBatchesCalculator( 
^  ^  ^    ^  ^   ^  ^  ^   ^  ^  ^  ^  ^ ^ ^  ^   ^  ^  ^ ^  ^  ^   ^  ^   ^  ^  ^  ^  ^  ^  
^^^^^^^^^^  File "/pscratch/sd/s/syfan/Megatron-LM/megatron/core/num_microbatches_calculator.py", line 220, in _build_num_microbatches_calculator
^^^^^^^^^^^^^^^^^^^^^^^^^^^^^^^^^^^^^^^^^^^^^^^^^^^^^^^^^
^^
  File "/pscratch/sd/s/syfan/Megatron-LM/megatron/core/num_microbatches_calculator.py", line 340, in __init__
  File "/pscratch/sd/s/syfan/Megatron-LM/megatron/core/num_microbatches_calculator.py", line 220, in _build_num_microbatches_calculator
    num_microbatches_calculator = ConstantNumMicroBatchesCalculator(
                               num_microbatches_calculator = ConstantNumMicroBatchesCalculator( 
             ^ ^  ^ ^  ^ ^  ^  ^ ^ ^  ^ ^  ^ ^  ^ ^  ^ ^  ^^^^^^^^^^^^^^^^^^^^^^^^^^^^^^^^^^^^^^
^^^^^^^  File "/pscratch/sd/s/syfan/Megatron-LM/megatron/core/num_microbatches_calculator.py", line 340, in __init__
^^^^^
  File "/pscratch/sd/s/syfan/Megatron-LM/megatron/core/num_microbatches_calculator.py", line 340, in __init__
        assert global_batch_size % micro_batch_times_data_parallel_size == 0, (assert global_batch_size % micro_batch_times_data_parallel_size == 0, (

    assert global_batch_size % micro_batch_times_data_parallel_size == 0, (
                          ^ ^  ^^^ ^^ ^^ ^^^ ^^^^^^^^^^^^^^^^^^^^^^^^^^^^^^^^^^^^^^^^^^^^^^^^^^^^^^^^^^^^^^^^^^^^^^^^^^^^^^^^^^^^^^^^^^^^^^^^^^^^^^^^^^^^^^^^^^^^^^^^^^^^^^^^^^^^^^^^^^^^^^^^^^^^^^^^^^
^^^
^AssertionError^: ^global batch size (512) is not divisible by micro batch size (8) times data parallel size (128)AssertionError^
: ^global batch size (512) is not divisible by micro batch size (8) times data parallel size (128)^
^^^^^^^^
AssertionError: global batch size (512) is not divisible by micro batch size (8) times data parallel size (128)
Traceback (most recent call last):
  File "/pscratch/sd/s/syfan/Megatron-LM/pretrain_gpt.py", line 335, in <module>
    pretrain(
  File "/pscratch/sd/s/syfan/Megatron-LM/megatron/training/training.py", line 681, in pretrain
    initialize_megatron(
  File "/pscratch/sd/s/syfan/Megatron-LM/megatron/training/initialize.py", line 90, in initialize_megatron
    set_global_variables(args)
  File "/pscratch/sd/s/syfan/Megatron-LM/megatron/training/global_vars.py", line 84, in set_global_variables
    init_num_microbatches_calculator(
  File "/pscratch/sd/s/syfan/Megatron-LM/megatron/core/num_microbatches_calculator.py", line 90, in init_num_microbatches_calculator
    _configure_global_num_microbatches_calculator(
  File "/pscratch/sd/s/syfan/Megatron-LM/megatron/core/num_microbatches_calculator.py", line 181, in _configure_global_num_microbatches_calculator
    _GLOBAL_NUM_MICROBATCHES_CALCULATOR = _build_num_microbatches_calculator(
                                          ^^^^^^^^^^^^^^^^^^^^^^^^^^^^^^^^^^^
  File "/pscratch/sd/s/syfan/Megatron-LM/megatron/core/num_microbatches_calculator.py", line 220, in _build_num_microbatches_calculator
    num_microbatches_calculator = ConstantNumMicroBatchesCalculator(
                                  ^^^^^^^^^^^^^^^^^^^^^^^^^^^^^^^^^^
  File "/pscratch/sd/s/syfan/Megatron-LM/megatron/core/num_microbatches_calculator.py", line 340, in __init__
    assert global_batch_size % micro_batch_times_data_parallel_size == 0, (
           ^^^^^^^^^^^^^^^^^^^^^^^^^^^^^^^^^^^^^^^^^^^^^^^^^^^^^^^^^^^^^
AssertionError: global batch size (512) is not divisible by micro batch size (8) times data parallel size (128)
Traceback (most recent call last):
  File "/pscratch/sd/s/syfan/Megatron-LM/pretrain_gpt.py", line 335, in <module>
Traceback (most recent call last):
  File "/pscratch/sd/s/syfan/Megatron-LM/pretrain_gpt.py", line 335, in <module>
    pretrain(
  File "/pscratch/sd/s/syfan/Megatron-LM/megatron/training/training.py", line 681, in pretrain
    pretrain(
  File "/pscratch/sd/s/syfan/Megatron-LM/megatron/training/training.py", line 681, in pretrain
    initialize_megatron(
  File "/pscratch/sd/s/syfan/Megatron-LM/megatron/training/initialize.py", line 90, in initialize_megatron
    initialize_megatron(
  File "/pscratch/sd/s/syfan/Megatron-LM/megatron/training/initialize.py", line 90, in initialize_megatron
    set_global_variables(args)
  File "/pscratch/sd/s/syfan/Megatron-LM/megatron/training/global_vars.py", line 84, in set_global_variables
    set_global_variables(args)
  File "/pscratch/sd/s/syfan/Megatron-LM/megatron/training/global_vars.py", line 84, in set_global_variables
    init_num_microbatches_calculator(
  File "/pscratch/sd/s/syfan/Megatron-LM/megatron/core/num_microbatches_calculator.py", line 90, in init_num_microbatches_calculator
    _configure_global_num_microbatches_calculator(
  File "/pscratch/sd/s/syfan/Megatron-LM/megatron/core/num_microbatches_calculator.py", line 181, in _configure_global_num_microbatches_calculator
    init_num_microbatches_calculator(
  File "/pscratch/sd/s/syfan/Megatron-LM/megatron/core/num_microbatches_calculator.py", line 90, in init_num_microbatches_calculator
    _GLOBAL_NUM_MICROBATCHES_CALCULATOR = _build_num_microbatches_calculator(
                  _configure_global_num_microbatches_calculator( 
       File "/pscratch/sd/s/syfan/Megatron-LM/megatron/core/num_microbatches_calculator.py", line 181, in _configure_global_num_microbatches_calculator
                      ^^^^^^^^^^^^^^^^^^^^^^^^^^^^^^^^^^^
  File "/pscratch/sd/s/syfan/Megatron-LM/megatron/core/num_microbatches_calculator.py", line 220, in _build_num_microbatches_calculator
    _GLOBAL_NUM_MICROBATCHES_CALCULATOR = _build_num_microbatches_calculator(
                                          ^^^^^^^^^^^^^^^^    ^num_microbatches_calculator = ConstantNumMicroBatchesCalculator(^
^^^^ ^ ^ ^ ^ ^ ^ ^ ^ ^ ^ ^ ^ ^ 
     File "/pscratch/sd/s/syfan/Megatron-LM/megatron/core/num_microbatches_calculator.py", line 220, in _build_num_microbatches_calculator
                 ^^^^^^^^^^^^^^^^^^^^^^^^^^^^^^^^^^
  File "/pscratch/sd/s/syfan/Megatron-LM/megatron/core/num_microbatches_calculator.py", line 340, in __init__
    num_microbatches_calculator = ConstantNumMicroBatchesCalculator(
                                  ^^^^^^^^^^^^^^^^^^^^^^^^^^^^^^    ^assert global_batch_size % micro_batch_times_data_parallel_size == 0, (^
^^
  File "/pscratch/sd/s/syfan/Megatron-LM/megatron/core/num_microbatches_calculator.py", line 340, in __init__
           ^^^^^^^^^^^^^^^^^^^^^^^^^^^^^^^^^^^^^^^^^^^^^^^^^^^^^^^^^^^^^
AssertionError: global batch size (512) is not divisible by micro batch size (8) times data parallel size (128)
    assert global_batch_size % micro_batch_times_data_parallel_size == 0, (
           ^^^^^^^^^^^^^^^^^^^^^^^^^^^^^^^^^^^^^^^^^^^^^^^^^^^^^^^^^^^^^
AssertionError: global batch size (512) is not divisible by micro batch size (8) times data parallel size (128)
Traceback (most recent call last):
  File "/pscratch/sd/s/syfan/Megatron-LM/pretrain_gpt.py", line 335, in <module>
    pretrain(
  File "/pscratch/sd/s/syfan/Megatron-LM/megatron/training/training.py", line 681, in pretrain
    initialize_megatron(
  File "/pscratch/sd/s/syfan/Megatron-LM/megatron/training/initialize.py", line 90, in initialize_megatron
    set_global_variables(args)
  File "/pscratch/sd/s/syfan/Megatron-LM/megatron/training/global_vars.py", line 84, in set_global_variables
    init_num_microbatches_calculator(
  File "/pscratch/sd/s/syfan/Megatron-LM/megatron/core/num_microbatches_calculator.py", line 90, in init_num_microbatches_calculator
    _configure_global_num_microbatches_calculator(
  File "/pscratch/sd/s/syfan/Megatron-LM/megatron/core/num_microbatches_calculator.py", line 181, in _configure_global_num_microbatches_calculator
    _GLOBAL_NUM_MICROBATCHES_CALCULATOR = _build_num_microbatches_calculator(
                                          ^^^^^^^^^^^^^^^^^^^^^^^^^^^^^^^^^^^
  File "/pscratch/sd/s/syfan/Megatron-LM/megatron/core/num_microbatches_calculator.py", line 220, in _build_num_microbatches_calculator
    num_microbatches_calculator = ConstantNumMicroBatchesCalculator(
                                  ^^^^^^^^^^^^^^^^^^^^^^^^^^^^^^^^^^
  File "/pscratch/sd/s/syfan/Megatron-LM/megatron/core/num_microbatches_calculator.py", line 340, in __init__
    assert global_batch_size % micro_batch_times_data_parallel_size == 0, (
           ^^^^^^^^^^^^^^^^^^^^^^^^^^^^^^^^^^^^^^^^^^^^^^^^^^^^^^^^^^^^^
AssertionError: global batch size (512) is not divisible by micro batch size (8) times data parallel size (128)
Traceback (most recent call last):
  File "/pscratch/sd/s/syfan/Megatron-LM/pretrain_gpt.py", line 335, in <module>
    pretrain(
  File "/pscratch/sd/s/syfan/Megatron-LM/megatron/training/training.py", line 681, in pretrain
    initialize_megatron(
  File "/pscratch/sd/s/syfan/Megatron-LM/megatron/training/initialize.py", line 90, in initialize_megatron
    set_global_variables(args)
  File "/pscratch/sd/s/syfan/Megatron-LM/megatron/training/global_vars.py", line 84, in set_global_variables
    init_num_microbatches_calculator(
  File "/pscratch/sd/s/syfan/Megatron-LM/megatron/core/num_microbatches_calculator.py", line 90, in init_num_microbatches_calculator
    _configure_global_num_microbatches_calculator(
  File "/pscratch/sd/s/syfan/Megatron-LM/megatron/core/num_microbatches_calculator.py", line 181, in _configure_global_num_microbatches_calculator
    _GLOBAL_NUM_MICROBATCHES_CALCULATOR = _build_num_microbatches_calculator(
                                          ^^^^^^^^^^^^^^^^^^^^^^^^^^^^^^^^^^^
  File "/pscratch/sd/s/syfan/Megatron-LM/megatron/core/num_microbatches_calculator.py", line 220, in _build_num_microbatches_calculator
    num_microbatches_calculator = ConstantNumMicroBatchesCalculator(
                                  ^^^^^^^^^^^^^^^^^^^^^^^^^^^^^^^^^^
  File "/pscratch/sd/s/syfan/Megatron-LM/megatron/core/num_microbatches_calculator.py", line 340, in __init__
    assert global_batch_size % micro_batch_times_data_parallel_size == 0, (
           ^^^^^^^^^^^^^^^^^^^^^^^^^^^^^^^^^^^^^^^^^^^^^^^^^^^^^^^^^^^^^
AssertionError: global batch size (512) is not divisible by micro batch size (8) times data parallel size (128)
Traceback (most recent call last):
  File "/pscratch/sd/s/syfan/Megatron-LM/pretrain_gpt.py", line 335, in <module>
    pretrain(
  File "/pscratch/sd/s/syfan/Megatron-LM/megatron/training/training.py", line 681, in pretrain
Traceback (most recent call last):
  File "/pscratch/sd/s/syfan/Megatron-LM/pretrain_gpt.py", line 335, in <module>
    pretrain(
  File "/pscratch/sd/s/syfan/Megatron-LM/megatron/training/training.py", line 681, in pretrain
Traceback (most recent call last):
  File "/pscratch/sd/s/syfan/Megatron-LM/pretrain_gpt.py", line 335, in <module>
    pretrain(
  File "/pscratch/sd/s/syfan/Megatron-LM/megatron/training/training.py", line 681, in pretrain
    initialize_megatron(
      File "/pscratch/sd/s/syfan/Megatron-LM/megatron/training/initialize.py", line 90, in initialize_megatron
initialize_megatron(
  File "/pscratch/sd/s/syfan/Megatron-LM/megatron/training/initialize.py", line 90, in initialize_megatron
    initialize_megatron(
  File "/pscratch/sd/s/syfan/Megatron-LM/megatron/training/initialize.py", line 90, in initialize_megatron
    set_global_variables(args)
    set_global_variables(args)
  File "/pscratch/sd/s/syfan/Megatron-LM/megatron/training/global_vars.py", line 84, in set_global_variables
  File "/pscratch/sd/s/syfan/Megatron-LM/megatron/training/global_vars.py", line 84, in set_global_variables
    set_global_variables(args)
  File "/pscratch/sd/s/syfan/Megatron-LM/megatron/training/global_vars.py", line 84, in set_global_variables
        init_num_microbatches_calculator(init_num_microbatches_calculator(

  File "/pscratch/sd/s/syfan/Megatron-LM/megatron/core/num_microbatches_calculator.py", line 90, in init_num_microbatches_calculator
  File "/pscratch/sd/s/syfan/Megatron-LM/megatron/core/num_microbatches_calculator.py", line 90, in init_num_microbatches_calculator
    init_num_microbatches_calculator(
  File "/pscratch/sd/s/syfan/Megatron-LM/megatron/core/num_microbatches_calculator.py", line 90, in init_num_microbatches_calculator
        _configure_global_num_microbatches_calculator(_configure_global_num_microbatches_calculator(

  File "/pscratch/sd/s/syfan/Megatron-LM/megatron/core/num_microbatches_calculator.py", line 181, in _configure_global_num_microbatches_calculator
  File "/pscratch/sd/s/syfan/Megatron-LM/megatron/core/num_microbatches_calculator.py", line 181, in _configure_global_num_microbatches_calculator
    _configure_global_num_microbatches_calculator(
  File "/pscratch/sd/s/syfan/Megatron-LM/megatron/core/num_microbatches_calculator.py", line 181, in _configure_global_num_microbatches_calculator
        _GLOBAL_NUM_MICROBATCHES_CALCULATOR = _build_num_microbatches_calculator(_GLOBAL_NUM_MICROBATCHES_CALCULATOR = _build_num_microbatches_calculator(

                                                                                  ^ ^ ^^^^^^^^^^^^^^^^^^^^^^^^^^^^^^    ^^^^_GLOBAL_NUM_MICROBATCHES_CALCULATOR = _build_num_microbatches_calculator(^^
^^^^^^ ^^^^ ^^ ^^ ^^ ^^ ^^ ^^ ^^ ^^ ^^^ ^
 ^ ^   File "/pscratch/sd/s/syfan/Megatron-LM/megatron/core/num_microbatches_calculator.py", line 220, in _build_num_microbatches_calculator

      File "/pscratch/sd/s/syfan/Megatron-LM/megatron/core/num_microbatches_calculator.py", line 220, in _build_num_microbatches_calculator
                        ^^^^^^^^^^^^^^^^^^^^^^^^^^^^^^^^^^^
  File "/pscratch/sd/s/syfan/Megatron-LM/megatron/core/num_microbatches_calculator.py", line 220, in _build_num_microbatches_calculator
    num_microbatches_calculator = ConstantNumMicroBatchesCalculator(
    num_microbatches_calculator = ConstantNumMicroBatchesCalculator( 
                                                                  ^ ^^^^^^^^^^^^^^^^^^^^^^^^^    ^^^num_microbatches_calculator = ConstantNumMicroBatchesCalculator(^^
^^^^ ^^ ^^ ^^ ^^^^ ^^ ^^ ^^ ^^ ^^ ^^ ^^ ^^ ^^ ^^ ^^ ^

      File "/pscratch/sd/s/syfan/Megatron-LM/megatron/core/num_microbatches_calculator.py", line 340, in __init__
  File "/pscratch/sd/s/syfan/Megatron-LM/megatron/core/num_microbatches_calculator.py", line 340, in __init__
              ^^^^^^^^^^^^^^^^^^^^^^^^^^^^^^^^^^
  File "/pscratch/sd/s/syfan/Megatron-LM/megatron/core/num_microbatches_calculator.py", line 340, in __init__
    assert global_batch_size % micro_batch_times_data_parallel_size == 0, (        
assert global_batch_size % micro_batch_times_data_parallel_size == 0, (assert global_batch_size % micro_batch_times_data_parallel_size == 0, (

                                 ^^^^^^^^^^^^^^^^^^^^^^^^^^^^^^^^^^^^^^^^^^^^^^^^^^^^^^^^^^^^^^^^^^^^^^^^^^^^^^^^^^^^^^^^^^^^^^^^^^^^^^^^^^^^^^^^^^^^^^^^^^^^^^^^^^^^^^^^^^^^^^^^^^^^^^^^^^^^^^^^^^^^^^^^^^^^^^^^^^^^^
^
^
AssertionErrorAssertionError: : global batch size (512) is not divisible by micro batch size (8) times data parallel size (128)global batch size (512) is not divisible by micro batch size (8) times data parallel size (128)AssertionError

: global batch size (512) is not divisible by micro batch size (8) times data parallel size (128)
Traceback (most recent call last):
  File "/pscratch/sd/s/syfan/Megatron-LM/pretrain_gpt.py", line 335, in <module>
    pretrain(
  File "/pscratch/sd/s/syfan/Megatron-LM/megatron/training/training.py", line 681, in pretrain
    initialize_megatron(
  File "/pscratch/sd/s/syfan/Megatron-LM/megatron/training/initialize.py", line 90, in initialize_megatron
    set_global_variables(args)
  File "/pscratch/sd/s/syfan/Megatron-LM/megatron/training/global_vars.py", line 84, in set_global_variables
    init_num_microbatches_calculator(
  File "/pscratch/sd/s/syfan/Megatron-LM/megatron/core/num_microbatches_calculator.py", line 90, in init_num_microbatches_calculator
    _configure_global_num_microbatches_calculator(
  File "/pscratch/sd/s/syfan/Megatron-LM/megatron/core/num_microbatches_calculator.py", line 181, in _configure_global_num_microbatches_calculator
    _GLOBAL_NUM_MICROBATCHES_CALCULATOR = _build_num_microbatches_calculator(
                                          ^^^^^^^^^^^^^^^^^^^^^^^^^^^^^^^^^^^
  File "/pscratch/sd/s/syfan/Megatron-LM/megatron/core/num_microbatches_calculator.py", line 220, in _build_num_microbatches_calculator
    num_microbatches_calculator = ConstantNumMicroBatchesCalculator(
                                  ^^^^^^^^^^^^^^^^^^^^^^^^^^^^^^^^^^
  File "/pscratch/sd/s/syfan/Megatron-LM/megatron/core/num_microbatches_calculator.py", line 340, in __init__
    assert global_batch_size % micro_batch_times_data_parallel_size == 0, (
           ^^^^^^^^^^^^^^^^^^^^^^^^^^^^^^^^^^^^^^^^^^^^^^^^^^^^^^^^^^^^^
AssertionError: global batch size (512) is not divisible by micro batch size (8) times data parallel size (128)
Traceback (most recent call last):
  File "/pscratch/sd/s/syfan/Megatron-LM/pretrain_gpt.py", line 335, in <module>
    pretrain(
  File "/pscratch/sd/s/syfan/Megatron-LM/megatron/training/training.py", line 681, in pretrain
    initialize_megatron(
  File "/pscratch/sd/s/syfan/Megatron-LM/megatron/training/initialize.py", line 90, in initialize_megatron
    set_global_variables(args)
  File "/pscratch/sd/s/syfan/Megatron-LM/megatron/training/global_vars.py", line 84, in set_global_variables
    init_num_microbatches_calculator(
  File "/pscratch/sd/s/syfan/Megatron-LM/megatron/core/num_microbatches_calculator.py", line 90, in init_num_microbatches_calculator
Traceback (most recent call last):
  File "/pscratch/sd/s/syfan/Megatron-LM/pretrain_gpt.py", line 335, in <module>
    pretrain(
  File "/pscratch/sd/s/syfan/Megatron-LM/megatron/training/training.py", line 681, in pretrain
    _configure_global_num_microbatches_calculator(
  File "/pscratch/sd/s/syfan/Megatron-LM/megatron/core/num_microbatches_calculator.py", line 181, in _configure_global_num_microbatches_calculator
    initialize_megatron(
  File "/pscratch/sd/s/syfan/Megatron-LM/megatron/training/initialize.py", line 90, in initialize_megatron
    _GLOBAL_NUM_MICROBATCHES_CALCULATOR = _build_num_microbatches_calculator(
                                          ^^^^^^^^^^^^^^    ^^set_global_variables(args)^
^^^^^^^^^^^^^^^^^^
  File "/pscratch/sd/s/syfan/Megatron-LM/megatron/core/num_microbatches_calculator.py", line 220, in _build_num_microbatches_calculator
  File "/pscratch/sd/s/syfan/Megatron-LM/megatron/training/global_vars.py", line 84, in set_global_variables
    num_microbatches_calculator = ConstantNumMicroBatchesCalculator(
                                  ^^^^^^^^^^^^^^^^^^^^^^^^^^^^^^^^^^
  File "/pscratch/sd/s/syfan/Megatron-LM/megatron/core/num_microbatches_calculator.py", line 340, in __init__
    init_num_microbatches_calculator(
  File "/pscratch/sd/s/syfan/Megatron-LM/megatron/core/num_microbatches_calculator.py", line 90, in init_num_microbatches_calculator
    _configure_global_num_microbatches_calculator(
  File "/pscratch/sd/s/syfan/Megatron-LM/megatron/core/num_microbatches_calculator.py", line 181, in _configure_global_num_microbatches_calculator
    _GLOBAL_NUM_MICROBATCHES_CALCULATOR = _build_num_microbatches_calculator(
                                          ^^^^^^^^^^^^^^^^^^^^^^^^^^^^^^^^^^^
  File "/pscratch/sd/s/syfan/Megatron-LM/megatron/core/num_microbatches_calculator.py", line 220, in _build_num_microbatches_calculator
    num_microbatches_calculator = ConstantNumMicroBatchesCalculator(
       assert global_batch_size % micro_batch_times_data_parallel_size == 0, ( 
                                       ^ ^ ^^^^^^^^^^^^^^^^^^^^^^^^^^^^^^^^^^^^^^^^^^^^^^^^^^^^^^^^^^^^^^^^
^^^^  File "/pscratch/sd/s/syfan/Megatron-LM/megatron/core/num_microbatches_calculator.py", line 340, in __init__
^^^^^^^^^^^^^^^^^^^^^^^^^
AssertionError: global batch size (512) is not divisible by micro batch size (8) times data parallel size (128)
    assert global_batch_size % micro_batch_times_data_parallel_size == 0, (
           ^^^^^^^^^^^^^^^^^^^^^^^^^^^^^^^^^^^^^^^^^^^^^^^^^^^^^^^^^^^^^
AssertionError: global batch size (512) is not divisible by micro batch size (8) times data parallel size (128)
Traceback (most recent call last):
  File "/pscratch/sd/s/syfan/Megatron-LM/pretrain_gpt.py", line 335, in <module>
    pretrain(
  File "/pscratch/sd/s/syfan/Megatron-LM/megatron/training/training.py", line 681, in pretrain
    initialize_megatron(
  File "/pscratch/sd/s/syfan/Megatron-LM/megatron/training/initialize.py", line 90, in initialize_megatron
    set_global_variables(args)
  File "/pscratch/sd/s/syfan/Megatron-LM/megatron/training/global_vars.py", line 84, in set_global_variables
    init_num_microbatches_calculator(
  File "/pscratch/sd/s/syfan/Megatron-LM/megatron/core/num_microbatches_calculator.py", line 90, in init_num_microbatches_calculator
    _configure_global_num_microbatches_calculator(
  File "/pscratch/sd/s/syfan/Megatron-LM/megatron/core/num_microbatches_calculator.py", line 181, in _configure_global_num_microbatches_calculator
    _GLOBAL_NUM_MICROBATCHES_CALCULATOR = _build_num_microbatches_calculator(
                                          ^^^^^^^^^^^^^^^^^^^^^^^^^^^^^^^^^^^
  File "/pscratch/sd/s/syfan/Megatron-LM/megatron/core/num_microbatches_calculator.py", line 220, in _build_num_microbatches_calculator
    num_microbatches_calculator = ConstantNumMicroBatchesCalculator(
                                  ^^^^^^^^^^^^^^^^^^^^^^^^^^^^^^^^^^
  File "/pscratch/sd/s/syfan/Megatron-LM/megatron/core/num_microbatches_calculator.py", line 340, in __init__
    assert global_batch_size % micro_batch_times_data_parallel_size == 0, (
           ^^^^^^^^^^^^^^^^^^^^^^^^^^^^^^^^^^^^^^^^^^^^^^^^^^^^^^^^^^^^^
AssertionError: global batch size (512) is not divisible by micro batch size (8) times data parallel size (128)
Traceback (most recent call last):
  File "/pscratch/sd/s/syfan/Megatron-LM/pretrain_gpt.py", line 335, in <module>
    pretrain(
  File "/pscratch/sd/s/syfan/Megatron-LM/megatron/training/training.py", line 681, in pretrain
    initialize_megatron(
  File "/pscratch/sd/s/syfan/Megatron-LM/megatron/training/initialize.py", line 90, in initialize_megatron
    set_global_variables(args)
  File "/pscratch/sd/s/syfan/Megatron-LM/megatron/training/global_vars.py", line 84, in set_global_variables
    init_num_microbatches_calculator(
  File "/pscratch/sd/s/syfan/Megatron-LM/megatron/core/num_microbatches_calculator.py", line 90, in init_num_microbatches_calculator
    _configure_global_num_microbatches_calculator(
  File "/pscratch/sd/s/syfan/Megatron-LM/megatron/core/num_microbatches_calculator.py", line 181, in _configure_global_num_microbatches_calculator
    _GLOBAL_NUM_MICROBATCHES_CALCULATOR = _build_num_microbatches_calculator(
                                          ^^^^^^^^^^^^^^^^^^^^^^^^^^^^^^^^^^^
  File "/pscratch/sd/s/syfan/Megatron-LM/megatron/core/num_microbatches_calculator.py", line 220, in _build_num_microbatches_calculator
    num_microbatches_calculator = ConstantNumMicroBatchesCalculator(
                                  ^^^^^^^^^^^^^^^^^^^^^^^^^^^^^^^^^^
  File "/pscratch/sd/s/syfan/Megatron-LM/megatron/core/num_microbatches_calculator.py", line 340, in __init__
    assert global_batch_size % micro_batch_times_data_parallel_size == 0, (
           ^^^^^^^^^^^^^^^^^^^^^^^^^^^^^^^^^^^^^^^^^^^^^^^^^^^^^^^^^^^^^
AssertionError: global batch size (512) is not divisible by micro batch size (8) times data parallel size (128)
Traceback (most recent call last):
  File "/pscratch/sd/s/syfan/Megatron-LM/pretrain_gpt.py", line 335, in <module>
    pretrain(
  File "/pscratch/sd/s/syfan/Megatron-LM/megatron/training/training.py", line 681, in pretrain
    initialize_megatron(
  File "/pscratch/sd/s/syfan/Megatron-LM/megatron/training/initialize.py", line 90, in initialize_megatron
    set_global_variables(args)
  File "/pscratch/sd/s/syfan/Megatron-LM/megatron/training/global_vars.py", line 84, in set_global_variables
    init_num_microbatches_calculator(
  File "/pscratch/sd/s/syfan/Megatron-LM/megatron/core/num_microbatches_calculator.py", line 90, in init_num_microbatches_calculator
    _configure_global_num_microbatches_calculator(
  File "/pscratch/sd/s/syfan/Megatron-LM/megatron/core/num_microbatches_calculator.py", line 181, in _configure_global_num_microbatches_calculator
    _GLOBAL_NUM_MICROBATCHES_CALCULATOR = _build_num_microbatches_calculator(
                                          ^^^^^^^^^^^^^^^^^^^^^^^^^^^^^^^^^^^
  File "/pscratch/sd/s/syfan/Megatron-LM/megatron/core/num_microbatches_calculator.py", line 220, in _build_num_microbatches_calculator
    num_microbatches_calculator = ConstantNumMicroBatchesCalculator(
                                  ^^^^^^^^^^^^^^^^^^^^^^^^^^^^^^^^^^
  File "/pscratch/sd/s/syfan/Megatron-LM/megatron/core/num_microbatches_calculator.py", line 340, in __init__
    assert global_batch_size % micro_batch_times_data_parallel_size == 0, (
           ^^^^^^^^^^^^^^^^^^^^^^^^^^^^^^^^^^^^^^^^^^^^^^^^^^^^^^^^^^^^^
AssertionError: global batch size (512) is not divisible by micro batch size (8) times data parallel size (128)
Traceback (most recent call last):
  File "/pscratch/sd/s/syfan/Megatron-LM/pretrain_gpt.py", line 335, in <module>
    pretrain(
  File "/pscratch/sd/s/syfan/Megatron-LM/megatron/training/training.py", line 681, in pretrain
    initialize_megatron(
  File "/pscratch/sd/s/syfan/Megatron-LM/megatron/training/initialize.py", line 90, in initialize_megatron
    set_global_variables(args)
  File "/pscratch/sd/s/syfan/Megatron-LM/megatron/training/global_vars.py", line 84, in set_global_variables
    init_num_microbatches_calculator(
  File "/pscratch/sd/s/syfan/Megatron-LM/megatron/core/num_microbatches_calculator.py", line 90, in init_num_microbatches_calculator
    _configure_global_num_microbatches_calculator(
  File "/pscratch/sd/s/syfan/Megatron-LM/megatron/core/num_microbatches_calculator.py", line 181, in _configure_global_num_microbatches_calculator
    _GLOBAL_NUM_MICROBATCHES_CALCULATOR = _build_num_microbatches_calculator(
                                          ^^^^^^^^^^^^^^^^^^^^^^^^^^^^^^^^^^^
  File "/pscratch/sd/s/syfan/Megatron-LM/megatron/core/num_microbatches_calculator.py", line 220, in _build_num_microbatches_calculator
    num_microbatches_calculator = ConstantNumMicroBatchesCalculator(
                                  ^^^^^^^^^^^^^^^^^^^^^^^^^^^^^^^^^^
  File "/pscratch/sd/s/syfan/Megatron-LM/megatron/core/num_microbatches_calculator.py", line 340, in __init__
    assert global_batch_size % micro_batch_times_data_parallel_size == 0, (
           ^^^^^^^^^^^^^^^^^^^^^^^^^^^^^^^^^^^^^^^^^^^^^^^^^^^^^^^^^^^^^
AssertionError: global batch size (512) is not divisible by micro batch size (8) times data parallel size (128)
Traceback (most recent call last):
  File "/pscratch/sd/s/syfan/Megatron-LM/pretrain_gpt.py", line 335, in <module>
    pretrain(
  File "/pscratch/sd/s/syfan/Megatron-LM/megatron/training/training.py", line 681, in pretrain
    initialize_megatron(
  File "/pscratch/sd/s/syfan/Megatron-LM/megatron/training/initialize.py", line 90, in initialize_megatron
    set_global_variables(args)
  File "/pscratch/sd/s/syfan/Megatron-LM/megatron/training/global_vars.py", line 84, in set_global_variables
    init_num_microbatches_calculator(
  File "/pscratch/sd/s/syfan/Megatron-LM/megatron/core/num_microbatches_calculator.py", line 90, in init_num_microbatches_calculator
    _configure_global_num_microbatches_calculator(
  File "/pscratch/sd/s/syfan/Megatron-LM/megatron/core/num_microbatches_calculator.py", line 181, in _configure_global_num_microbatches_calculator
    _GLOBAL_NUM_MICROBATCHES_CALCULATOR = _build_num_microbatches_calculator(
                                          ^^^^^^^^^^^^^^^^^^^^^^^^^^^^^^^^^^^
  File "/pscratch/sd/s/syfan/Megatron-LM/megatron/core/num_microbatches_calculator.py", line 220, in _build_num_microbatches_calculator
    num_microbatches_calculator = ConstantNumMicroBatchesCalculator(
                                  ^^^^^^^^^^^^^^^^^^^^^^^^^^^^^^^^^^
  File "/pscratch/sd/s/syfan/Megatron-LM/megatron/core/num_microbatches_calculator.py", line 340, in __init__
    assert global_batch_size % micro_batch_times_data_parallel_size == 0, (
           ^^^^^^^^^^^^^^^^^^^^^^^^^^^^^^^^^^^^^^^^^^^^^^^^^^^^^^^^^^^^^
AssertionError: global batch size (512) is not divisible by micro batch size (8) times data parallel size (128)
Traceback (most recent call last):
  File "/pscratch/sd/s/syfan/Megatron-LM/pretrain_gpt.py", line 335, in <module>
    pretrain(
  File "/pscratch/sd/s/syfan/Megatron-LM/megatron/training/training.py", line 681, in pretrain
    initialize_megatron(
  File "/pscratch/sd/s/syfan/Megatron-LM/megatron/training/initialize.py", line 90, in initialize_megatron
    set_global_variables(args)
  File "/pscratch/sd/s/syfan/Megatron-LM/megatron/training/global_vars.py", line 84, in set_global_variables
    init_num_microbatches_calculator(
  File "/pscratch/sd/s/syfan/Megatron-LM/megatron/core/num_microbatches_calculator.py", line 90, in init_num_microbatches_calculator
    _configure_global_num_microbatches_calculator(
  File "/pscratch/sd/s/syfan/Megatron-LM/megatron/core/num_microbatches_calculator.py", line 181, in _configure_global_num_microbatches_calculator
    _GLOBAL_NUM_MICROBATCHES_CALCULATOR = _build_num_microbatches_calculator(
                                          ^^^^^^^^^^^^^^^^^^^^^^^^^^^^^^^^^^^
  File "/pscratch/sd/s/syfan/Megatron-LM/megatron/core/num_microbatches_calculator.py", line 220, in _build_num_microbatches_calculator
    num_microbatches_calculator = ConstantNumMicroBatchesCalculator(
                                  ^^^^^^^^^^^^^^^^^^^^^^^^^^^^^^^^^^
  File "/pscratch/sd/s/syfan/Megatron-LM/megatron/core/num_microbatches_calculator.py", line 340, in __init__
    assert global_batch_size % micro_batch_times_data_parallel_size == 0, (
           ^^^^^^^^^^^^^^^^^^^^^^^^^^^^^^^^^^^^^^^^^^^^^^^^^^^^^^^^^^^^^
AssertionError: global batch size (512) is not divisible by micro batch size (8) times data parallel size (128)
Traceback (most recent call last):
  File "/pscratch/sd/s/syfan/Megatron-LM/pretrain_gpt.py", line 335, in <module>
    pretrain(
  File "/pscratch/sd/s/syfan/Megatron-LM/megatron/training/training.py", line 681, in pretrain
    initialize_megatron(
  File "/pscratch/sd/s/syfan/Megatron-LM/megatron/training/initialize.py", line 90, in initialize_megatron
    set_global_variables(args)
  File "/pscratch/sd/s/syfan/Megatron-LM/megatron/training/global_vars.py", line 84, in set_global_variables
    init_num_microbatches_calculator(
  File "/pscratch/sd/s/syfan/Megatron-LM/megatron/core/num_microbatches_calculator.py", line 90, in init_num_microbatches_calculator
    _configure_global_num_microbatches_calculator(
  File "/pscratch/sd/s/syfan/Megatron-LM/megatron/core/num_microbatches_calculator.py", line 181, in _configure_global_num_microbatches_calculator
    _GLOBAL_NUM_MICROBATCHES_CALCULATOR = _build_num_microbatches_calculator(
                                          ^^^^^^^^^^^^^^^^^^^^^^^^^^^^^^^^^^^
  File "/pscratch/sd/s/syfan/Megatron-LM/megatron/core/num_microbatches_calculator.py", line 220, in _build_num_microbatches_calculator
    num_microbatches_calculator = ConstantNumMicroBatchesCalculator(
                                  ^^^^^^^^^^^^^^^^^^^^^^^^^^^^^^^^^^
  File "/pscratch/sd/s/syfan/Megatron-LM/megatron/core/num_microbatches_calculator.py", line 340, in __init__
    assert global_batch_size % micro_batch_times_data_parallel_size == 0, (
           ^^^^^^^^^^^^^^^^^^^^^^^^^^^^^^^^^^^^^^^^^^^^^^^^^^^^^^^^^^^^^
AssertionError: global batch size (512) is not divisible by micro batch size (8) times data parallel size (128)
Traceback (most recent call last):
  File "/pscratch/sd/s/syfan/Megatron-LM/pretrain_gpt.py", line 335, in <module>
    pretrain(
  File "/pscratch/sd/s/syfan/Megatron-LM/megatron/training/training.py", line 681, in pretrain
Traceback (most recent call last):
  File "/pscratch/sd/s/syfan/Megatron-LM/pretrain_gpt.py", line 335, in <module>
    pretrain(
  File "/pscratch/sd/s/syfan/Megatron-LM/megatron/training/training.py", line 681, in pretrain
    initialize_megatron(
  File "/pscratch/sd/s/syfan/Megatron-LM/megatron/training/initialize.py", line 90, in initialize_megatron
    set_global_variables(args)
  File "/pscratch/sd/s/syfan/Megatron-LM/megatron/training/global_vars.py", line 84, in set_global_variables
    initialize_megatron(
  File "/pscratch/sd/s/syfan/Megatron-LM/megatron/training/initialize.py", line 90, in initialize_megatron
    init_num_microbatches_calculator(
  File "/pscratch/sd/s/syfan/Megatron-LM/megatron/core/num_microbatches_calculator.py", line 90, in init_num_microbatches_calculator
    set_global_variables(args)
  File "/pscratch/sd/s/syfan/Megatron-LM/megatron/training/global_vars.py", line 84, in set_global_variables
    _configure_global_num_microbatches_calculator(
  File "/pscratch/sd/s/syfan/Megatron-LM/megatron/core/num_microbatches_calculator.py", line 181, in _configure_global_num_microbatches_calculator
    init_num_microbatches_calculator(
  File "/pscratch/sd/s/syfan/Megatron-LM/megatron/core/num_microbatches_calculator.py", line 90, in init_num_microbatches_calculator
    _GLOBAL_NUM_MICROBATCHES_CALCULATOR = _build_num_microbatches_calculator(
                                          ^^^^^^^^^^^^^^^^^^^^^^^^^^^^^^^^^^^
  File "/pscratch/sd/s/syfan/Megatron-LM/megatron/core/num_microbatches_calculator.py", line 220, in _build_num_microbatches_calculator
    num_microbatches_calculator = ConstantNumMicroBatchesCalculator(
                                  ^^^^^^^^^^^^^^^^^^^^^^^^^^^^^^^^^^
  File "/pscratch/sd/s/syfan/Megatron-LM/megatron/core/num_microbatches_calculator.py", line 340, in __init__
    _configure_global_num_microbatches_calculator(
  File "/pscratch/sd/s/syfan/Megatron-LM/megatron/core/num_microbatches_calculator.py", line 181, in _configure_global_num_microbatches_calculator
    assert global_batch_size % micro_batch_times_data_parallel_size == 0, (
           ^^^^^^^^^^^^^^^^^^^^^^^^^^^^^^^^^^^^^^^^^^^^^^^^^^^^^^^^^^^^^
AssertionError: global batch size (512) is not divisible by micro batch size (8) times data parallel size (128)
    _GLOBAL_NUM_MICROBATCHES_CALCULATOR = _build_num_microbatches_calculator(
                                          ^^^^^^^^^^^^^^^^^^^^^^^^^^^^^^^^^^^
  File "/pscratch/sd/s/syfan/Megatron-LM/megatron/core/num_microbatches_calculator.py", line 220, in _build_num_microbatches_calculator
    num_microbatches_calculator = ConstantNumMicroBatchesCalculator(
                                  ^^^^^^^^^^^^^^^^^^^^^^^^^^^^^^^^^^
  File "/pscratch/sd/s/syfan/Megatron-LM/megatron/core/num_microbatches_calculator.py", line 340, in __init__
    assert global_batch_size % micro_batch_times_data_parallel_size == 0, (
           ^^^^^^^^^^^^^^^^^^^^^^^^^^^^^^^^^^^^^^^^^^^^^^^^^^^^^^^^^^^^^
AssertionError: global batch size (512) is not divisible by micro batch size (8) times data parallel size (128)
Traceback (most recent call last):
  File "/pscratch/sd/s/syfan/Megatron-LM/pretrain_gpt.py", line 335, in <module>
    pretrain(
  File "/pscratch/sd/s/syfan/Megatron-LM/megatron/training/training.py", line 681, in pretrain
Traceback (most recent call last):
  File "/pscratch/sd/s/syfan/Megatron-LM/pretrain_gpt.py", line 335, in <module>
Traceback (most recent call last):
  File "/pscratch/sd/s/syfan/Megatron-LM/pretrain_gpt.py", line 335, in <module>
    pretrain(
  File "/pscratch/sd/s/syfan/Megatron-LM/megatron/training/training.py", line 681, in pretrain
    pretrain(
  File "/pscratch/sd/s/syfan/Megatron-LM/megatron/training/training.py", line 681, in pretrain
    initialize_megatron(    
initialize_megatron(
  File "/pscratch/sd/s/syfan/Megatron-LM/megatron/training/initialize.py", line 90, in initialize_megatron
  File "/pscratch/sd/s/syfan/Megatron-LM/megatron/training/initialize.py", line 90, in initialize_megatron
    initialize_megatron(
  File "/pscratch/sd/s/syfan/Megatron-LM/megatron/training/initialize.py", line 90, in initialize_megatron
        set_global_variables(args)set_global_variables(args)

  File "/pscratch/sd/s/syfan/Megatron-LM/megatron/training/global_vars.py", line 84, in set_global_variables
  File "/pscratch/sd/s/syfan/Megatron-LM/megatron/training/global_vars.py", line 84, in set_global_variables
    set_global_variables(args)
  File "/pscratch/sd/s/syfan/Megatron-LM/megatron/training/global_vars.py", line 84, in set_global_variables
        init_num_microbatches_calculator(init_num_microbatches_calculator(

  File "/pscratch/sd/s/syfan/Megatron-LM/megatron/core/num_microbatches_calculator.py", line 90, in init_num_microbatches_calculator
  File "/pscratch/sd/s/syfan/Megatron-LM/megatron/core/num_microbatches_calculator.py", line 90, in init_num_microbatches_calculator
    init_num_microbatches_calculator(
  File "/pscratch/sd/s/syfan/Megatron-LM/megatron/core/num_microbatches_calculator.py", line 90, in init_num_microbatches_calculator
        _configure_global_num_microbatches_calculator(_configure_global_num_microbatches_calculator(

  File "/pscratch/sd/s/syfan/Megatron-LM/megatron/core/num_microbatches_calculator.py", line 181, in _configure_global_num_microbatches_calculator
  File "/pscratch/sd/s/syfan/Megatron-LM/megatron/core/num_microbatches_calculator.py", line 181, in _configure_global_num_microbatches_calculator
    _configure_global_num_microbatches_calculator(
  File "/pscratch/sd/s/syfan/Megatron-LM/megatron/core/num_microbatches_calculator.py", line 181, in _configure_global_num_microbatches_calculator
    _GLOBAL_NUM_MICROBATCHES_CALCULATOR = _build_num_microbatches_calculator(
                                          ^^^^^^^^^^^^^^^^^^^^^^^^^^^^^^^^    ^_GLOBAL_NUM_MICROBATCHES_CALCULATOR = _build_num_microbatches_calculator(^
^
    File "/pscratch/sd/s/syfan/Megatron-LM/megatron/core/num_microbatches_calculator.py", line 220, in _build_num_microbatches_calculator
                                        ^^^^^^^^^^^^^^^^^^^^^^^^^^^    ^^_GLOBAL_NUM_MICROBATCHES_CALCULATOR = _build_num_microbatches_calculator(^
^^^^ ^ 
       File "/pscratch/sd/s/syfan/Megatron-LM/megatron/core/num_microbatches_calculator.py", line 220, in _build_num_microbatches_calculator
                           num_microbatches_calculator = ConstantNumMicroBatchesCalculator( 
                     ^ ^ ^ ^ ^ ^ ^ ^ ^ ^ ^ ^ ^ ^ ^ ^ ^  ^ ^ ^ ^ ^ ^ ^^^^^^^^^^^^^^^^    ^^^num_microbatches_calculator = ConstantNumMicroBatchesCalculator(^^
^^^
 ^ ^ ^  File "/pscratch/sd/s/syfan/Megatron-LM/megatron/core/num_microbatches_calculator.py", line 220, in _build_num_microbatches_calculator
 ^ ^ ^ ^ ^ ^ ^ ^ ^ ^ ^ ^  ^ ^ ^ ^ ^ ^ ^ 
      File "/pscratch/sd/s/syfan/Megatron-LM/megatron/core/num_microbatches_calculator.py", line 340, in __init__
      ^^^^^^^^^^^^^^^^^^^^^^^^^^^^^^^^^^
  File "/pscratch/sd/s/syfan/Megatron-LM/megatron/core/num_microbatches_calculator.py", line 340, in __init__
    num_microbatches_calculator = ConstantNumMicroBatchesCalculator(
                                  ^^^^^^^^^^^^^^^^^^^^^^^^^^^^^^^^^^
  File "/pscratch/sd/s/syfan/Megatron-LM/megatron/core/num_microbatches_calculator.py", line 340, in __init__
        assert global_batch_size % micro_batch_times_data_parallel_size == 0, (assert global_batch_size % micro_batch_times_data_parallel_size == 0, (

    assert global_batch_size % micro_batch_times_data_parallel_size == 0, (
                             ^ ^^ ^^^ ^^^^ ^^^^^^^^^^^^^^^^^^^^^^^^^^^^^^^^^^^^^^^^^^^^^^^^^^^^^^^^^^^^^^^^^^^^^^^^^^^^^^^^^^^^^^^^^^^^^^^^^^^^^^^^^^^^^^^^^^^^^^^^^^^^^^^^^^^^^^^^^^^^^^^^^^^^^^^^^^^^^^^^^^^^^^
^
^^AssertionError^AssertionError^: : ^global batch size (512) is not divisible by micro batch size (8) times data parallel size (128)global batch size (512) is not divisible by micro batch size (8) times data parallel size (128)^


AssertionError: global batch size (512) is not divisible by micro batch size (8) times data parallel size (128)
Traceback (most recent call last):
  File "/pscratch/sd/s/syfan/Megatron-LM/pretrain_gpt.py", line 335, in <module>
    pretrain(
  File "/pscratch/sd/s/syfan/Megatron-LM/megatron/training/training.py", line 681, in pretrain
    initialize_megatron(
  File "/pscratch/sd/s/syfan/Megatron-LM/megatron/training/initialize.py", line 90, in initialize_megatron
    set_global_variables(args)
  File "/pscratch/sd/s/syfan/Megatron-LM/megatron/training/global_vars.py", line 84, in set_global_variables
    init_num_microbatches_calculator(
  File "/pscratch/sd/s/syfan/Megatron-LM/megatron/core/num_microbatches_calculator.py", line 90, in init_num_microbatches_calculator
    _configure_global_num_microbatches_calculator(
  File "/pscratch/sd/s/syfan/Megatron-LM/megatron/core/num_microbatches_calculator.py", line 181, in _configure_global_num_microbatches_calculator
    _GLOBAL_NUM_MICROBATCHES_CALCULATOR = _build_num_microbatches_calculator(
                                          ^^^^^^^^^^^^^^^^^^^^^^^^^^^^^^^^^^^
  File "/pscratch/sd/s/syfan/Megatron-LM/megatron/core/num_microbatches_calculator.py", line 220, in _build_num_microbatches_calculator
    num_microbatches_calculator = ConstantNumMicroBatchesCalculator(
                                  ^^^^^^^^^^^^^^^^^^^^^^^^^^^^^^^^^^
  File "/pscratch/sd/s/syfan/Megatron-LM/megatron/core/num_microbatches_calculator.py", line 340, in __init__
    assert global_batch_size % micro_batch_times_data_parallel_size == 0, (
           ^^^^^^^^^^^^^^^^^^^^^^^^^^^^^^^^^^^^^^^^^^^^^^^^^^^^^^^^^^^^^
AssertionError: global batch size (512) is not divisible by micro batch size (8) times data parallel size (128)
Traceback (most recent call last):
  File "/pscratch/sd/s/syfan/Megatron-LM/pretrain_gpt.py", line 335, in <module>
    pretrain(
  File "/pscratch/sd/s/syfan/Megatron-LM/megatron/training/training.py", line 681, in pretrain
    initialize_megatron(
  File "/pscratch/sd/s/syfan/Megatron-LM/megatron/training/initialize.py", line 90, in initialize_megatron
    set_global_variables(args)
  File "/pscratch/sd/s/syfan/Megatron-LM/megatron/training/global_vars.py", line 84, in set_global_variables
    init_num_microbatches_calculator(
  File "/pscratch/sd/s/syfan/Megatron-LM/megatron/core/num_microbatches_calculator.py", line 90, in init_num_microbatches_calculator
    _configure_global_num_microbatches_calculator(
  File "/pscratch/sd/s/syfan/Megatron-LM/megatron/core/num_microbatches_calculator.py", line 181, in _configure_global_num_microbatches_calculator
    _GLOBAL_NUM_MICROBATCHES_CALCULATOR = _build_num_microbatches_calculator(
                                          ^^^^^^^^^^^^^^^^^^^^^^^^^^^^^^^^^^^
  File "/pscratch/sd/s/syfan/Megatron-LM/megatron/core/num_microbatches_calculator.py", line 220, in _build_num_microbatches_calculator
    num_microbatches_calculator = ConstantNumMicroBatchesCalculator(
                                  ^^^^^^^^^^^^^^^^^^^^^^^^^^^^^^^^^^
  File "/pscratch/sd/s/syfan/Megatron-LM/megatron/core/num_microbatches_calculator.py", line 340, in __init__
    assert global_batch_size % micro_batch_times_data_parallel_size == 0, (
           ^^^^^^^^^^^^^^^^^^^^^^^^^^^^^^^^^^^^^^^^^^^^^^^^^^^^^^^^^^^^^
AssertionError: global batch size (512) is not divisible by micro batch size (8) times data parallel size (128)
Traceback (most recent call last):
  File "/pscratch/sd/s/syfan/Megatron-LM/pretrain_gpt.py", line 335, in <module>
    pretrain(
  File "/pscratch/sd/s/syfan/Megatron-LM/megatron/training/training.py", line 681, in pretrain
    initialize_megatron(
  File "/pscratch/sd/s/syfan/Megatron-LM/megatron/training/initialize.py", line 90, in initialize_megatron
    set_global_variables(args)
  File "/pscratch/sd/s/syfan/Megatron-LM/megatron/training/global_vars.py", line 84, in set_global_variables
    init_num_microbatches_calculator(
  File "/pscratch/sd/s/syfan/Megatron-LM/megatron/core/num_microbatches_calculator.py", line 90, in init_num_microbatches_calculator
    _configure_global_num_microbatches_calculator(
  File "/pscratch/sd/s/syfan/Megatron-LM/megatron/core/num_microbatches_calculator.py", line 181, in _configure_global_num_microbatches_calculator
    _GLOBAL_NUM_MICROBATCHES_CALCULATOR = _build_num_microbatches_calculator(
                                          ^^^^^^^^^^^^^^^^^^^^^^^^^^^^^^^^^^^
  File "/pscratch/sd/s/syfan/Megatron-LM/megatron/core/num_microbatches_calculator.py", line 220, in _build_num_microbatches_calculator
    num_microbatches_calculator = ConstantNumMicroBatchesCalculator(
                                  ^^^^^^^^^^^^^^^^^^^^^^^^^^^^^^^^^^
  File "/pscratch/sd/s/syfan/Megatron-LM/megatron/core/num_microbatches_calculator.py", line 340, in __init__
    assert global_batch_size % micro_batch_times_data_parallel_size == 0, (
           ^^^^^^^^^^^^^^^^^^^^^^^^^^^^^^^^^^^^^^^^^^^^^^^^^^^^^^^^^^^^^
AssertionError: global batch size (512) is not divisible by micro batch size (8) times data parallel size (128)
Traceback (most recent call last):
  File "/pscratch/sd/s/syfan/Megatron-LM/pretrain_gpt.py", line 335, in <module>
    pretrain(
  File "/pscratch/sd/s/syfan/Megatron-LM/megatron/training/training.py", line 681, in pretrain
    initialize_megatron(
  File "/pscratch/sd/s/syfan/Megatron-LM/megatron/training/initialize.py", line 90, in initialize_megatron
    set_global_variables(args)
  File "/pscratch/sd/s/syfan/Megatron-LM/megatron/training/global_vars.py", line 84, in set_global_variables
    init_num_microbatches_calculator(
  File "/pscratch/sd/s/syfan/Megatron-LM/megatron/core/num_microbatches_calculator.py", line 90, in init_num_microbatches_calculator
    _configure_global_num_microbatches_calculator(
  File "/pscratch/sd/s/syfan/Megatron-LM/megatron/core/num_microbatches_calculator.py", line 181, in _configure_global_num_microbatches_calculator
    _GLOBAL_NUM_MICROBATCHES_CALCULATOR = _build_num_microbatches_calculator(
                                          ^^^^^^^^^^^^^^^^^^^^^^^^^^^^^^^^^^^
  File "/pscratch/sd/s/syfan/Megatron-LM/megatron/core/num_microbatches_calculator.py", line 220, in _build_num_microbatches_calculator
    num_microbatches_calculator = ConstantNumMicroBatchesCalculator(
                                  ^^^^^^^^^^^^^^^^^^^^^^^^^^^^^^^^^^
  File "/pscratch/sd/s/syfan/Megatron-LM/megatron/core/num_microbatches_calculator.py", line 340, in __init__
    assert global_batch_size % micro_batch_times_data_parallel_size == 0, (
           ^^^^^^^^^^^^^^^^^^^^^^^^^^^^^^^^^^^^^^^^^^^^^^^^^^^^^^^^^^^^^
AssertionError: global batch size (512) is not divisible by micro batch size (8) times data parallel size (128)
Traceback (most recent call last):
  File "/pscratch/sd/s/syfan/Megatron-LM/pretrain_gpt.py", line 335, in <module>
    pretrain(
  File "/pscratch/sd/s/syfan/Megatron-LM/megatron/training/training.py", line 681, in pretrain
    initialize_megatron(
  File "/pscratch/sd/s/syfan/Megatron-LM/megatron/training/initialize.py", line 90, in initialize_megatron
    set_global_variables(args)
  File "/pscratch/sd/s/syfan/Megatron-LM/megatron/training/global_vars.py", line 84, in set_global_variables
    init_num_microbatches_calculator(
  File "/pscratch/sd/s/syfan/Megatron-LM/megatron/core/num_microbatches_calculator.py", line 90, in init_num_microbatches_calculator
    _configure_global_num_microbatches_calculator(
  File "/pscratch/sd/s/syfan/Megatron-LM/megatron/core/num_microbatches_calculator.py", line 181, in _configure_global_num_microbatches_calculator
    _GLOBAL_NUM_MICROBATCHES_CALCULATOR = _build_num_microbatches_calculator(
                                          ^^^^^^^^^^^^^^^^^^^^^^^^^^^^^^^^^^^
  File "/pscratch/sd/s/syfan/Megatron-LM/megatron/core/num_microbatches_calculator.py", line 220, in _build_num_microbatches_calculator
    num_microbatches_calculator = ConstantNumMicroBatchesCalculator(
                                  ^^^^^^^^^^^^^^^^^^^^^^^^^^^^^^^^^^
  File "/pscratch/sd/s/syfan/Megatron-LM/megatron/core/num_microbatches_calculator.py", line 340, in __init__
    assert global_batch_size % micro_batch_times_data_parallel_size == 0, (
           ^^^^^^^^^^^^^^^^^^^^^^^^^^^^^^^^^^^^^^^^^^^^^^^^^^^^^^^^^^^^^
AssertionError: global batch size (512) is not divisible by micro batch size (8) times data parallel size (128)
Traceback (most recent call last):
  File "/pscratch/sd/s/syfan/Megatron-LM/pretrain_gpt.py", line 335, in <module>
Traceback (most recent call last):
  File "/pscratch/sd/s/syfan/Megatron-LM/pretrain_gpt.py", line 335, in <module>
    pretrain(
    pretrain(
  File "/pscratch/sd/s/syfan/Megatron-LM/megatron/training/training.py", line 681, in pretrain
  File "/pscratch/sd/s/syfan/Megatron-LM/megatron/training/training.py", line 681, in pretrain
    initialize_megatron(
  File "/pscratch/sd/s/syfan/Megatron-LM/megatron/training/initialize.py", line 90, in initialize_megatron
    initialize_megatron(
  File "/pscratch/sd/s/syfan/Megatron-LM/megatron/training/initialize.py", line 90, in initialize_megatron
    set_global_variables(args)
  File "/pscratch/sd/s/syfan/Megatron-LM/megatron/training/global_vars.py", line 84, in set_global_variables
    set_global_variables(args)
  File "/pscratch/sd/s/syfan/Megatron-LM/megatron/training/global_vars.py", line 84, in set_global_variables
    init_num_microbatches_calculator(
  File "/pscratch/sd/s/syfan/Megatron-LM/megatron/core/num_microbatches_calculator.py", line 90, in init_num_microbatches_calculator
    init_num_microbatches_calculator(
  File "/pscratch/sd/s/syfan/Megatron-LM/megatron/core/num_microbatches_calculator.py", line 90, in init_num_microbatches_calculator
    _configure_global_num_microbatches_calculator(
  File "/pscratch/sd/s/syfan/Megatron-LM/megatron/core/num_microbatches_calculator.py", line 181, in _configure_global_num_microbatches_calculator
    _configure_global_num_microbatches_calculator(
  File "/pscratch/sd/s/syfan/Megatron-LM/megatron/core/num_microbatches_calculator.py", line 181, in _configure_global_num_microbatches_calculator
    _GLOBAL_NUM_MICROBATCHES_CALCULATOR = _build_num_microbatches_calculator(
                                          ^^^^^^^^^^^^^^^^^^^^^^^^^^^^^^^^^^^
    _GLOBAL_NUM_MICROBATCHES_CALCULATOR = _build_num_microbatches_calculator(
  File "/pscratch/sd/s/syfan/Megatron-LM/megatron/core/num_microbatches_calculator.py", line 220, in _build_num_microbatches_calculator
                                          ^^^^^^^^^^^^^^^^^^^^^^^^^^^^^^^^^^^
  File "/pscratch/sd/s/syfan/Megatron-LM/megatron/core/num_microbatches_calculator.py", line 220, in _build_num_microbatches_calculator
    num_microbatches_calculator = ConstantNumMicroBatchesCalculator(
                                  ^^^^^^^^^^^^^^^^^^^^^^^^^^^^^^^^^^
  File "/pscratch/sd/s/syfan/Megatron-LM/megatron/core/num_microbatches_calculator.py", line 340, in __init__
    num_microbatches_calculator = ConstantNumMicroBatchesCalculator(
                                  ^^^^^^^^^^^^^^^^^^^^^^^^^^^^^^^^^^
  File "/pscratch/sd/s/syfan/Megatron-LM/megatron/core/num_microbatches_calculator.py", line 340, in __init__
    assert global_batch_size % micro_batch_times_data_parallel_size == 0, (
           ^^^^^^^^^^^^^^^^^^^^^^^^^^^^^^^^^^^^^^^^^^^    ^^assert global_batch_size % micro_batch_times_data_parallel_size == 0, (^
^^^^^^^^^^^^^^^
AssertionError :  global batch size (512) is not divisible by micro batch size (8) times data parallel size (128)  
       ^^^^^^^^^^^^^^^^^^^^^^^^^^^^^^^^^^^^^^^^^^^^^^^^^^^^^^^^^^^^^
AssertionError: global batch size (512) is not divisible by micro batch size (8) times data parallel size (128)
Traceback (most recent call last):
  File "/pscratch/sd/s/syfan/Megatron-LM/pretrain_gpt.py", line 335, in <module>
    pretrain(
  File "/pscratch/sd/s/syfan/Megatron-LM/megatron/training/training.py", line 681, in pretrain
    initialize_megatron(
  File "/pscratch/sd/s/syfan/Megatron-LM/megatron/training/initialize.py", line 90, in initialize_megatron
    set_global_variables(args)
  File "/pscratch/sd/s/syfan/Megatron-LM/megatron/training/global_vars.py", line 84, in set_global_variables
    init_num_microbatches_calculator(
  File "/pscratch/sd/s/syfan/Megatron-LM/megatron/core/num_microbatches_calculator.py", line 90, in init_num_microbatches_calculator
    _configure_global_num_microbatches_calculator(
  File "/pscratch/sd/s/syfan/Megatron-LM/megatron/core/num_microbatches_calculator.py", line 181, in _configure_global_num_microbatches_calculator
    _GLOBAL_NUM_MICROBATCHES_CALCULATOR = _build_num_microbatches_calculator(
                                          ^^^^^^^^^^^^^^^^^^^^^^^^^^^^^^^^^^^
  File "/pscratch/sd/s/syfan/Megatron-LM/megatron/core/num_microbatches_calculator.py", line 220, in _build_num_microbatches_calculator
    num_microbatches_calculator = ConstantNumMicroBatchesCalculator(
                                  ^^^^^^^^^^^^^^^^^^^^^^^^^^^^^^^^^^
  File "/pscratch/sd/s/syfan/Megatron-LM/megatron/core/num_microbatches_calculator.py", line 340, in __init__
    assert global_batch_size % micro_batch_times_data_parallel_size == 0, (
           ^^^^^^^^^^^^^^^^^^^^^^^^^^^^^^^^^^^^^^^^^^^^^^^^^^^^^^^^^^^^^
AssertionError: global batch size (512) is not divisible by micro batch size (8) times data parallel size (128)
Traceback (most recent call last):
  File "/pscratch/sd/s/syfan/Megatron-LM/pretrain_gpt.py", line 335, in <module>
    pretrain(
  File "/pscratch/sd/s/syfan/Megatron-LM/megatron/training/training.py", line 681, in pretrain
    initialize_megatron(
  File "/pscratch/sd/s/syfan/Megatron-LM/megatron/training/initialize.py", line 90, in initialize_megatron
    set_global_variables(args)
  File "/pscratch/sd/s/syfan/Megatron-LM/megatron/training/global_vars.py", line 84, in set_global_variables
    init_num_microbatches_calculator(
  File "/pscratch/sd/s/syfan/Megatron-LM/megatron/core/num_microbatches_calculator.py", line 90, in init_num_microbatches_calculator
    _configure_global_num_microbatches_calculator(
  File "/pscratch/sd/s/syfan/Megatron-LM/megatron/core/num_microbatches_calculator.py", line 181, in _configure_global_num_microbatches_calculator
    _GLOBAL_NUM_MICROBATCHES_CALCULATOR = _build_num_microbatches_calculator(
                                          ^^^^^^^^^^^^^^^^^^^^^^^^^^^^^^^^^^^
  File "/pscratch/sd/s/syfan/Megatron-LM/megatron/core/num_microbatches_calculator.py", line 220, in _build_num_microbatches_calculator
    num_microbatches_calculator = ConstantNumMicroBatchesCalculator(
                                  ^^^^^^^^^^^^^^^^^^^^^^^^^^^^^^^^^^
  File "/pscratch/sd/s/syfan/Megatron-LM/megatron/core/num_microbatches_calculator.py", line 340, in __init__
    assert global_batch_size % micro_batch_times_data_parallel_size == 0, (
           ^^^^^^^^^^^^^^^^^^^^^^^^^^^^^^^^^^^^^^^^^^^^^^^^^^^^^^^^^^^^^
AssertionError: global batch size (512) is not divisible by micro batch size (8) times data parallel size (128)
Traceback (most recent call last):
  File "/pscratch/sd/s/syfan/Megatron-LM/pretrain_gpt.py", line 335, in <module>
    pretrain(
  File "/pscratch/sd/s/syfan/Megatron-LM/megatron/training/training.py", line 681, in pretrain
    initialize_megatron(
  File "/pscratch/sd/s/syfan/Megatron-LM/megatron/training/initialize.py", line 90, in initialize_megatron
    set_global_variables(args)
  File "/pscratch/sd/s/syfan/Megatron-LM/megatron/training/global_vars.py", line 84, in set_global_variables
    init_num_microbatches_calculator(
  File "/pscratch/sd/s/syfan/Megatron-LM/megatron/core/num_microbatches_calculator.py", line 90, in init_num_microbatches_calculator
    _configure_global_num_microbatches_calculator(
  File "/pscratch/sd/s/syfan/Megatron-LM/megatron/core/num_microbatches_calculator.py", line 181, in _configure_global_num_microbatches_calculator
    _GLOBAL_NUM_MICROBATCHES_CALCULATOR = _build_num_microbatches_calculator(
                                          ^^^^^^^^^^^^^^^^^^^^^^^^^^^^^^^^^^^
  File "/pscratch/sd/s/syfan/Megatron-LM/megatron/core/num_microbatches_calculator.py", line 220, in _build_num_microbatches_calculator
    num_microbatches_calculator = ConstantNumMicroBatchesCalculator(
                                  ^^^^^^^^^^^^^^^^^^^^^^^^^^^^^^^^^^
  File "/pscratch/sd/s/syfan/Megatron-LM/megatron/core/num_microbatches_calculator.py", line 340, in __init__
    assert global_batch_size % micro_batch_times_data_parallel_size == 0, (
           ^^^^^^^^^^^^^^^^^^^^^^^^^^^^^^^^^^^^^^^^^^^^^^^^^^^^^^^^^^^^^
AssertionError: global batch size (512) is not divisible by micro batch size (8) times data parallel size (128)
Traceback (most recent call last):
  File "/pscratch/sd/s/syfan/Megatron-LM/pretrain_gpt.py", line 335, in <module>
    pretrain(
  File "/pscratch/sd/s/syfan/Megatron-LM/megatron/training/training.py", line 681, in pretrain
Traceback (most recent call last):
  File "/pscratch/sd/s/syfan/Megatron-LM/pretrain_gpt.py", line 335, in <module>
    pretrain(
  File "/pscratch/sd/s/syfan/Megatron-LM/megatron/training/training.py", line 681, in pretrain
    initialize_megatron(
  File "/pscratch/sd/s/syfan/Megatron-LM/megatron/training/initialize.py", line 90, in initialize_megatron
    initialize_megatron(
  File "/pscratch/sd/s/syfan/Megatron-LM/megatron/training/initialize.py", line 90, in initialize_megatron
    set_global_variables(args)
  File "/pscratch/sd/s/syfan/Megatron-LM/megatron/training/global_vars.py", line 84, in set_global_variables
    set_global_variables(args)
  File "/pscratch/sd/s/syfan/Megatron-LM/megatron/training/global_vars.py", line 84, in set_global_variables
    init_num_microbatches_calculator(
  File "/pscratch/sd/s/syfan/Megatron-LM/megatron/core/num_microbatches_calculator.py", line 90, in init_num_microbatches_calculator
    init_num_microbatches_calculator(
  File "/pscratch/sd/s/syfan/Megatron-LM/megatron/core/num_microbatches_calculator.py", line 90, in init_num_microbatches_calculator
    _configure_global_num_microbatches_calculator(
  File "/pscratch/sd/s/syfan/Megatron-LM/megatron/core/num_microbatches_calculator.py", line 181, in _configure_global_num_microbatches_calculator
    _configure_global_num_microbatches_calculator(
  File "/pscratch/sd/s/syfan/Megatron-LM/megatron/core/num_microbatches_calculator.py", line 181, in _configure_global_num_microbatches_calculator
    _GLOBAL_NUM_MICROBATCHES_CALCULATOR = _build_num_microbatches_calculator(
                                          ^^^^^^^^^^^^^^^^^^^^^^^^^^^^^^^^^^^
  File "/pscratch/sd/s/syfan/Megatron-LM/megatron/core/num_microbatches_calculator.py", line 220, in _build_num_microbatches_calculator
    num_microbatches_calculator = ConstantNumMicroBatchesCalculator(
              _GLOBAL_NUM_MICROBATCHES_CALCULATOR = _build_num_microbatches_calculator( 
                                          ^ ^ ^ ^ ^ ^ ^ ^^ ^ ^ ^ ^ ^ ^^ ^ ^ ^ ^ ^ ^ ^  ^ ^^^^^^^^^^^^^^^^^^^
^^^^  File "/pscratch/sd/s/syfan/Megatron-LM/megatron/core/num_microbatches_calculator.py", line 340, in __init__
^^^^^^^^^^^^^^^^^^^^^^
  File "/pscratch/sd/s/syfan/Megatron-LM/megatron/core/num_microbatches_calculator.py", line 220, in _build_num_microbatches_calculator
    num_microbatches_calculator = ConstantNumMicroBatchesCalculator(
                                  ^^^^^^^^^^^^^^^^^^^^^^^^^^^^^^^^^^
  File "/pscratch/sd/s/syfan/Megatron-LM/megatron/core/num_microbatches_calculator.py", line 340, in __init__
    assert global_batch_size % micro_batch_times_data_parallel_size == 0, (
    assert global_batch_size % micro_batch_times_data_parallel_size == 0, (
                   ^ ^ ^ ^^^^^^^^^^^^^^^^^^^^^^^^^^^^^^^^^^^^^^^^^^^^^^^^^^^^^^^^^^^^^^^^^^^^^^^^^^^^^^^^^^^^^^^^^^^^^^^^^^^^^^^^^^^^^^^^^^^
^^^AssertionError^
: global batch size (512) is not divisible by micro batch size (8) times data parallel size (128)
AssertionError: global batch size (512) is not divisible by micro batch size (8) times data parallel size (128)
Traceback (most recent call last):
  File "/pscratch/sd/s/syfan/Megatron-LM/pretrain_gpt.py", line 335, in <module>
    pretrain(
  File "/pscratch/sd/s/syfan/Megatron-LM/megatron/training/training.py", line 681, in pretrain
    initialize_megatron(
  File "/pscratch/sd/s/syfan/Megatron-LM/megatron/training/initialize.py", line 90, in initialize_megatron
    set_global_variables(args)
  File "/pscratch/sd/s/syfan/Megatron-LM/megatron/training/global_vars.py", line 84, in set_global_variables
    init_num_microbatches_calculator(
  File "/pscratch/sd/s/syfan/Megatron-LM/megatron/core/num_microbatches_calculator.py", line 90, in init_num_microbatches_calculator
    _configure_global_num_microbatches_calculator(
  File "/pscratch/sd/s/syfan/Megatron-LM/megatron/core/num_microbatches_calculator.py", line 181, in _configure_global_num_microbatches_calculator
    _GLOBAL_NUM_MICROBATCHES_CALCULATOR = _build_num_microbatches_calculator(
                                          ^^^^^^^^^^^^^^^^^^^^^^^^^^^^^^^^^^^
  File "/pscratch/sd/s/syfan/Megatron-LM/megatron/core/num_microbatches_calculator.py", line 220, in _build_num_microbatches_calculator
    num_microbatches_calculator = ConstantNumMicroBatchesCalculator(
                                  ^^^^^^^^^^^^^^^^^^^^^^^^^^^^^^^^^^
  File "/pscratch/sd/s/syfan/Megatron-LM/megatron/core/num_microbatches_calculator.py", line 340, in __init__
    assert global_batch_size % micro_batch_times_data_parallel_size == 0, (
           ^^^^^^^^^^^^^^^^^^^^^^^^^^^^^^^^^^^^^^^^^^^^^^^^^^^^^^^^^^^^^
AssertionError: global batch size (512) is not divisible by micro batch size (8) times data parallel size (128)
Traceback (most recent call last):
  File "/pscratch/sd/s/syfan/Megatron-LM/pretrain_gpt.py", line 335, in <module>
Traceback (most recent call last):
    pretrain(
  File "/pscratch/sd/s/syfan/Megatron-LM/pretrain_gpt.py", line 335, in <module>
  File "/pscratch/sd/s/syfan/Megatron-LM/megatron/training/training.py", line 681, in pretrain
    pretrain(
  File "/pscratch/sd/s/syfan/Megatron-LM/megatron/training/training.py", line 681, in pretrain
    initialize_megatron(
  File "/pscratch/sd/s/syfan/Megatron-LM/megatron/training/initialize.py", line 90, in initialize_megatron
    initialize_megatron(
  File "/pscratch/sd/s/syfan/Megatron-LM/megatron/training/initialize.py", line 90, in initialize_megatron
    set_global_variables(args)
  File "/pscratch/sd/s/syfan/Megatron-LM/megatron/training/global_vars.py", line 84, in set_global_variables
    set_global_variables(args)
  File "/pscratch/sd/s/syfan/Megatron-LM/megatron/training/global_vars.py", line 84, in set_global_variables
    init_num_microbatches_calculator(
  File "/pscratch/sd/s/syfan/Megatron-LM/megatron/core/num_microbatches_calculator.py", line 90, in init_num_microbatches_calculator
    init_num_microbatches_calculator(
  File "/pscratch/sd/s/syfan/Megatron-LM/megatron/core/num_microbatches_calculator.py", line 90, in init_num_microbatches_calculator
    _configure_global_num_microbatches_calculator(
  File "/pscratch/sd/s/syfan/Megatron-LM/megatron/core/num_microbatches_calculator.py", line 181, in _configure_global_num_microbatches_calculator
    _configure_global_num_microbatches_calculator(
  File "/pscratch/sd/s/syfan/Megatron-LM/megatron/core/num_microbatches_calculator.py", line 181, in _configure_global_num_microbatches_calculator
    _GLOBAL_NUM_MICROBATCHES_CALCULATOR = _build_num_microbatches_calculator(
Traceback (most recent call last):
  File "/pscratch/sd/s/syfan/Megatron-LM/pretrain_gpt.py", line 335, in <module>
                                          ^^^^^^^^^^^^^^    ^^_GLOBAL_NUM_MICROBATCHES_CALCULATOR = _build_num_microbatches_calculator(^
^^^ ^ ^ ^^ ^ ^ ^ ^ ^ ^ ^ ^ ^ ^^ 
      File "/pscratch/sd/s/syfan/Megatron-LM/megatron/core/num_microbatches_calculator.py", line 220, in _build_num_microbatches_calculator
                        ^^^^^^^^^^^^^^^^^^^^^^^^^^^^^^^^^^^
  File "/pscratch/sd/s/syfan/Megatron-LM/megatron/core/num_microbatches_calculator.py", line 220, in _build_num_microbatches_calculator
    num_microbatches_calculator = ConstantNumMicroBatchesCalculator(
    pretrain(
                                  ^^^^^^^^^^^^^^^^^^^^^^^^^^^    ^num_microbatches_calculator = ConstantNumMicroBatchesCalculator(^
  File "/pscratch/sd/s/syfan/Megatron-LM/megatron/training/training.py", line 681, in pretrain
  ^ ^ ^ ^^ 
       File "/pscratch/sd/s/syfan/Megatron-LM/megatron/core/num_microbatches_calculator.py", line 340, in __init__
                       ^^^^^^^^^^^^^^^^^^^^^^^^^^^^^^^^^^
  File "/pscratch/sd/s/syfan/Megatron-LM/megatron/core/num_microbatches_calculator.py", line 340, in __init__
    assert global_batch_size % micro_batch_times_data_parallel_size == 0, (
    initialize_megatron(
    assert global_batch_size % micro_batch_times_data_parallel_size == 0, (
  File "/pscratch/sd/s/syfan/Megatron-LM/megatron/training/initialize.py", line 90, in initialize_megatron
              ^ ^ ^ ^ ^ ^ ^ ^ ^^^^^^^^^^^^^^^^^^^^^^^^^^^^^^^^^^^^^^^^^^^^^^^^^^^^^^^^^^^^^^^^^^^^^^^^^^^^^^^^^^^^^^^^^^^^^^^^^^^^^^^^^
^^AssertionError^^: ^global batch size (512) is not divisible by micro batch size (8) times data parallel size (128)^
^^^
AssertionError: global batch size (512) is not divisible by micro batch size (8) times data parallel size (128)
    set_global_variables(args)
  File "/pscratch/sd/s/syfan/Megatron-LM/megatron/training/global_vars.py", line 84, in set_global_variables
    init_num_microbatches_calculator(
  File "/pscratch/sd/s/syfan/Megatron-LM/megatron/core/num_microbatches_calculator.py", line 90, in init_num_microbatches_calculator
    _configure_global_num_microbatches_calculator(
  File "/pscratch/sd/s/syfan/Megatron-LM/megatron/core/num_microbatches_calculator.py", line 181, in _configure_global_num_microbatches_calculator
    _GLOBAL_NUM_MICROBATCHES_CALCULATOR = _build_num_microbatches_calculator(
                                          ^^^^^^^^^^^^^^^^^^^^^^^^^^^^^^^^^^^
  File "/pscratch/sd/s/syfan/Megatron-LM/megatron/core/num_microbatches_calculator.py", line 220, in _build_num_microbatches_calculator
    num_microbatches_calculator = ConstantNumMicroBatchesCalculator(
                                  ^^^^^^^^^^^^^^^^^^^^^^^^^^^^^^^^^^
  File "/pscratch/sd/s/syfan/Megatron-LM/megatron/core/num_microbatches_calculator.py", line 340, in __init__
    assert global_batch_size % micro_batch_times_data_parallel_size == 0, (
           ^^^^^^^^^^^^^^^^^^^^^^^^^^^^^^^^^^^^^^^^^^^^^^^^^^^^^^^^^^^^^
AssertionError: global batch size (512) is not divisible by micro batch size (8) times data parallel size (128)
Traceback (most recent call last):
  File "/pscratch/sd/s/syfan/Megatron-LM/pretrain_gpt.py", line 335, in <module>
    pretrain(
  File "/pscratch/sd/s/syfan/Megatron-LM/megatron/training/training.py", line 681, in pretrain
    initialize_megatron(
  File "/pscratch/sd/s/syfan/Megatron-LM/megatron/training/initialize.py", line 90, in initialize_megatron
    set_global_variables(args)
  File "/pscratch/sd/s/syfan/Megatron-LM/megatron/training/global_vars.py", line 84, in set_global_variables
    init_num_microbatches_calculator(
  File "/pscratch/sd/s/syfan/Megatron-LM/megatron/core/num_microbatches_calculator.py", line 90, in init_num_microbatches_calculator
    _configure_global_num_microbatches_calculator(
  File "/pscratch/sd/s/syfan/Megatron-LM/megatron/core/num_microbatches_calculator.py", line 181, in _configure_global_num_microbatches_calculator
    _GLOBAL_NUM_MICROBATCHES_CALCULATOR = _build_num_microbatches_calculator(
                                          ^^^^^^^^^^^^^^^^^^^^^^^^^^^^^^^^^^^
  File "/pscratch/sd/s/syfan/Megatron-LM/megatron/core/num_microbatches_calculator.py", line 220, in _build_num_microbatches_calculator
    num_microbatches_calculator = ConstantNumMicroBatchesCalculator(
                                  ^^^^^^^^^^^^^^^^^^^^^^^^^^^^^^^^^^
  File "/pscratch/sd/s/syfan/Megatron-LM/megatron/core/num_microbatches_calculator.py", line 340, in __init__
    assert global_batch_size % micro_batch_times_data_parallel_size == 0, (
           ^^^^^^^^^^^^^^^^^^^^^^^^^^^^^^^^^^^^^^^^^^^^^^^^^^^^^^^^^^^^^
AssertionError: global batch size (512) is not divisible by micro batch size (8) times data parallel size (128)
Traceback (most recent call last):
  File "/pscratch/sd/s/syfan/Megatron-LM/pretrain_gpt.py", line 335, in <module>
    pretrain(
  File "/pscratch/sd/s/syfan/Megatron-LM/megatron/training/training.py", line 681, in pretrain
    initialize_megatron(
  File "/pscratch/sd/s/syfan/Megatron-LM/megatron/training/initialize.py", line 90, in initialize_megatron
Traceback (most recent call last):
  File "/pscratch/sd/s/syfan/Megatron-LM/pretrain_gpt.py", line 335, in <module>
    pretrain(
  File "/pscratch/sd/s/syfan/Megatron-LM/megatron/training/training.py", line 681, in pretrain
    set_global_variables(args)
  File "/pscratch/sd/s/syfan/Megatron-LM/megatron/training/global_vars.py", line 84, in set_global_variables
        initialize_megatron(init_num_microbatches_calculator(

  File "/pscratch/sd/s/syfan/Megatron-LM/megatron/core/num_microbatches_calculator.py", line 90, in init_num_microbatches_calculator
  File "/pscratch/sd/s/syfan/Megatron-LM/megatron/training/initialize.py", line 90, in initialize_megatron
    _configure_global_num_microbatches_calculator(
  File "/pscratch/sd/s/syfan/Megatron-LM/megatron/core/num_microbatches_calculator.py", line 181, in _configure_global_num_microbatches_calculator
    _GLOBAL_NUM_MICROBATCHES_CALCULATOR = _build_num_microbatches_calculator(
                  set_global_variables(args) 
                           File "/pscratch/sd/s/syfan/Megatron-LM/megatron/training/global_vars.py", line 84, in set_global_variables
  ^^^^^^^^^^^^^^^^^^^^^^^^^^^^^^^^^^^
  File "/pscratch/sd/s/syfan/Megatron-LM/megatron/core/num_microbatches_calculator.py", line 220, in _build_num_microbatches_calculator
    num_microbatches_calculator = ConstantNumMicroBatchesCalculator(
                                  ^^^^^^^^^^^^^^^^^^^^^^^^^^^^^^^^^^
  File "/pscratch/sd/s/syfan/Megatron-LM/megatron/core/num_microbatches_calculator.py", line 340, in __init__
    init_num_microbatches_calculator(
  File "/pscratch/sd/s/syfan/Megatron-LM/megatron/core/num_microbatches_calculator.py", line 90, in init_num_microbatches_calculator
    assert global_batch_size % micro_batch_times_data_parallel_size == 0, (
    _configure_global_num_microbatches_calculator(
  File "/pscratch/sd/s/syfan/Megatron-LM/megatron/core/num_microbatches_calculator.py", line 181, in _configure_global_num_microbatches_calculator
           ^^^^^^^^^^^^^^^^^^^^^^^^^^^^^^^^^^^^^^^^^^^^^^^^^^^^^^^^^^^^^
AssertionError: global batch size (512) is not divisible by micro batch size (8) times data parallel size (128)
    _GLOBAL_NUM_MICROBATCHES_CALCULATOR = _build_num_microbatches_calculator(
                                          ^^^^^^^^^^^^^^^^^^^^^^^^^^^^^^^^^^^
  File "/pscratch/sd/s/syfan/Megatron-LM/megatron/core/num_microbatches_calculator.py", line 220, in _build_num_microbatches_calculator
    num_microbatches_calculator = ConstantNumMicroBatchesCalculator(
                                  ^^^^^^^^^^^^^^^^^^^^^^^^^^^^^^^^^^
  File "/pscratch/sd/s/syfan/Megatron-LM/megatron/core/num_microbatches_calculator.py", line 340, in __init__
    assert global_batch_size % micro_batch_times_data_parallel_size == 0, (
           ^^^^^^^^^^^^^^^^^^^^^^^^^^^^^^^^^^^^^^^^^^^^^^^^^^^^^^^^^^^^^
AssertionError: global batch size (512) is not divisible by micro batch size (8) times data parallel size (128)
Traceback (most recent call last):
  File "/pscratch/sd/s/syfan/Megatron-LM/pretrain_gpt.py", line 335, in <module>
    pretrain(
  File "/pscratch/sd/s/syfan/Megatron-LM/megatron/training/training.py", line 681, in pretrain
    initialize_megatron(
  File "/pscratch/sd/s/syfan/Megatron-LM/megatron/training/initialize.py", line 90, in initialize_megatron
    set_global_variables(args)
  File "/pscratch/sd/s/syfan/Megatron-LM/megatron/training/global_vars.py", line 84, in set_global_variables
    init_num_microbatches_calculator(
  File "/pscratch/sd/s/syfan/Megatron-LM/megatron/core/num_microbatches_calculator.py", line 90, in init_num_microbatches_calculator
    _configure_global_num_microbatches_calculator(
  File "/pscratch/sd/s/syfan/Megatron-LM/megatron/core/num_microbatches_calculator.py", line 181, in _configure_global_num_microbatches_calculator
    _GLOBAL_NUM_MICROBATCHES_CALCULATOR = _build_num_microbatches_calculator(
                                          ^^^^^^^^^^^^^^^^^^^^^^^^^^^^^^^^^^^
  File "/pscratch/sd/s/syfan/Megatron-LM/megatron/core/num_microbatches_calculator.py", line 220, in _build_num_microbatches_calculator
    num_microbatches_calculator = ConstantNumMicroBatchesCalculator(
                                  ^^^^^^^^^^^^^^^^^^^^^^^^^^^^^^^^^^
  File "/pscratch/sd/s/syfan/Megatron-LM/megatron/core/num_microbatches_calculator.py", line 340, in __init__
    assert global_batch_size % micro_batch_times_data_parallel_size == 0, (
           ^^^^^^^^^^^^^^^^^^^^^^^^^^^^^^^^^^^^^^^^^^^^^^^^^^^^^^^^^^^^^
AssertionError: global batch size (512) is not divisible by micro batch size (8) times data parallel size (128)
Traceback (most recent call last):
  File "/pscratch/sd/s/syfan/Megatron-LM/pretrain_gpt.py", line 335, in <module>
    pretrain(
  File "/pscratch/sd/s/syfan/Megatron-LM/megatron/training/training.py", line 681, in pretrain
    initialize_megatron(
  File "/pscratch/sd/s/syfan/Megatron-LM/megatron/training/initialize.py", line 90, in initialize_megatron
    set_global_variables(args)
  File "/pscratch/sd/s/syfan/Megatron-LM/megatron/training/global_vars.py", line 84, in set_global_variables
    init_num_microbatches_calculator(
  File "/pscratch/sd/s/syfan/Megatron-LM/megatron/core/num_microbatches_calculator.py", line 90, in init_num_microbatches_calculator
    _configure_global_num_microbatches_calculator(
  File "/pscratch/sd/s/syfan/Megatron-LM/megatron/core/num_microbatches_calculator.py", line 181, in _configure_global_num_microbatches_calculator
    _GLOBAL_NUM_MICROBATCHES_CALCULATOR = _build_num_microbatches_calculator(
                                          ^^^^^^^^^^^^^^^^^^^^^^^^^^^^^^^^^^^
  File "/pscratch/sd/s/syfan/Megatron-LM/megatron/core/num_microbatches_calculator.py", line 220, in _build_num_microbatches_calculator
    num_microbatches_calculator = ConstantNumMicroBatchesCalculator(
                                  ^^^^^^^^^^^^^^^^^^^^^^^^^^^^^^^^^^
  File "/pscratch/sd/s/syfan/Megatron-LM/megatron/core/num_microbatches_calculator.py", line 340, in __init__
    assert global_batch_size % micro_batch_times_data_parallel_size == 0, (
           ^^^^^^^^^^^^^^^^^^^^^^^^^^^^^^^^^^^^^^^^^^^^^^^^^^^^^^^^^^^^^
AssertionError: global batch size (512) is not divisible by micro batch size (8) times data parallel size (128)
Traceback (most recent call last):
  File "/pscratch/sd/s/syfan/Megatron-LM/pretrain_gpt.py", line 335, in <module>
    pretrain(
  File "/pscratch/sd/s/syfan/Megatron-LM/megatron/training/training.py", line 681, in pretrain
    initialize_megatron(
  File "/pscratch/sd/s/syfan/Megatron-LM/megatron/training/initialize.py", line 90, in initialize_megatron
    set_global_variables(args)
  File "/pscratch/sd/s/syfan/Megatron-LM/megatron/training/global_vars.py", line 84, in set_global_variables
    init_num_microbatches_calculator(
  File "/pscratch/sd/s/syfan/Megatron-LM/megatron/core/num_microbatches_calculator.py", line 90, in init_num_microbatches_calculator
    _configure_global_num_microbatches_calculator(
  File "/pscratch/sd/s/syfan/Megatron-LM/megatron/core/num_microbatches_calculator.py", line 181, in _configure_global_num_microbatches_calculator
    _GLOBAL_NUM_MICROBATCHES_CALCULATOR = _build_num_microbatches_calculator(
                                          ^^^^^^^^^^^^^^^^^^^^^^^^^^^^^^^^^^^
  File "/pscratch/sd/s/syfan/Megatron-LM/megatron/core/num_microbatches_calculator.py", line 220, in _build_num_microbatches_calculator
    num_microbatches_calculator = ConstantNumMicroBatchesCalculator(
                                  ^^^^^^^^^^^^^^^^^^^^^^^^^^^^^^^^^^
  File "/pscratch/sd/s/syfan/Megatron-LM/megatron/core/num_microbatches_calculator.py", line 340, in __init__
    assert global_batch_size % micro_batch_times_data_parallel_size == 0, (
           ^^^^^^^^^^^^^^^^^^^^^^^^^^^^^^^^^^^^^^^^^^^^^^^^^^^^^^^^^^^^^
AssertionError: global batch size (512) is not divisible by micro batch size (8) times data parallel size (128)
Traceback (most recent call last):
  File "/pscratch/sd/s/syfan/Megatron-LM/pretrain_gpt.py", line 335, in <module>
    pretrain(
  File "/pscratch/sd/s/syfan/Megatron-LM/megatron/training/training.py", line 681, in pretrain
    initialize_megatron(
  File "/pscratch/sd/s/syfan/Megatron-LM/megatron/training/initialize.py", line 90, in initialize_megatron
    set_global_variables(args)
  File "/pscratch/sd/s/syfan/Megatron-LM/megatron/training/global_vars.py", line 84, in set_global_variables
    init_num_microbatches_calculator(
  File "/pscratch/sd/s/syfan/Megatron-LM/megatron/core/num_microbatches_calculator.py", line 90, in init_num_microbatches_calculator
    _configure_global_num_microbatches_calculator(
  File "/pscratch/sd/s/syfan/Megatron-LM/megatron/core/num_microbatches_calculator.py", line 181, in _configure_global_num_microbatches_calculator
    _GLOBAL_NUM_MICROBATCHES_CALCULATOR = _build_num_microbatches_calculator(
                                          ^^^^^^^^^^^^^^^^^^^^^^^^^^^^^^^^^^^
  File "/pscratch/sd/s/syfan/Megatron-LM/megatron/core/num_microbatches_calculator.py", line 220, in _build_num_microbatches_calculator
    num_microbatches_calculator = ConstantNumMicroBatchesCalculator(
                                  ^^^^^^^^^^^^^^^^^^^^^^^^^^^^^^^^^^
  File "/pscratch/sd/s/syfan/Megatron-LM/megatron/core/num_microbatches_calculator.py", line 340, in __init__
    assert global_batch_size % micro_batch_times_data_parallel_size == 0, (
           ^^^^^^^^^^^^^^^^^^^^^^^^^^^^^^^^^^^^^^^^^^^^^^^^^^^^^^^^^^^^^
AssertionError: global batch size (512) is not divisible by micro batch size (8) times data parallel size (128)
Traceback (most recent call last):
  File "/pscratch/sd/s/syfan/Megatron-LM/pretrain_gpt.py", line 335, in <module>
    pretrain(
  File "/pscratch/sd/s/syfan/Megatron-LM/megatron/training/training.py", line 681, in pretrain
    initialize_megatron(
  File "/pscratch/sd/s/syfan/Megatron-LM/megatron/training/initialize.py", line 90, in initialize_megatron
    set_global_variables(args)
  File "/pscratch/sd/s/syfan/Megatron-LM/megatron/training/global_vars.py", line 84, in set_global_variables
    init_num_microbatches_calculator(
  File "/pscratch/sd/s/syfan/Megatron-LM/megatron/core/num_microbatches_calculator.py", line 90, in init_num_microbatches_calculator
    _configure_global_num_microbatches_calculator(
  File "/pscratch/sd/s/syfan/Megatron-LM/megatron/core/num_microbatches_calculator.py", line 181, in _configure_global_num_microbatches_calculator
    _GLOBAL_NUM_MICROBATCHES_CALCULATOR = _build_num_microbatches_calculator(
                                          ^^^^^^^^^^^^^^^^^^^^^^^^^^^^^^^^^^^
  File "/pscratch/sd/s/syfan/Megatron-LM/megatron/core/num_microbatches_calculator.py", line 220, in _build_num_microbatches_calculator
    num_microbatches_calculator = ConstantNumMicroBatchesCalculator(
                                  ^^^^^^^^^^^^^^^^^^^^^^^^^^^^^^^^^^
  File "/pscratch/sd/s/syfan/Megatron-LM/megatron/core/num_microbatches_calculator.py", line 340, in __init__
    assert global_batch_size % micro_batch_times_data_parallel_size == 0, (
           ^^^^^^^^^^^^^^^^^^^^^^^^^^^^^^^^^^^^^^^^^^^^^^^^^^^^^^^^^^^^^
AssertionError: global batch size (512) is not divisible by micro batch size (8) times data parallel size (128)
Traceback (most recent call last):
  File "/pscratch/sd/s/syfan/Megatron-LM/pretrain_gpt.py", line 335, in <module>
    pretrain(
  File "/pscratch/sd/s/syfan/Megatron-LM/megatron/training/training.py", line 681, in pretrain
Traceback (most recent call last):
  File "/pscratch/sd/s/syfan/Megatron-LM/pretrain_gpt.py", line 335, in <module>
    pretrain(
  File "/pscratch/sd/s/syfan/Megatron-LM/megatron/training/training.py", line 681, in pretrain
    initialize_megatron(
  File "/pscratch/sd/s/syfan/Megatron-LM/megatron/training/initialize.py", line 90, in initialize_megatron
    set_global_variables(args)
  File "/pscratch/sd/s/syfan/Megatron-LM/megatron/training/global_vars.py", line 84, in set_global_variables
    initialize_megatron(
  File "/pscratch/sd/s/syfan/Megatron-LM/megatron/training/initialize.py", line 90, in initialize_megatron
    set_global_variables(args)
    init_num_microbatches_calculator(
  File "/pscratch/sd/s/syfan/Megatron-LM/megatron/training/global_vars.py", line 84, in set_global_variables
  File "/pscratch/sd/s/syfan/Megatron-LM/megatron/core/num_microbatches_calculator.py", line 90, in init_num_microbatches_calculator
    _configure_global_num_microbatches_calculator(
  File "/pscratch/sd/s/syfan/Megatron-LM/megatron/core/num_microbatches_calculator.py", line 181, in _configure_global_num_microbatches_calculator
    _GLOBAL_NUM_MICROBATCHES_CALCULATOR = _build_num_microbatches_calculator(
                                          ^^^^^^^^^^^^^^^^^^^^^^^^^^^^^^^^^^^
  File "/pscratch/sd/s/syfan/Megatron-LM/megatron/core/num_microbatches_calculator.py", line 220, in _build_num_microbatches_calculator
    init_num_microbatches_calculator(
  File "/pscratch/sd/s/syfan/Megatron-LM/megatron/core/num_microbatches_calculator.py", line 90, in init_num_microbatches_calculator
    num_microbatches_calculator = ConstantNumMicroBatchesCalculator(
    _configure_global_num_microbatches_calculator(
                                  ^^^^^^^^^^^^^^^^^^^^^^^^^^^^^^^^^^
  File "/pscratch/sd/s/syfan/Megatron-LM/megatron/core/num_microbatches_calculator.py", line 181, in _configure_global_num_microbatches_calculator
  File "/pscratch/sd/s/syfan/Megatron-LM/megatron/core/num_microbatches_calculator.py", line 340, in __init__
    _GLOBAL_NUM_MICROBATCHES_CALCULATOR = _build_num_microbatches_calculator(
    assert global_batch_size % micro_batch_times_data_parallel_size == 0, (
                                          ^^^^^^^^^^^^^^^^^^^^^^^^^^^^^^^^^^^
  File "/pscratch/sd/s/syfan/Megatron-LM/megatron/core/num_microbatches_calculator.py", line 220, in _build_num_microbatches_calculator
           ^^^^^^^^^^^^^^^^^^^^^^^^^^^^^^^^^^^^^^^^^^^^^^^^^^^^^^^^^^^^^
AssertionError: global batch size (512) is not divisible by micro batch size (8) times data parallel size (128)
    num_microbatches_calculator = ConstantNumMicroBatchesCalculator(
                                  ^^^^^^^^^^^^^^^^^^^^^^^^^^^^^^^^^^
  File "/pscratch/sd/s/syfan/Megatron-LM/megatron/core/num_microbatches_calculator.py", line 340, in __init__
    assert global_batch_size % micro_batch_times_data_parallel_size == 0, (
           ^^^^^^^^^^^^^^^^^^^^^^^^^^^^^^^^^^^^^^^^^^^^^^^^^^^^^^^^^^^^^
AssertionError: global batch size (512) is not divisible by micro batch size (8) times data parallel size (128)
Traceback (most recent call last):
  File "/pscratch/sd/s/syfan/Megatron-LM/pretrain_gpt.py", line 335, in <module>
    pretrain(
  File "/pscratch/sd/s/syfan/Megatron-LM/megatron/training/training.py", line 681, in pretrain
    initialize_megatron(
  File "/pscratch/sd/s/syfan/Megatron-LM/megatron/training/initialize.py", line 90, in initialize_megatron
    set_global_variables(args)
  File "/pscratch/sd/s/syfan/Megatron-LM/megatron/training/global_vars.py", line 84, in set_global_variables
    init_num_microbatches_calculator(
  File "/pscratch/sd/s/syfan/Megatron-LM/megatron/core/num_microbatches_calculator.py", line 90, in init_num_microbatches_calculator
    _configure_global_num_microbatches_calculator(
  File "/pscratch/sd/s/syfan/Megatron-LM/megatron/core/num_microbatches_calculator.py", line 181, in _configure_global_num_microbatches_calculator
    _GLOBAL_NUM_MICROBATCHES_CALCULATOR = _build_num_microbatches_calculator(
                                          ^^^^^^^^^^^^^^^^^^^^^^^^^^^^^^^^^^^
  File "/pscratch/sd/s/syfan/Megatron-LM/megatron/core/num_microbatches_calculator.py", line 220, in _build_num_microbatches_calculator
    num_microbatches_calculator = ConstantNumMicroBatchesCalculator(
                                  ^^^^^^^^^^^^^^^^^^^^^^^^^^^^^^^^^^
  File "/pscratch/sd/s/syfan/Megatron-LM/megatron/core/num_microbatches_calculator.py", line 340, in __init__
    assert global_batch_size % micro_batch_times_data_parallel_size == 0, (
           ^^^^^^^^^^^^^^^^^^^^^^^^^^^^^^^^^^^^^^^^^^^^^^^^^^^^^^^^^^^^^
AssertionError: global batch size (512) is not divisible by micro batch size (8) times data parallel size (128)
Traceback (most recent call last):
  File "/pscratch/sd/s/syfan/Megatron-LM/pretrain_gpt.py", line 335, in <module>
    pretrain(
  File "/pscratch/sd/s/syfan/Megatron-LM/megatron/training/training.py", line 681, in pretrain
    initialize_megatron(
  File "/pscratch/sd/s/syfan/Megatron-LM/megatron/training/initialize.py", line 90, in initialize_megatron
Traceback (most recent call last):
  File "/pscratch/sd/s/syfan/Megatron-LM/pretrain_gpt.py", line 335, in <module>
    pretrain(
  File "/pscratch/sd/s/syfan/Megatron-LM/megatron/training/training.py", line 681, in pretrain
    initialize_megatron(
  File "/pscratch/sd/s/syfan/Megatron-LM/megatron/training/initialize.py", line 90, in initialize_megatron
    set_global_variables(args)
  File "/pscratch/sd/s/syfan/Megatron-LM/megatron/training/global_vars.py", line 84, in set_global_variables
    set_global_variables(args)
  File "/pscratch/sd/s/syfan/Megatron-LM/megatron/training/global_vars.py", line 84, in set_global_variables
    init_num_microbatches_calculator(
  File "/pscratch/sd/s/syfan/Megatron-LM/megatron/core/num_microbatches_calculator.py", line 90, in init_num_microbatches_calculator
    init_num_microbatches_calculator(
  File "/pscratch/sd/s/syfan/Megatron-LM/megatron/core/num_microbatches_calculator.py", line 90, in init_num_microbatches_calculator
    _configure_global_num_microbatches_calculator(
  File "/pscratch/sd/s/syfan/Megatron-LM/megatron/core/num_microbatches_calculator.py", line 181, in _configure_global_num_microbatches_calculator
    _configure_global_num_microbatches_calculator(
  File "/pscratch/sd/s/syfan/Megatron-LM/megatron/core/num_microbatches_calculator.py", line 181, in _configure_global_num_microbatches_calculator
    _GLOBAL_NUM_MICROBATCHES_CALCULATOR = _build_num_microbatches_calculator(
                                          ^^^^^^^^^^^^^^^^^^^^^^^^^    ^_GLOBAL_NUM_MICROBATCHES_CALCULATOR = _build_num_microbatches_calculator(^
^^^^ ^ ^ ^ ^ 
        File "/pscratch/sd/s/syfan/Megatron-LM/megatron/core/num_microbatches_calculator.py", line 220, in _build_num_microbatches_calculator
                               ^^^^^^^^^^^^^^^^^^^^^^^^^^^^^^^^^^^
  File "/pscratch/sd/s/syfan/Megatron-LM/megatron/core/num_microbatches_calculator.py", line 220, in _build_num_microbatches_calculator
    num_microbatches_calculator = ConstantNumMicroBatchesCalculator(
                                  ^^^^^^^^^^^^^^^^^^^^^^^^^^^^^^^^^^
    num_microbatches_calculator = ConstantNumMicroBatchesCalculator(  File "/pscratch/sd/s/syfan/Megatron-LM/megatron/core/num_microbatches_calculator.py", line 340, in __init__

                                  ^^^^^^^^^^^^^^^^^^^^^^^^^^^^^^^^^^
  File "/pscratch/sd/s/syfan/Megatron-LM/megatron/core/num_microbatches_calculator.py", line 340, in __init__
    assert global_batch_size % micro_batch_times_data_parallel_size == 0, (
    assert global_batch_size % micro_batch_times_data_parallel_size == 0, (
               ^ ^ ^ ^ ^ ^ ^ ^^^^^^^^^^^^^^^^^^^^^^^^^^^^^^^^^^^^^^^^^^^^^^^^^^^^^^^^^^^^^^^^^^^^^^^^^^^^^^^^^^^^^^^^^^^^^^^^^^^^^^^^^^^^^
^^^AssertionError^^: ^global batch size (512) is not divisible by micro batch size (8) times data parallel size (128)

AssertionError: global batch size (512) is not divisible by micro batch size (8) times data parallel size (128)
Traceback (most recent call last):
  File "/pscratch/sd/s/syfan/Megatron-LM/pretrain_gpt.py", line 335, in <module>
    pretrain(
  File "/pscratch/sd/s/syfan/Megatron-LM/megatron/training/training.py", line 681, in pretrain
    initialize_megatron(
  File "/pscratch/sd/s/syfan/Megatron-LM/megatron/training/initialize.py", line 90, in initialize_megatron
    set_global_variables(args)
  File "/pscratch/sd/s/syfan/Megatron-LM/megatron/training/global_vars.py", line 84, in set_global_variables
    init_num_microbatches_calculator(
  File "/pscratch/sd/s/syfan/Megatron-LM/megatron/core/num_microbatches_calculator.py", line 90, in init_num_microbatches_calculator
    _configure_global_num_microbatches_calculator(
  File "/pscratch/sd/s/syfan/Megatron-LM/megatron/core/num_microbatches_calculator.py", line 181, in _configure_global_num_microbatches_calculator
    _GLOBAL_NUM_MICROBATCHES_CALCULATOR = _build_num_microbatches_calculator(
                                          ^^^^^^^^^^^^^^^^^^^^^^^^^^^^^^^^^^^
  File "/pscratch/sd/s/syfan/Megatron-LM/megatron/core/num_microbatches_calculator.py", line 220, in _build_num_microbatches_calculator
    num_microbatches_calculator = ConstantNumMicroBatchesCalculator(
                                  ^^^^^^^^^^^^^^^^^^^^^^^^^^^^^^^^^^
  File "/pscratch/sd/s/syfan/Megatron-LM/megatron/core/num_microbatches_calculator.py", line 340, in __init__
    assert global_batch_size % micro_batch_times_data_parallel_size == 0, (
           ^^^^^^^^^^^^^^^^^^^^^^^^^^^^^^^^^^^^^^^^^^^^^^^^^^^^^^^^^^^^^
AssertionError: global batch size (512) is not divisible by micro batch size (8) times data parallel size (128)
Traceback (most recent call last):
  File "/pscratch/sd/s/syfan/Megatron-LM/pretrain_gpt.py", line 335, in <module>
    pretrain(
  File "/pscratch/sd/s/syfan/Megatron-LM/megatron/training/training.py", line 681, in pretrain
    initialize_megatron(
  File "/pscratch/sd/s/syfan/Megatron-LM/megatron/training/initialize.py", line 90, in initialize_megatron
    set_global_variables(args)
  File "/pscratch/sd/s/syfan/Megatron-LM/megatron/training/global_vars.py", line 84, in set_global_variables
    init_num_microbatches_calculator(
  File "/pscratch/sd/s/syfan/Megatron-LM/megatron/core/num_microbatches_calculator.py", line 90, in init_num_microbatches_calculator
    _configure_global_num_microbatches_calculator(
  File "/pscratch/sd/s/syfan/Megatron-LM/megatron/core/num_microbatches_calculator.py", line 181, in _configure_global_num_microbatches_calculator
    _GLOBAL_NUM_MICROBATCHES_CALCULATOR = _build_num_microbatches_calculator(
                                          ^^^^^^^^^^^^^^^^^^^^^^^^^^^^^^^^^^^
  File "/pscratch/sd/s/syfan/Megatron-LM/megatron/core/num_microbatches_calculator.py", line 220, in _build_num_microbatches_calculator
    num_microbatches_calculator = ConstantNumMicroBatchesCalculator(
                                  ^^^^^^^^^^^^^^^^^^^^^^^^^^^^^^^^^^
  File "/pscratch/sd/s/syfan/Megatron-LM/megatron/core/num_microbatches_calculator.py", line 340, in __init__
    assert global_batch_size % micro_batch_times_data_parallel_size == 0, (
           ^^^^^^^^^^^^^^^^^^^^^^^^^^^^^^^^^^^^^^^^^^^^^^^^^^^^^^^^^^^^^
AssertionError: global batch size (512) is not divisible by micro batch size (8) times data parallel size (128)
Traceback (most recent call last):
  File "/pscratch/sd/s/syfan/Megatron-LM/pretrain_gpt.py", line 335, in <module>
    pretrain(
  File "/pscratch/sd/s/syfan/Megatron-LM/megatron/training/training.py", line 681, in pretrain
    initialize_megatron(
  File "/pscratch/sd/s/syfan/Megatron-LM/megatron/training/initialize.py", line 90, in initialize_megatron
    set_global_variables(args)
  File "/pscratch/sd/s/syfan/Megatron-LM/megatron/training/global_vars.py", line 84, in set_global_variables
    init_num_microbatches_calculator(
  File "/pscratch/sd/s/syfan/Megatron-LM/megatron/core/num_microbatches_calculator.py", line 90, in init_num_microbatches_calculator
    _configure_global_num_microbatches_calculator(
  File "/pscratch/sd/s/syfan/Megatron-LM/megatron/core/num_microbatches_calculator.py", line 181, in _configure_global_num_microbatches_calculator
    _GLOBAL_NUM_MICROBATCHES_CALCULATOR = _build_num_microbatches_calculator(
                                          ^^^^^^^^^^^^^^^^^^^^^^^^^^^^^^^^^^^
  File "/pscratch/sd/s/syfan/Megatron-LM/megatron/core/num_microbatches_calculator.py", line 220, in _build_num_microbatches_calculator
    num_microbatches_calculator = ConstantNumMicroBatchesCalculator(
                                  ^^^^^^^^^^^^^^^^^^^^^^^^^^^^^^^^^^
  File "/pscratch/sd/s/syfan/Megatron-LM/megatron/core/num_microbatches_calculator.py", line 340, in __init__
    assert global_batch_size % micro_batch_times_data_parallel_size == 0, (
           ^^^^^^^^^^^^^^^^^^^^^^^^^^^^^^^^^^^^^^^^^^^^^^^^^^^^^^^^^^^^^
AssertionError: global batch size (512) is not divisible by micro batch size (8) times data parallel size (128)
Traceback (most recent call last):
  File "/pscratch/sd/s/syfan/Megatron-LM/pretrain_gpt.py", line 335, in <module>
    pretrain(
  File "/pscratch/sd/s/syfan/Megatron-LM/megatron/training/training.py", line 681, in pretrain
    initialize_megatron(
  File "/pscratch/sd/s/syfan/Megatron-LM/megatron/training/initialize.py", line 90, in initialize_megatron
    set_global_variables(args)
  File "/pscratch/sd/s/syfan/Megatron-LM/megatron/training/global_vars.py", line 84, in set_global_variables
    init_num_microbatches_calculator(
  File "/pscratch/sd/s/syfan/Megatron-LM/megatron/core/num_microbatches_calculator.py", line 90, in init_num_microbatches_calculator
    _configure_global_num_microbatches_calculator(
  File "/pscratch/sd/s/syfan/Megatron-LM/megatron/core/num_microbatches_calculator.py", line 181, in _configure_global_num_microbatches_calculator
    _GLOBAL_NUM_MICROBATCHES_CALCULATOR = _build_num_microbatches_calculator(
                                          ^^^^^^^^^^^^^^^^^^^^^^^^^^^^^^^^^^^
  File "/pscratch/sd/s/syfan/Megatron-LM/megatron/core/num_microbatches_calculator.py", line 220, in _build_num_microbatches_calculator
    num_microbatches_calculator = ConstantNumMicroBatchesCalculator(
                                  ^^^^^^^^^^^^^^^^^^^^^^^^^^^^^^^^^^
  File "/pscratch/sd/s/syfan/Megatron-LM/megatron/core/num_microbatches_calculator.py", line 340, in __init__
    assert global_batch_size % micro_batch_times_data_parallel_size == 0, (
           ^^^^^^^^^^^^^^^^^^^^^^^^^^^^^^^^^^^^^^^^^^^^^^^^^^^^^^^^^^^^^
AssertionError: global batch size (512) is not divisible by micro batch size (8) times data parallel size (128)
Traceback (most recent call last):
  File "/pscratch/sd/s/syfan/Megatron-LM/pretrain_gpt.py", line 335, in <module>
    pretrain(
  File "/pscratch/sd/s/syfan/Megatron-LM/megatron/training/training.py", line 681, in pretrain
    initialize_megatron(
  File "/pscratch/sd/s/syfan/Megatron-LM/megatron/training/initialize.py", line 90, in initialize_megatron
    set_global_variables(args)
  File "/pscratch/sd/s/syfan/Megatron-LM/megatron/training/global_vars.py", line 84, in set_global_variables
    init_num_microbatches_calculator(
  File "/pscratch/sd/s/syfan/Megatron-LM/megatron/core/num_microbatches_calculator.py", line 90, in init_num_microbatches_calculator
    _configure_global_num_microbatches_calculator(
  File "/pscratch/sd/s/syfan/Megatron-LM/megatron/core/num_microbatches_calculator.py", line 181, in _configure_global_num_microbatches_calculator
    _GLOBAL_NUM_MICROBATCHES_CALCULATOR = _build_num_microbatches_calculator(
                                          ^^^^^^^^^^^^^^^^^^^^^^^^^^^^^^^^^^^
  File "/pscratch/sd/s/syfan/Megatron-LM/megatron/core/num_microbatches_calculator.py", line 220, in _build_num_microbatches_calculator
    num_microbatches_calculator = ConstantNumMicroBatchesCalculator(
                                  ^^^^^^^^^^^^^^^^^^^^^^^^^^^^^^^^^^
  File "/pscratch/sd/s/syfan/Megatron-LM/megatron/core/num_microbatches_calculator.py", line 340, in __init__
    assert global_batch_size % micro_batch_times_data_parallel_size == 0, (
           ^^^^^^^^^^^^^^^^^^^^^^^^^^^^^^^^^^^^^^^^^^^^^^^^^^^^^^^^^^^^^
AssertionError: global batch size (512) is not divisible by micro batch size (8) times data parallel size (128)
Traceback (most recent call last):
  File "/pscratch/sd/s/syfan/Megatron-LM/pretrain_gpt.py", line 335, in <module>
    pretrain(
  File "/pscratch/sd/s/syfan/Megatron-LM/megatron/training/training.py", line 681, in pretrain
    initialize_megatron(
  File "/pscratch/sd/s/syfan/Megatron-LM/megatron/training/initialize.py", line 90, in initialize_megatron
    set_global_variables(args)
  File "/pscratch/sd/s/syfan/Megatron-LM/megatron/training/global_vars.py", line 84, in set_global_variables
    init_num_microbatches_calculator(
  File "/pscratch/sd/s/syfan/Megatron-LM/megatron/core/num_microbatches_calculator.py", line 90, in init_num_microbatches_calculator
    _configure_global_num_microbatches_calculator(
  File "/pscratch/sd/s/syfan/Megatron-LM/megatron/core/num_microbatches_calculator.py", line 181, in _configure_global_num_microbatches_calculator
    _GLOBAL_NUM_MICROBATCHES_CALCULATOR = _build_num_microbatches_calculator(
                                          ^^^^^^^^^^^^^^^^^^^^^^^^^^^^^^^^^^^
  File "/pscratch/sd/s/syfan/Megatron-LM/megatron/core/num_microbatches_calculator.py", line 220, in _build_num_microbatches_calculator
    num_microbatches_calculator = ConstantNumMicroBatchesCalculator(
                                  ^^^^^^^^^^^^^^^^^^^^^^^^^^^^^^^^^^
  File "/pscratch/sd/s/syfan/Megatron-LM/megatron/core/num_microbatches_calculator.py", line 340, in __init__
    assert global_batch_size % micro_batch_times_data_parallel_size == 0, (
           ^^^^^^^^^^^^^^^^^^^^^^^^^^^^^^^^^^^^^^^^^^^^^^^^^^^^^^^^^^^^^
AssertionError: global batch size (512) is not divisible by micro batch size (8) times data parallel size (128)
Traceback (most recent call last):
  File "/pscratch/sd/s/syfan/Megatron-LM/pretrain_gpt.py", line 335, in <module>
    pretrain(
  File "/pscratch/sd/s/syfan/Megatron-LM/megatron/training/training.py", line 681, in pretrain
    initialize_megatron(
  File "/pscratch/sd/s/syfan/Megatron-LM/megatron/training/initialize.py", line 90, in initialize_megatron
    set_global_variables(args)
  File "/pscratch/sd/s/syfan/Megatron-LM/megatron/training/global_vars.py", line 84, in set_global_variables
    init_num_microbatches_calculator(
  File "/pscratch/sd/s/syfan/Megatron-LM/megatron/core/num_microbatches_calculator.py", line 90, in init_num_microbatches_calculator
    _configure_global_num_microbatches_calculator(
  File "/pscratch/sd/s/syfan/Megatron-LM/megatron/core/num_microbatches_calculator.py", line 181, in _configure_global_num_microbatches_calculator
    _GLOBAL_NUM_MICROBATCHES_CALCULATOR = _build_num_microbatches_calculator(
                                          ^^^^^^^^^^^^^^^^^^^^^^^^^^^^^^^^^^^
  File "/pscratch/sd/s/syfan/Megatron-LM/megatron/core/num_microbatches_calculator.py", line 220, in _build_num_microbatches_calculator
    num_microbatches_calculator = ConstantNumMicroBatchesCalculator(
                                  ^^^^^^^^^^^^^^^^^^^^^^^^^^^^^^^^^^
  File "/pscratch/sd/s/syfan/Megatron-LM/megatron/core/num_microbatches_calculator.py", line 340, in __init__
    assert global_batch_size % micro_batch_times_data_parallel_size == 0, (
           ^^^^^^^^^^^^^^^^^^^^^^^^^^^^^^^^^^^^^^^^^^^^^^^^^^^^^^^^^^^^^
AssertionError: global batch size (512) is not divisible by micro batch size (8) times data parallel size (128)
Traceback (most recent call last):
  File "/pscratch/sd/s/syfan/Megatron-LM/pretrain_gpt.py", line 335, in <module>
    pretrain(
  File "/pscratch/sd/s/syfan/Megatron-LM/megatron/training/training.py", line 681, in pretrain
    initialize_megatron(
  File "/pscratch/sd/s/syfan/Megatron-LM/megatron/training/initialize.py", line 90, in initialize_megatron
    set_global_variables(args)
  File "/pscratch/sd/s/syfan/Megatron-LM/megatron/training/global_vars.py", line 84, in set_global_variables
    init_num_microbatches_calculator(
  File "/pscratch/sd/s/syfan/Megatron-LM/megatron/core/num_microbatches_calculator.py", line 90, in init_num_microbatches_calculator
    _configure_global_num_microbatches_calculator(
  File "/pscratch/sd/s/syfan/Megatron-LM/megatron/core/num_microbatches_calculator.py", line 181, in _configure_global_num_microbatches_calculator
    _GLOBAL_NUM_MICROBATCHES_CALCULATOR = _build_num_microbatches_calculator(
                                          ^^^^^^^^^^^^^^^^^^^^^^^^^^^^^^^^^^^
  File "/pscratch/sd/s/syfan/Megatron-LM/megatron/core/num_microbatches_calculator.py", line 220, in _build_num_microbatches_calculator
    num_microbatches_calculator = ConstantNumMicroBatchesCalculator(
                                  ^^^^^^^^^^^^^^^^^^^^^^^^^^^^^^^^^^
  File "/pscratch/sd/s/syfan/Megatron-LM/megatron/core/num_microbatches_calculator.py", line 340, in __init__
    assert global_batch_size % micro_batch_times_data_parallel_size == 0, (
Traceback (most recent call last):
  File "/pscratch/sd/s/syfan/Megatron-LM/pretrain_gpt.py", line 335, in <module>
           ^^^^^^^^^^^^^^^^^^^^^^^^^^^^^^^^^^^^^^^^^^^^^^^^^^^^^^^^^^^^^
AssertionError: global batch size (512) is not divisible by micro batch size (8) times data parallel size (128)
    pretrain(
  File "/pscratch/sd/s/syfan/Megatron-LM/megatron/training/training.py", line 681, in pretrain
    initialize_megatron(
  File "/pscratch/sd/s/syfan/Megatron-LM/megatron/training/initialize.py", line 90, in initialize_megatron
    set_global_variables(args)
  File "/pscratch/sd/s/syfan/Megatron-LM/megatron/training/global_vars.py", line 84, in set_global_variables
    init_num_microbatches_calculator(
  File "/pscratch/sd/s/syfan/Megatron-LM/megatron/core/num_microbatches_calculator.py", line 90, in init_num_microbatches_calculator
    _configure_global_num_microbatches_calculator(
  File "/pscratch/sd/s/syfan/Megatron-LM/megatron/core/num_microbatches_calculator.py", line 181, in _configure_global_num_microbatches_calculator
    _GLOBAL_NUM_MICROBATCHES_CALCULATOR = _build_num_microbatches_calculator(
                                          ^^^^^^^^^^^^^^^^^^^^^^^^^^^^^^^^^^^
  File "/pscratch/sd/s/syfan/Megatron-LM/megatron/core/num_microbatches_calculator.py", line 220, in _build_num_microbatches_calculator
    num_microbatches_calculator = ConstantNumMicroBatchesCalculator(
                                  ^^^^^^^^^^^^^^^^^^^^^^^^^^^^^^^^^^
  File "/pscratch/sd/s/syfan/Megatron-LM/megatron/core/num_microbatches_calculator.py", line 340, in __init__
    assert global_batch_size % micro_batch_times_data_parallel_size == 0, (
           ^^^^^^^^^^^^^^^^^^^^^^^^^^^^^^^^^^^^^^^^^^^^^^^^^^^^^^^^^^^^^
AssertionError: global batch size (512) is not divisible by micro batch size (8) times data parallel size (128)
Traceback (most recent call last):
  File "/pscratch/sd/s/syfan/Megatron-LM/pretrain_gpt.py", line 335, in <module>
    pretrain(
  File "/pscratch/sd/s/syfan/Megatron-LM/megatron/training/training.py", line 681, in pretrain
    initialize_megatron(
  File "/pscratch/sd/s/syfan/Megatron-LM/megatron/training/initialize.py", line 90, in initialize_megatron
    set_global_variables(args)
  File "/pscratch/sd/s/syfan/Megatron-LM/megatron/training/global_vars.py", line 84, in set_global_variables
    init_num_microbatches_calculator(
  File "/pscratch/sd/s/syfan/Megatron-LM/megatron/core/num_microbatches_calculator.py", line 90, in init_num_microbatches_calculator
    _configure_global_num_microbatches_calculator(
  File "/pscratch/sd/s/syfan/Megatron-LM/megatron/core/num_microbatches_calculator.py", line 181, in _configure_global_num_microbatches_calculator
    _GLOBAL_NUM_MICROBATCHES_CALCULATOR = _build_num_microbatches_calculator(
                                          ^^^^^^^^^^^^^^^^^^^^^^^^^^^^^^^^^^^
  File "/pscratch/sd/s/syfan/Megatron-LM/megatron/core/num_microbatches_calculator.py", line 220, in _build_num_microbatches_calculator
    num_microbatches_calculator = ConstantNumMicroBatchesCalculator(
                                  ^^^^^^^^^^^^^^^^^^^^^^^^^^^^^^^^^^
  File "/pscratch/sd/s/syfan/Megatron-LM/megatron/core/num_microbatches_calculator.py", line 340, in __init__
    assert global_batch_size % micro_batch_times_data_parallel_size == 0, (
           ^^^^^^^^^^^^^^^^^^^^^^^^^^^^^^^^^^^^^^^^^^^^^^^^^^^^^^^^^^^^^
AssertionError: global batch size (512) is not divisible by micro batch size (8) times data parallel size (128)
Traceback (most recent call last):
  File "/pscratch/sd/s/syfan/Megatron-LM/pretrain_gpt.py", line 335, in <module>
    pretrain(
  File "/pscratch/sd/s/syfan/Megatron-LM/megatron/training/training.py", line 681, in pretrain
    initialize_megatron(
  File "/pscratch/sd/s/syfan/Megatron-LM/megatron/training/initialize.py", line 90, in initialize_megatron
    set_global_variables(args)
  File "/pscratch/sd/s/syfan/Megatron-LM/megatron/training/global_vars.py", line 84, in set_global_variables
    init_num_microbatches_calculator(
  File "/pscratch/sd/s/syfan/Megatron-LM/megatron/core/num_microbatches_calculator.py", line 90, in init_num_microbatches_calculator
    _configure_global_num_microbatches_calculator(
  File "/pscratch/sd/s/syfan/Megatron-LM/megatron/core/num_microbatches_calculator.py", line 181, in _configure_global_num_microbatches_calculator
    _GLOBAL_NUM_MICROBATCHES_CALCULATOR = _build_num_microbatches_calculator(
                                          ^^^^^^^^^^^^^^^^^^^^^^^^^^^^^^^^^^^
  File "/pscratch/sd/s/syfan/Megatron-LM/megatron/core/num_microbatches_calculator.py", line 220, in _build_num_microbatches_calculator
    num_microbatches_calculator = ConstantNumMicroBatchesCalculator(
                                  ^^^^^^^^^^^^^^^^^^^^^^^^^^^^^^^^^^
  File "/pscratch/sd/s/syfan/Megatron-LM/megatron/core/num_microbatches_calculator.py", line 340, in __init__
    assert global_batch_size % micro_batch_times_data_parallel_size == 0, (
           ^^^^^^^^^^^^^^^^^^^^^^^^^^^^^^^^^^^^^^^^^^^^^^^^^^^^^^^^^^^^^
AssertionError: global batch size (512) is not divisible by micro batch size (8) times data parallel size (128)
using world size: 128, data-parallel size: 128, context-parallel size: 1, hierarchical context-parallel sizes: Nonetensor-model-parallel size: 1, encoder-tensor-model-parallel size: 0, pipeline-model-parallel size: 1, encoder-pipeline-model-parallel size: 0
Number of virtual stages per pipeline stage: None
accumulate and all-reduce gradients in fp32 for bfloat16 data type.
using torch.bfloat16 for parameters ...
------------------------ arguments ------------------------
  account_for_embedding_in_pipeline_split ......... False
  account_for_loss_in_pipeline_split .............. False
  accumulate_allreduce_grads_in_fp32 .............. True
  adam_beta1 ...................................... 0.9
  adam_beta2 ...................................... 0.999
  adam_eps ........................................ 1e-08
  add_bias_linear ................................. True
  add_position_embedding .......................... True
  add_qkv_bias .................................... True
  adlr_autoresume ................................. False
  adlr_autoresume_interval ........................ 1000
  align_grad_reduce ............................... True
  align_param_gather .............................. False
  app_tag_run_name ................................ None
  app_tag_run_version ............................. 0.0.0
  apply_layernorm_1p .............................. False
  apply_query_key_layer_scaling ................... False
  apply_residual_connection_post_layernorm ........ False
  apply_rope_fusion ............................... False
  async_save ...................................... None
  async_tensor_model_parallel_allreduce ........... True
  attention_backend ............................... AttnBackend.auto
  attention_dropout ............................... 0.1
  attention_softmax_in_fp32 ....................... False
  auto_detect_ckpt_format ......................... False
  barrier_with_L1_time ............................ True
  bert_binary_head ................................ True
  bert_embedder_type .............................. megatron
  bert_load ....................................... None
  bf16 ............................................ True
  bias_dropout_fusion ............................. True
  bias_gelu_fusion ................................ True
  bias_swiglu_fusion .............................. True
  biencoder_projection_dim ........................ 0
  biencoder_shared_query_context_model ............ False
  block_data_path ................................. None
  calc_ft_timeouts ................................ False
  calculate_per_token_loss ........................ False
  check_for_large_grads ........................... False
  check_for_nan_in_loss_and_grad .................. True
  check_for_spiky_loss ............................ False
  check_weight_hash_across_dp_replicas_interval ... None
  ckpt_assume_constant_structure .................. False
  ckpt_convert_format ............................. None
  ckpt_convert_save ............................... None
  ckpt_convert_update_legacy_dist_opt_format ...... False
  ckpt_format ..................................... torch
  ckpt_fully_parallel_load ........................ False
  ckpt_fully_parallel_save ........................ True
  ckpt_fully_parallel_save_deprecated ............. False
  ckpt_step ....................................... None
  classes_fraction ................................ 1.0
  clip_grad ....................................... 1.0
  clone_scatter_output_in_embedding ............... True
  config_logger_dir ............................... 
  consumed_train_samples .......................... 0
  consumed_valid_samples .......................... 0
  context_parallel_size ........................... 1
  cp_comm_type .................................... ['p2p']
  create_attention_mask_in_dataloader ............. True
  cross_entropy_fusion_impl ....................... native
  cross_entropy_loss_fusion ....................... False
  cuda_graph_scope ................................ full
  cuda_graph_warmup_steps ......................... 3
  data_args_path .................................. None
  data_cache_path ................................. None
  data_parallel_random_init ....................... False
  data_parallel_sharding_strategy ................. no_shard
  data_parallel_size .............................. 128
  data_path ....................................... ['/pscratch/sd/s/syfan/Diloco/data/my-gpt2_text_document']
  data_per_class_fraction ......................... 1.0
  data_sharding ................................... True
  dataloader_type ................................. single
  ddp_average_in_collective ....................... False
  ddp_bucket_size ................................. None
  ddp_num_buckets ................................. None
  ddp_pad_buckets_for_high_nccl_busbw ............. False
  decoder_first_pipeline_num_layers ............... None
  decoder_last_pipeline_num_layers ................ None
  decoder_num_layers .............................. None
  decoder_seq_length .............................. None
  decoupled_lr .................................... None
  decoupled_min_lr ................................ None
  decrease_batch_size_if_needed ................... False
  defer_embedding_wgrad_compute ................... False
  deprecated_use_mcore_models ..................... False
  deterministic_mode .............................. False
  dino_bottleneck_size ............................ 256
  dino_freeze_last_layer .......................... 1
  dino_head_hidden_size ........................... 2048
  dino_local_crops_number ......................... 10
  dino_local_img_size ............................. 96
  dino_norm_last_layer ............................ False
  dino_teacher_temp ............................... 0.07
  dino_warmup_teacher_temp ........................ 0.04
  dino_warmup_teacher_temp_epochs ................. 30
  disable_bf16_reduced_precision_matmul ........... False
  disable_mamba_mem_eff_path ...................... False
  disable_straggler_on_startup .................... False
  dist_ckpt_format_deprecated ..................... None
  dist_ckpt_strictness ............................ assume_ok_unexpected
  distribute_saved_activations .................... False
  distributed_backend ............................. nccl
  distributed_timeout_minutes ..................... 10
  embedding_path .................................. None
  empty_unused_memory_level ....................... 0
  enable_cuda_graph ............................... False
  enable_ft_package ............................... False
  enable_gloo_process_groups ...................... True
  enable_msc ...................................... True
  enable_one_logger ............................... True
  encoder_num_layers .............................. 24
  encoder_pipeline_model_parallel_size ............ 0
  encoder_seq_length .............................. 1024
  encoder_tensor_model_parallel_size .............. 0
  end_weight_decay ................................ 0.1
  eod_mask_loss ................................... False
  error_injection_rate ............................ 0
  error_injection_type ............................ transient_error
  eval_interval ................................... 10000
  eval_iters ...................................... 10
  evidence_data_path .............................. None
  exit_duration_in_mins ........................... None
  exit_interval ................................... None
  exit_on_missing_checkpoint ...................... False
  exit_signal_handler ............................. False
  exp_avg_dtype ................................... torch.float32
  exp_avg_sq_dtype ................................ torch.float32
  expert_model_parallel_size ...................... 1
  expert_tensor_parallel_size ..................... 1
  external_cuda_graph ............................. False
  ffn_hidden_size ................................. 4096
  finetune ........................................ False
  first_last_layers_bf16 .......................... False
  flash_decode .................................... False
  fp16 ............................................ False
  fp16_lm_cross_entropy ........................... False
  fp32_residual_connection ........................ False
  fp8 ............................................. None
  fp8_amax_compute_algo ........................... most_recent
  fp8_amax_history_len ............................ 1
  fp8_interval .................................... 1
  fp8_margin ...................................... 0
  fp8_param_gather ................................ False
  fp8_recipe ...................................... delayed
  fp8_wgrad ....................................... True
  global_batch_size ............................... 512
  grad_reduce_in_bf16 ............................. False
  gradient_accumulation_fusion .................... True
  gradient_reduce_div_fusion ...................... True
  group_query_attention ........................... False
  head_lr_mult .................................... 1.0
  heterogeneous_layers_config_encoded_json ........ None
  heterogeneous_layers_config_path ................ None
  hidden_dropout .................................. 0.1
  hidden_size ..................................... 1024
  hierarchical_context_parallel_sizes ............. None
  hybrid_attention_ratio .......................... 0.0
  hybrid_mlp_ratio ................................ 0.0
  hybrid_override_pattern ......................... None
  hysteresis ...................................... 2
  ict_head_size ................................... None
  ict_load ........................................ None
  img_h ........................................... 224
  img_w ........................................... 224
  indexer_batch_size .............................. 128
  indexer_log_interval ............................ 1000
  inference_batch_times_seqlen_threshold .......... -1
  inference_dynamic_batching ...................... False
  inference_dynamic_batching_buffer_guaranteed_fraction  0.2
  inference_dynamic_batching_buffer_overflow_factor  None
  inference_dynamic_batching_buffer_size_gb ....... 40.0
  inference_dynamic_batching_chunk_size ........... 256
  inference_dynamic_batching_max_requests_override  None
  inference_dynamic_batching_max_tokens_override .. None
  inference_max_batch_size ........................ 8
  inference_max_seq_length ........................ 2560
  inference_rng_tracker ........................... False
  init_method_std ................................. 0.02
  init_method_xavier_uniform ...................... False
  init_model_with_meta_device ..................... False
  initial_loss_scale .............................. 4294967296
  is_hybrid_model ................................. False
  iter_per_epoch .................................. 1250
  iterations_to_skip .............................. []
  keep_fp8_transpose_cache_when_using_custom_fsdp . False
  kv_channels ..................................... 64
  kv_lora_rank .................................... 32
  lazy_mpu_init ................................... None
  load ............................................ None
  local_rank ...................................... 0
  log_interval .................................... 10
  log_loss_scale_to_tensorboard ................... True
  log_memory_to_tensorboard ....................... False
  log_num_zeros_in_grad ........................... False
  log_params_norm ................................. False
  log_progress .................................... False
  log_straggler ................................... False
  log_throughput .................................. False
  log_timers_to_tensorboard ....................... False
  log_validation_ppl_to_tensorboard ............... False
  log_world_size_to_tensorboard ................... False
  logging_level ................................... None
  loss_scale ...................................... None
  loss_scale_window ............................... 1000
  lr .............................................. 0.0004
  lr_decay_iters .................................. 100000
  lr_decay_samples ................................ None
  lr_decay_style .................................. cosine
  lr_warmup_fraction .............................. None
  lr_warmup_init .................................. 0.0
  lr_warmup_iters ................................. 1000
  lr_warmup_samples ............................... 0
  lr_wsd_decay_iters .............................. None
  lr_wsd_decay_samples ............................ None
  lr_wsd_decay_style .............................. exponential
  main_grads_dtype ................................ torch.float32
  main_params_dtype ............................... torch.float32
  make_vocab_size_divisible_by .................... 128
  mamba_head_dim .................................. 64
  mamba_num_groups ................................ 8
  mamba_num_heads ................................. None
  mamba_state_dim ................................. 128
  manual_gc ....................................... False
  manual_gc_eval .................................. True
  manual_gc_interval .............................. 0
  mask_factor ..................................... 1.0
  mask_prob ....................................... 0.15
  mask_type ....................................... random
  masked_softmax_fusion ........................... True
  max_position_embeddings ......................... 1024
  max_tokens_to_oom ............................... 12000
  memory_snapshot_path ............................ snapshot.pickle
  merge_file ...................................... /pscratch/sd/s/syfan/Diloco/data/gpt2-merges.txt
  micro_batch_size ................................ 8
  microbatch_group_size_per_vp_stage .............. None
  mid_level_dataset_surplus ....................... 0.005
  min_loss_scale .................................. 1.0
  min_lr .......................................... 4e-05
  mlp_chunks_for_prefill .......................... 1
  mmap_bin_files .................................. True
  mock_data ....................................... False
  moe_aux_loss_coeff .............................. 0.0
  moe_enable_deepep ............................... False
  moe_expert_capacity_factor ...................... None
  moe_extended_tp ................................. False
  moe_ffn_hidden_size ............................. None
  moe_grouped_gemm ................................ False
  moe_input_jitter_eps ............................ None
  moe_layer_freq .................................. 1
  moe_layer_recompute ............................. False
  moe_pad_expert_input_to_capacity ................ False
  moe_per_layer_logging ........................... False
  moe_permute_fusion .............................. False
  moe_router_bias_update_rate ..................... 0.001
  moe_router_dtype ................................ None
  moe_router_enable_expert_bias ................... False
  moe_router_group_topk ........................... None
  moe_router_load_balancing_type .................. aux_loss
  moe_router_num_groups ........................... None
  moe_router_pre_softmax .......................... False
  moe_router_score_function ....................... softmax
  moe_router_topk ................................. 2
  moe_router_topk_scaling_factor .................. None
  moe_shared_expert_intermediate_size ............. None
  moe_shared_expert_overlap ....................... False
  moe_token_dispatcher_type ....................... allgather
  moe_token_drop_policy ........................... probs
  moe_use_legacy_grouped_gemm ..................... False
  moe_use_upcycling ............................... False
  moe_z_loss_coeff ................................ None
  mrope_section ................................... None
  mscale .......................................... 1.0
  mscale_all_dim .................................. 1.0
  mtp_loss_scaling_factor ......................... 0.1
  mtp_num_layers .................................. None
  multi_latent_attention .......................... False
  nccl_communicator_config_path ................... None
  no_load_optim ................................... None
  no_load_rng ..................................... None
  no_persist_layer_norm ........................... False
  no_save_optim ................................... None
  no_save_rng ..................................... None
  non_persistent_ckpt_type ........................ None
  non_persistent_global_ckpt_dir .................. None
  non_persistent_local_ckpt_algo .................. fully_parallel
  non_persistent_local_ckpt_dir ................... None
  non_persistent_save_interval .................... None
  norm_epsilon .................................... 1e-05
  normalization ................................... LayerNorm
  num_attention_heads ............................. 16
  num_channels .................................... 3
  num_classes ..................................... 1000
  num_dataset_builder_threads ..................... 1
  num_distributed_optimizer_instances ............. 1
  num_experts ..................................... None
  num_layers ...................................... 24
  num_layers_at_end_in_bf16 ....................... 1
  num_layers_at_start_in_bf16 ..................... 1
  num_layers_per_virtual_pipeline_stage ........... None
  num_query_groups ................................ 1
  num_virtual_stages_per_pipeline_rank ............ None
  num_workers ..................................... 2
  object_storage_cache_path ....................... None
  one_logger_async ................................ False
  one_logger_project .............................. megatron-lm
  one_logger_run_name ............................. None
  onnx_safe ....................................... None
  openai_gelu ..................................... False
  optimizer ....................................... adam
  optimizer_cpu_offload ........................... False
  optimizer_offload_fraction ...................... 1.0
  output_bert_embeddings .......................... False
  overlap_cpu_optimizer_d2h_h2d ................... False
  overlap_grad_reduce ............................. False
  overlap_p2p_comm ................................ False
  overlap_p2p_comm_warmup_flush ................... False
  overlap_param_gather ............................ False
  overlap_param_gather_with_optimizer_step ........ False
  override_opt_param_scheduler .................... False
  params_dtype .................................... torch.bfloat16
  patch_dim ....................................... 16
  per_split_data_args_path ........................ None
  perform_initialization .......................... True
  pin_cpu_grads ................................... True
  pin_cpu_params .................................. True
  pipeline_model_parallel_comm_backend ............ None
  pipeline_model_parallel_size .................... 1
  pipeline_model_parallel_split_rank .............. None
  position_embedding_type ......................... learned_absolute
  pretrained_checkpoint ........................... None
  profile ......................................... False
  profile_ranks ................................... [0]
  profile_step_end ................................ 12
  profile_step_start .............................. 10
  q_lora_rank ..................................... None
  qk_head_dim ..................................... 128
  qk_layernorm .................................... False
  qk_pos_emb_head_dim ............................. 64
  query_in_block_prob ............................. 0.1
  rampup_batch_size ............................... None
  rank ............................................ 0
  recompute_granularity ........................... None
  recompute_method ................................ None
  recompute_modules ............................... None
  recompute_num_layers ............................ None
  record_memory_history ........................... False
  relative_attention_max_distance ................. 128
  relative_attention_num_buckets .................. 32
  replication ..................................... False
  replication_factor .............................. 2
  replication_jump ................................ None
  rerun_mode ...................................... disabled
  reset_attention_mask ............................ False
  reset_position_ids .............................. False
  result_rejected_tracker_filename ................ None
  retriever_report_topk_accuracies ................ []
  retriever_score_scaling ......................... False
  retriever_seq_length ............................ 256
  retro_add_retriever ............................. False
  retro_attention_gate ............................ 1
  retro_cyclic_train_iters ........................ None
  retro_encoder_attention_dropout ................. 0.1
  retro_encoder_hidden_dropout .................... 0.1
  retro_encoder_layers ............................ 2
  retro_num_neighbors ............................. 2
  retro_num_retrieved_chunks ...................... 2
  retro_project_dir ............................... None
  retro_verify_neighbor_count ..................... True
  rope_scaling_factor ............................. 8.0
  rotary_base ..................................... 10000
  rotary_interleaved .............................. False
  rotary_percent .................................. 1.0
  rotary_scaling_factor ........................... 1.0
  rotary_seq_len_interpolation_factor ............. None
  run_workload_inspector_server ................... False
  sample_rate ..................................... 1.0
  save ............................................ None
  save_interval ................................... 10000
  scatter_gather_tensors_in_pipeline .............. True
  seed ............................................ 1234
  seq_length ...................................... 1024
  sequence_parallel ............................... False
  sgd_momentum .................................... 0.9
  short_seq_prob .................................. 0.1
  skip_train ...................................... False
  skipped_train_samples ........................... 0
  spec ............................................ None
  split ........................................... 949,50,1
  squared_relu .................................... False
  start_weight_decay .............................. 0.1
  straggler_ctrlr_port ............................ 65535
  straggler_minmax_count .......................... 1
  suggested_communication_unit_size ............... None
  swiglu .......................................... False
  swin_backbone_type .............................. tiny
  te_rng_tracker .................................. False
  tensor_model_parallel_size ...................... 1
  tensorboard_dir ................................. /pscratch/sd/s/syfan/Megatron-LM/logs
  tensorboard_log_interval ........................ 1
  tensorboard_queue_size .......................... 1000
  test_data_path .................................. None
  test_mode ....................................... False
  tiktoken_num_special_tokens ..................... 1000
  tiktoken_pattern ................................ None
  tiktoken_special_tokens ......................... None
  timing_log_level ................................ 0
  timing_log_option ............................... minmax
  titles_data_path ................................ None
  tokenizer_model ................................. None
  tokenizer_type .................................. GPT2BPETokenizer
  tp_comm_bootstrap_backend ....................... nccl
  tp_comm_bulk_dgrad .............................. True
  tp_comm_bulk_wgrad .............................. True
  tp_comm_overlap ................................. False
  tp_comm_overlap_ag .............................. True
  tp_comm_overlap_cfg ............................. None
  tp_comm_overlap_rs .............................. True
  tp_comm_overlap_rs_dgrad ........................ False
  tp_comm_split_ag ................................ True
  tp_comm_split_rs ................................ True
  train_data_path ................................. None
  train_iters ..................................... 1000
  train_samples ................................... None
  train_sync_interval ............................. None
  transformer_impl ................................ local
  transformer_pipeline_model_parallel_size ........ 1
  untie_embeddings_and_output_weights ............. False
  use_checkpoint_args ............................. False
  use_checkpoint_opt_param_scheduler .............. False
  use_cpu_initialization .......................... None
  use_custom_fsdp ................................. False
  use_dist_ckpt ................................... False
  use_dist_ckpt_deprecated ........................ False
  use_distributed_optimizer ....................... False
  use_flash_attn .................................. True
  use_legacy_models ............................... True
  use_mp_args_from_checkpoint_args ................ False
  use_one_sent_docs ............................... False
  use_persistent_ckpt_worker ...................... False
  use_precision_aware_optimizer ................... False
  use_pytorch_profiler ............................ False
  use_ring_exchange_p2p ........................... False
  use_rope_scaling ................................ False
  use_rotary_position_embeddings .................. False
  use_tokenizer_model_from_checkpoint_args ........ True
  use_torch_fsdp2 ................................. False
  use_torch_optimizer_for_cpu_offload ............. False
  use_tp_pp_dp_mapping ............................ False
  v_head_dim ...................................... 128
  valid_data_path ................................. None
  variable_seq_lengths ............................ False
  virtual_pipeline_model_parallel_size ............ None
  vision_backbone_type ............................ vit
  vision_pretraining .............................. False
  vision_pretraining_type ......................... classify
  vocab_extra_ids ................................. 0
  vocab_file ...................................... /pscratch/sd/s/syfan/Diloco/data/gpt2-vocab.json
  vocab_size ...................................... None
  wandb_exp_name .................................. 
  wandb_project ................................... 
  wandb_save_dir .................................. 
  weight_decay .................................... 0.1
  weight_decay_incr_style ......................... constant
  wgrad_deferral_limit ............................ 0
  world_size ...................................... 128
  yaml_cfg ........................................ None
-------------------- end of arguments ---------------------
Traceback (most recent call last):
  File "/pscratch/sd/s/syfan/Megatron-LM/pretrain_gpt.py", line 335, in <module>
    pretrain(
  File "/pscratch/sd/s/syfan/Megatron-LM/megatron/training/training.py", line 681, in pretrain
    initialize_megatron(
  File "/pscratch/sd/s/syfan/Megatron-LM/megatron/training/initialize.py", line 90, in initialize_megatron
    set_global_variables(args)
  File "/pscratch/sd/s/syfan/Megatron-LM/megatron/training/global_vars.py", line 84, in set_global_variables
    init_num_microbatches_calculator(
  File "/pscratch/sd/s/syfan/Megatron-LM/megatron/core/num_microbatches_calculator.py", line 90, in init_num_microbatches_calculator
    _configure_global_num_microbatches_calculator(
  File "/pscratch/sd/s/syfan/Megatron-LM/megatron/core/num_microbatches_calculator.py", line 181, in _configure_global_num_microbatches_calculator
    _GLOBAL_NUM_MICROBATCHES_CALCULATOR = _build_num_microbatches_calculator(
                                          ^^^^^^^^^^^^^^^^^^^^^^^^^^^^^^^^^^^
  File "/pscratch/sd/s/syfan/Megatron-LM/megatron/core/num_microbatches_calculator.py", line 220, in _build_num_microbatches_calculator
    num_microbatches_calculator = ConstantNumMicroBatchesCalculator(
                                  ^^^^^^^^^^^^^^^^^^^^^^^^^^^^^^^^^^
  File "/pscratch/sd/s/syfan/Megatron-LM/megatron/core/num_microbatches_calculator.py", line 340, in __init__
    assert global_batch_size % micro_batch_times_data_parallel_size == 0, (
           ^^^^^^^^^^^^^^^^^^^^^^^^^^^^^^^^^^^^^^^^^^^^^^^^^^^^^^^^^^^^^
AssertionError: global batch size (512) is not divisible by micro batch size (8) times data parallel size (128)
Traceback (most recent call last):
  File "/pscratch/sd/s/syfan/Megatron-LM/pretrain_gpt.py", line 335, in <module>
    pretrain(
  File "/pscratch/sd/s/syfan/Megatron-LM/megatron/training/training.py", line 681, in pretrain
    initialize_megatron(
  File "/pscratch/sd/s/syfan/Megatron-LM/megatron/training/initialize.py", line 90, in initialize_megatron
    set_global_variables(args)
  File "/pscratch/sd/s/syfan/Megatron-LM/megatron/training/global_vars.py", line 84, in set_global_variables
    init_num_microbatches_calculator(
  File "/pscratch/sd/s/syfan/Megatron-LM/megatron/core/num_microbatches_calculator.py", line 90, in init_num_microbatches_calculator
    _configure_global_num_microbatches_calculator(
  File "/pscratch/sd/s/syfan/Megatron-LM/megatron/core/num_microbatches_calculator.py", line 181, in _configure_global_num_microbatches_calculator
    _GLOBAL_NUM_MICROBATCHES_CALCULATOR = _build_num_microbatches_calculator(
                                          ^^^^^^^^^^^^^^^^^^^^^^^^^^^^^^^^^^^
  File "/pscratch/sd/s/syfan/Megatron-LM/megatron/core/num_microbatches_calculator.py", line 220, in _build_num_microbatches_calculator
    num_microbatches_calculator = ConstantNumMicroBatchesCalculator(
                                  ^^^^^^^^^^^^^^^^^^^^^^^^^^^^^^^^^^
  File "/pscratch/sd/s/syfan/Megatron-LM/megatron/core/num_microbatches_calculator.py", line 340, in __init__
    assert global_batch_size % micro_batch_times_data_parallel_size == 0, (
           ^^^^^^^^^^^^^^^^^^^^^^^^^^^^^^^^^^^^^^^^^^^^^^^^^^^^^^^^^^^^^
AssertionError: global batch size (512) is not divisible by micro batch size (8) times data parallel size (128)
Traceback (most recent call last):
  File "/pscratch/sd/s/syfan/Megatron-LM/pretrain_gpt.py", line 335, in <module>
    pretrain(
  File "/pscratch/sd/s/syfan/Megatron-LM/megatron/training/training.py", line 681, in pretrain
    initialize_megatron(
  File "/pscratch/sd/s/syfan/Megatron-LM/megatron/training/initialize.py", line 90, in initialize_megatron
    set_global_variables(args)
  File "/pscratch/sd/s/syfan/Megatron-LM/megatron/training/global_vars.py", line 84, in set_global_variables
    init_num_microbatches_calculator(
  File "/pscratch/sd/s/syfan/Megatron-LM/megatron/core/num_microbatches_calculator.py", line 90, in init_num_microbatches_calculator
    _configure_global_num_microbatches_calculator(
  File "/pscratch/sd/s/syfan/Megatron-LM/megatron/core/num_microbatches_calculator.py", line 181, in _configure_global_num_microbatches_calculator
    _GLOBAL_NUM_MICROBATCHES_CALCULATOR = _build_num_microbatches_calculator(
                                          ^^^^^^^^^^^^^^^^^^^^^^^^^^^^^^^^^^^
  File "/pscratch/sd/s/syfan/Megatron-LM/megatron/core/num_microbatches_calculator.py", line 220, in _build_num_microbatches_calculator
    num_microbatches_calculator = ConstantNumMicroBatchesCalculator(
                                  ^^^^^^^^^^^^^^^^^^^^^^^^^^^^^^^^^^
  File "/pscratch/sd/s/syfan/Megatron-LM/megatron/core/num_microbatches_calculator.py", line 340, in __init__
    assert global_batch_size % micro_batch_times_data_parallel_size == 0, (
           ^^^^^^^^^^^^^^^^^^^^^^^^^^^^^^^^^^^^^^^^^^^^^^^^^^^^^^^^^^^^^
AssertionError: global batch size (512) is not divisible by micro batch size (8) times data parallel size (128)
Traceback (most recent call last):
  File "/pscratch/sd/s/syfan/Megatron-LM/pretrain_gpt.py", line 335, in <module>
    pretrain(
  File "/pscratch/sd/s/syfan/Megatron-LM/megatron/training/training.py", line 681, in pretrain
    initialize_megatron(
  File "/pscratch/sd/s/syfan/Megatron-LM/megatron/training/initialize.py", line 90, in initialize_megatron
    set_global_variables(args)
  File "/pscratch/sd/s/syfan/Megatron-LM/megatron/training/global_vars.py", line 84, in set_global_variables
    init_num_microbatches_calculator(
  File "/pscratch/sd/s/syfan/Megatron-LM/megatron/core/num_microbatches_calculator.py", line 90, in init_num_microbatches_calculator
    _configure_global_num_microbatches_calculator(
  File "/pscratch/sd/s/syfan/Megatron-LM/megatron/core/num_microbatches_calculator.py", line 181, in _configure_global_num_microbatches_calculator
    _GLOBAL_NUM_MICROBATCHES_CALCULATOR = _build_num_microbatches_calculator(
                                          ^^^^^^^^^^^^^^^^^^^^^^^^^^^^^^^^^^^
  File "/pscratch/sd/s/syfan/Megatron-LM/megatron/core/num_microbatches_calculator.py", line 220, in _build_num_microbatches_calculator
    num_microbatches_calculator = ConstantNumMicroBatchesCalculator(
                                  ^^^^^^^^^^^^^^^^^^^^^^^^^^^^^^^^^^
  File "/pscratch/sd/s/syfan/Megatron-LM/megatron/core/num_microbatches_calculator.py", line 340, in __init__
    assert global_batch_size % micro_batch_times_data_parallel_size == 0, (
           ^^^^^^^^^^^^^^^^^^^^^^^^^^^^^^^^^^^^^^^^^^^^^^^^^^^^^^^^^^^^^
AssertionError: global batch size (512) is not divisible by micro batch size (8) times data parallel size (128)
Traceback (most recent call last):
  File "/pscratch/sd/s/syfan/Megatron-LM/pretrain_gpt.py", line 335, in <module>
    pretrain(
  File "/pscratch/sd/s/syfan/Megatron-LM/megatron/training/training.py", line 681, in pretrain
    initialize_megatron(
  File "/pscratch/sd/s/syfan/Megatron-LM/megatron/training/initialize.py", line 90, in initialize_megatron
    set_global_variables(args)
  File "/pscratch/sd/s/syfan/Megatron-LM/megatron/training/global_vars.py", line 84, in set_global_variables
    init_num_microbatches_calculator(
  File "/pscratch/sd/s/syfan/Megatron-LM/megatron/core/num_microbatches_calculator.py", line 90, in init_num_microbatches_calculator
    _configure_global_num_microbatches_calculator(
  File "/pscratch/sd/s/syfan/Megatron-LM/megatron/core/num_microbatches_calculator.py", line 181, in _configure_global_num_microbatches_calculator
    _GLOBAL_NUM_MICROBATCHES_CALCULATOR = _build_num_microbatches_calculator(
                                          ^^^^^^^^^^^^^^^^^^^^^^^^^^^^^^^^^^^
  File "/pscratch/sd/s/syfan/Megatron-LM/megatron/core/num_microbatches_calculator.py", line 220, in _build_num_microbatches_calculator
    num_microbatches_calculator = ConstantNumMicroBatchesCalculator(
                                  ^^^^^^^^^^^^^^^^^^^^^^^^^^^^^^^^^^
  File "/pscratch/sd/s/syfan/Megatron-LM/megatron/core/num_microbatches_calculator.py", line 340, in __init__
    assert global_batch_size % micro_batch_times_data_parallel_size == 0, (
           ^^^^^^^^^^^^^^^^^^^^^^^^^^^^^^^^^^^^^^^^^^^^^^^^^^^^^^^^^^^^^
AssertionError: global batch size (512) is not divisible by micro batch size (8) times data parallel size (128)
Traceback (most recent call last):
  File "/pscratch/sd/s/syfan/Megatron-LM/pretrain_gpt.py", line 335, in <module>
    pretrain(
  File "/pscratch/sd/s/syfan/Megatron-LM/megatron/training/training.py", line 681, in pretrain
Traceback (most recent call last):
  File "/pscratch/sd/s/syfan/Megatron-LM/pretrain_gpt.py", line 335, in <module>
    pretrain(
  File "/pscratch/sd/s/syfan/Megatron-LM/megatron/training/training.py", line 681, in pretrain
Traceback (most recent call last):
  File "/pscratch/sd/s/syfan/Megatron-LM/pretrain_gpt.py", line 335, in <module>
    initialize_megatron(
  File "/pscratch/sd/s/syfan/Megatron-LM/megatron/training/initialize.py", line 90, in initialize_megatron
    initialize_megatron(
  File "/pscratch/sd/s/syfan/Megatron-LM/megatron/training/initialize.py", line 90, in initialize_megatron
    pretrain(
  File "/pscratch/sd/s/syfan/Megatron-LM/megatron/training/training.py", line 681, in pretrain
    initialize_megatron(
  File "/pscratch/sd/s/syfan/Megatron-LM/megatron/training/initialize.py", line 90, in initialize_megatron
    set_global_variables(args)
  File "/pscratch/sd/s/syfan/Megatron-LM/megatron/training/global_vars.py", line 84, in set_global_variables
    set_global_variables(args)
  File "/pscratch/sd/s/syfan/Megatron-LM/megatron/training/global_vars.py", line 84, in set_global_variables
    set_global_variables(args)
  File "/pscratch/sd/s/syfan/Megatron-LM/megatron/training/global_vars.py", line 84, in set_global_variables
    init_num_microbatches_calculator(
  File "/pscratch/sd/s/syfan/Megatron-LM/megatron/core/num_microbatches_calculator.py", line 90, in init_num_microbatches_calculator
    init_num_microbatches_calculator(
  File "/pscratch/sd/s/syfan/Megatron-LM/megatron/core/num_microbatches_calculator.py", line 90, in init_num_microbatches_calculator
    init_num_microbatches_calculator(
  File "/pscratch/sd/s/syfan/Megatron-LM/megatron/core/num_microbatches_calculator.py", line 90, in init_num_microbatches_calculator
Traceback (most recent call last):
  File "/pscratch/sd/s/syfan/Megatron-LM/pretrain_gpt.py", line 335, in <module>
        pretrain(_configure_global_num_microbatches_calculator(    

_configure_global_num_microbatches_calculator(
  File "/pscratch/sd/s/syfan/Megatron-LM/megatron/core/num_microbatches_calculator.py", line 181, in _configure_global_num_microbatches_calculator
  File "/pscratch/sd/s/syfan/Megatron-LM/megatron/training/training.py", line 681, in pretrain
  File "/pscratch/sd/s/syfan/Megatron-LM/megatron/core/num_microbatches_calculator.py", line 181, in _configure_global_num_microbatches_calculator
    _configure_global_num_microbatches_calculator(
  File "/pscratch/sd/s/syfan/Megatron-LM/megatron/core/num_microbatches_calculator.py", line 181, in _configure_global_num_microbatches_calculator
    initialize_megatron(
  File "/pscratch/sd/s/syfan/Megatron-LM/megatron/training/initialize.py", line 90, in initialize_megatron
    _GLOBAL_NUM_MICROBATCHES_CALCULATOR = _build_num_microbatches_calculator(    
_GLOBAL_NUM_MICROBATCHES_CALCULATOR = _build_num_microbatches_calculator(
                                                               set_global_variables(args)  
             _GLOBAL_NUM_MICROBATCHES_CALCULATOR = _build_num_microbatches_calculator(  
               ^ ^^ ^^  File "/pscratch/sd/s/syfan/Megatron-LM/megatron/training/global_vars.py", line 84, in set_global_variables
 ^^ ^^^ ^^ ^^ ^^ ^^ ^^ ^^ ^^ ^^ ^^ ^^ ^ ^^  ^^ ^^ ^^ ^^^ ^^ ^^ ^^ ^ ^^ ^^ ^^ ^^ ^^ ^^ ^^ ^^ ^^ ^^^ 

   ^  File "/pscratch/sd/s/syfan/Megatron-LM/megatron/core/num_microbatches_calculator.py", line 220, in _build_num_microbatches_calculator
  File "/pscratch/sd/s/syfan/Megatron-LM/megatron/core/num_microbatches_calculator.py", line 220, in _build_num_microbatches_calculator
^^^^^^^^^^^^^^^^^^^^^^^^^^^^^^^^^^
  File "/pscratch/sd/s/syfan/Megatron-LM/megatron/core/num_microbatches_calculator.py", line 220, in _build_num_microbatches_calculator
    num_microbatches_calculator = ConstantNumMicroBatchesCalculator(
              num_microbatches_calculator = ConstantNumMicroBatchesCalculator( 
                         num_microbatches_calculator = ConstantNumMicroBatchesCalculator(  
                              ^  ^  ^  ^  ^  ^  ^      ^  ^init_num_microbatches_calculator(  
 ^  ^  ^    File "/pscratch/sd/s/syfan/Megatron-LM/megatron/core/num_microbatches_calculator.py", line 90, in init_num_microbatches_calculator
 ^  ^^ ^^ ^^ ^^ ^^ ^^ ^^ ^^ ^^ ^^ ^^^^^^^^^^^^^^^^^^^^^^^^^^^^^^^^
^^^^^^  File "/pscratch/sd/s/syfan/Megatron-LM/megatron/core/num_microbatches_calculator.py", line 340, in __init__
^^^^^^^^^^^^^^^^^^^^^
^^^^^  File "/pscratch/sd/s/syfan/Megatron-LM/megatron/core/num_microbatches_calculator.py", line 340, in __init__
^^^^^
    _configure_global_num_microbatches_calculator(
  File "/pscratch/sd/s/syfan/Megatron-LM/megatron/core/num_microbatches_calculator.py", line 340, in __init__
  File "/pscratch/sd/s/syfan/Megatron-LM/megatron/core/num_microbatches_calculator.py", line 181, in _configure_global_num_microbatches_calculator
    _GLOBAL_NUM_MICROBATCHES_CALCULATOR = _build_num_microbatches_calculator(
                                          ^^^^^^^^^^^^^^^^^^^^^^^^^^^^^^^^^^^
  File "/pscratch/sd/s/syfan/Megatron-LM/megatron/core/num_microbatches_calculator.py", line 220, in _build_num_microbatches_calculator
    num_microbatches_calculator = ConstantNumMicroBatchesCalculator(
                                  ^^^^^^^^^^^^^^^^^^^^^^^^^^^^^^^^^^
  File "/pscratch/sd/s/syfan/Megatron-LM/megatron/core/num_microbatches_calculator.py", line 340, in __init__
        assert global_batch_size % micro_batch_times_data_parallel_size == 0, (assert global_batch_size % micro_batch_times_data_parallel_size == 0, (

    assert global_batch_size % micro_batch_times_data_parallel_size == 0, (
                           ^  ^^ ^^ ^^ ^^ ^^^^^^^^^^^^^^^^^^^^^^^^^^^^^^^^^^^^^^^^^^^^^^^^^^^^^^^^^^    ^^^^assert global_batch_size % micro_batch_times_data_parallel_size == 0, (^^^
^^^^^^^^^^^^^^^^^^^^^^^^^^^^ ^^^ ^^^^ ^^ ^^^ ^^^ ^^^^ ^^^ ^^^ ^^^^ ^^ ^^^^^^^^^^^^^^^^^^^^^^^^^^^^^^^^^^^^^^^^^^^^^^^^^^^^^^
^^^^^^^^^^
^AssertionError^^^: ^AssertionError^^global batch size (512) is not divisible by micro batch size (8) times data parallel size (128): ^^
global batch size (512) is not divisible by micro batch size (8) times data parallel size (128)^

^^^^AssertionError^^: ^global batch size (512) is not divisible by micro batch size (8) times data parallel size (128)^
^^^^^^^^^^^^^^^^^^^^^^^^^^^^^
AssertionError: global batch size (512) is not divisible by micro batch size (8) times data parallel size (128)
Traceback (most recent call last):
  File "/pscratch/sd/s/syfan/Megatron-LM/pretrain_gpt.py", line 335, in <module>
    pretrain(
  File "/pscratch/sd/s/syfan/Megatron-LM/megatron/training/training.py", line 681, in pretrain
    initialize_megatron(
  File "/pscratch/sd/s/syfan/Megatron-LM/megatron/training/initialize.py", line 90, in initialize_megatron
    set_global_variables(args)
  File "/pscratch/sd/s/syfan/Megatron-LM/megatron/training/global_vars.py", line 84, in set_global_variables
    init_num_microbatches_calculator(
  File "/pscratch/sd/s/syfan/Megatron-LM/megatron/core/num_microbatches_calculator.py", line 90, in init_num_microbatches_calculator
    _configure_global_num_microbatches_calculator(
  File "/pscratch/sd/s/syfan/Megatron-LM/megatron/core/num_microbatches_calculator.py", line 181, in _configure_global_num_microbatches_calculator
    _GLOBAL_NUM_MICROBATCHES_CALCULATOR = _build_num_microbatches_calculator(
                                          ^^^^^^^^^^^^^^^^^^^^^^^^^^^^^^^^^^^
  File "/pscratch/sd/s/syfan/Megatron-LM/megatron/core/num_microbatches_calculator.py", line 220, in _build_num_microbatches_calculator
    num_microbatches_calculator = ConstantNumMicroBatchesCalculator(
                                  ^^^^^^^^^^^^^^^^^^^^^^^^^^^^^^^^^^
  File "/pscratch/sd/s/syfan/Megatron-LM/megatron/core/num_microbatches_calculator.py", line 340, in __init__
    assert global_batch_size % micro_batch_times_data_parallel_size == 0, (
           ^^^^^^^^^^^^^^^^^^^^^^^^^^^^^^^^^^^^^^^^^^^^^^^^^^^^^^^^^^^^^
AssertionError: global batch size (512) is not divisible by micro batch size (8) times data parallel size (128)
Traceback (most recent call last):
  File "/pscratch/sd/s/syfan/Megatron-LM/pretrain_gpt.py", line 335, in <module>
    pretrain(
  File "/pscratch/sd/s/syfan/Megatron-LM/megatron/training/training.py", line 681, in pretrain
    initialize_megatron(
  File "/pscratch/sd/s/syfan/Megatron-LM/megatron/training/initialize.py", line 90, in initialize_megatron
    set_global_variables(args)
  File "/pscratch/sd/s/syfan/Megatron-LM/megatron/training/global_vars.py", line 84, in set_global_variables
    init_num_microbatches_calculator(
  File "/pscratch/sd/s/syfan/Megatron-LM/megatron/core/num_microbatches_calculator.py", line 90, in init_num_microbatches_calculator
    _configure_global_num_microbatches_calculator(
  File "/pscratch/sd/s/syfan/Megatron-LM/megatron/core/num_microbatches_calculator.py", line 181, in _configure_global_num_microbatches_calculator
    _GLOBAL_NUM_MICROBATCHES_CALCULATOR = _build_num_microbatches_calculator(
                                          ^^^^^^^^^^^^^^^^^^^^^^^^^^^^^^^^^^^
  File "/pscratch/sd/s/syfan/Megatron-LM/megatron/core/num_microbatches_calculator.py", line 220, in _build_num_microbatches_calculator
    num_microbatches_calculator = ConstantNumMicroBatchesCalculator(
                                  ^^^^^^^^^^^^^^^^^^^^^^^^^^^^^^^^^^
  File "/pscratch/sd/s/syfan/Megatron-LM/megatron/core/num_microbatches_calculator.py", line 340, in __init__
    assert global_batch_size % micro_batch_times_data_parallel_size == 0, (
           ^^^^^^^^^^^^^^^^^^^^^^^^^^^^^^^^^^^^^^^^^^^^^^^^^^^^^^^^^^^^^
AssertionError: global batch size (512) is not divisible by micro batch size (8) times data parallel size (128)
Traceback (most recent call last):
  File "/pscratch/sd/s/syfan/Megatron-LM/pretrain_gpt.py", line 335, in <module>
    pretrain(
  File "/pscratch/sd/s/syfan/Megatron-LM/megatron/training/training.py", line 681, in pretrain
    initialize_megatron(
  File "/pscratch/sd/s/syfan/Megatron-LM/megatron/training/initialize.py", line 90, in initialize_megatron
    set_global_variables(args)
  File "/pscratch/sd/s/syfan/Megatron-LM/megatron/training/global_vars.py", line 84, in set_global_variables
    init_num_microbatches_calculator(
  File "/pscratch/sd/s/syfan/Megatron-LM/megatron/core/num_microbatches_calculator.py", line 90, in init_num_microbatches_calculator
    _configure_global_num_microbatches_calculator(
  File "/pscratch/sd/s/syfan/Megatron-LM/megatron/core/num_microbatches_calculator.py", line 181, in _configure_global_num_microbatches_calculator
    _GLOBAL_NUM_MICROBATCHES_CALCULATOR = _build_num_microbatches_calculator(
                                          ^^^^^^^^^^^^^^^^^^^^^^^^^^^^^^^^^^^
  File "/pscratch/sd/s/syfan/Megatron-LM/megatron/core/num_microbatches_calculator.py", line 220, in _build_num_microbatches_calculator
    num_microbatches_calculator = ConstantNumMicroBatchesCalculator(
                                  ^^^^^^^^^^^^^^^^^^^^^^^^^^^^^^^^^^
  File "/pscratch/sd/s/syfan/Megatron-LM/megatron/core/num_microbatches_calculator.py", line 340, in __init__
    assert global_batch_size % micro_batch_times_data_parallel_size == 0, (
           ^^^^^^^^^^^^^^^^^^^^^^^^^^^^^^^^^^^^^^^^^^^^^^^^^^^^^^^^^^^^^
AssertionError: global batch size (512) is not divisible by micro batch size (8) times data parallel size (128)
Traceback (most recent call last):
  File "/pscratch/sd/s/syfan/Megatron-LM/pretrain_gpt.py", line 335, in <module>
    pretrain(
  File "/pscratch/sd/s/syfan/Megatron-LM/megatron/training/training.py", line 681, in pretrain
Traceback (most recent call last):
  File "/pscratch/sd/s/syfan/Megatron-LM/pretrain_gpt.py", line 335, in <module>
    pretrain(
  File "/pscratch/sd/s/syfan/Megatron-LM/megatron/training/training.py", line 681, in pretrain
    initialize_megatron(
  File "/pscratch/sd/s/syfan/Megatron-LM/megatron/training/initialize.py", line 90, in initialize_megatron
    initialize_megatron(
  File "/pscratch/sd/s/syfan/Megatron-LM/megatron/training/initialize.py", line 90, in initialize_megatron
    set_global_variables(args)
  File "/pscratch/sd/s/syfan/Megatron-LM/megatron/training/global_vars.py", line 84, in set_global_variables
    set_global_variables(args)
  File "/pscratch/sd/s/syfan/Megatron-LM/megatron/training/global_vars.py", line 84, in set_global_variables
    init_num_microbatches_calculator(
  File "/pscratch/sd/s/syfan/Megatron-LM/megatron/core/num_microbatches_calculator.py", line 90, in init_num_microbatches_calculator
    _configure_global_num_microbatches_calculator(
  File "/pscratch/sd/s/syfan/Megatron-LM/megatron/core/num_microbatches_calculator.py", line 181, in _configure_global_num_microbatches_calculator
    init_num_microbatches_calculator(
  File "/pscratch/sd/s/syfan/Megatron-LM/megatron/core/num_microbatches_calculator.py", line 90, in init_num_microbatches_calculator
    _GLOBAL_NUM_MICROBATCHES_CALCULATOR = _build_num_microbatches_calculator(
                                          ^    ^_configure_global_num_microbatches_calculator(^
^^^^  File "/pscratch/sd/s/syfan/Megatron-LM/megatron/core/num_microbatches_calculator.py", line 181, in _configure_global_num_microbatches_calculator
^^^^^^^^^^^^^^^^^^^^^^^^^^^^
  File "/pscratch/sd/s/syfan/Megatron-LM/megatron/core/num_microbatches_calculator.py", line 220, in _build_num_microbatches_calculator
    _GLOBAL_NUM_MICROBATCHES_CALCULATOR = _build_num_microbatches_calculator(
                                    num_microbatches_calculator = ConstantNumMicroBatchesCalculator(  
                ^ ^ ^ ^ ^ ^ ^ ^ ^ ^ ^ ^ ^ ^ ^ ^ ^ ^ ^ ^ ^ ^ ^ ^ ^ ^ ^^^^^^^^^^^^^^^^^^
^^^^  File "/pscratch/sd/s/syfan/Megatron-LM/megatron/core/num_microbatches_calculator.py", line 220, in _build_num_microbatches_calculator
^^^^^^^^^^^^^^^^^^^^^
  File "/pscratch/sd/s/syfan/Megatron-LM/megatron/core/num_microbatches_calculator.py", line 340, in __init__
    num_microbatches_calculator = ConstantNumMicroBatchesCalculator(
                                  ^^^^^^^^^^^^    ^^assert global_batch_size % micro_batch_times_data_parallel_size == 0, (^
^^^^^^^^^^^^^^^^^^^
       File "/pscratch/sd/s/syfan/Megatron-LM/megatron/core/num_microbatches_calculator.py", line 340, in __init__
      ^^^^^^^^^^^^^^^^^^^^^^^^^^^^^^^^^^^^^^^^^^^^^^^^^^^^^^^^^^^^^
AssertionError: global batch size (512) is not divisible by micro batch size (8) times data parallel size (128)
    assert global_batch_size % micro_batch_times_data_parallel_size == 0, (
           ^^^^^^^^^^^^^^^^^^^^^^^^^^^^^^^^^^^^^^^^^^^^^^^^^^^^^^^^^^^^^
AssertionError: global batch size (512) is not divisible by micro batch size (8) times data parallel size (128)
Traceback (most recent call last):
  File "/pscratch/sd/s/syfan/Megatron-LM/pretrain_gpt.py", line 335, in <module>
    pretrain(
  File "/pscratch/sd/s/syfan/Megatron-LM/megatron/training/training.py", line 681, in pretrain
    initialize_megatron(
  File "/pscratch/sd/s/syfan/Megatron-LM/megatron/training/initialize.py", line 90, in initialize_megatron
    set_global_variables(args)
  File "/pscratch/sd/s/syfan/Megatron-LM/megatron/training/global_vars.py", line 84, in set_global_variables
    init_num_microbatches_calculator(
  File "/pscratch/sd/s/syfan/Megatron-LM/megatron/core/num_microbatches_calculator.py", line 90, in init_num_microbatches_calculator
    _configure_global_num_microbatches_calculator(
  File "/pscratch/sd/s/syfan/Megatron-LM/megatron/core/num_microbatches_calculator.py", line 181, in _configure_global_num_microbatches_calculator
    _GLOBAL_NUM_MICROBATCHES_CALCULATOR = _build_num_microbatches_calculator(
                                          ^^^^^^^^^^^^^^^^^^^^^^^^^^^^^^^^^^^
  File "/pscratch/sd/s/syfan/Megatron-LM/megatron/core/num_microbatches_calculator.py", line 220, in _build_num_microbatches_calculator
    num_microbatches_calculator = ConstantNumMicroBatchesCalculator(
                                  ^^^^^^^^^^^^^^^^^^^^^^^^^^^^^^^^^^
  File "/pscratch/sd/s/syfan/Megatron-LM/megatron/core/num_microbatches_calculator.py", line 340, in __init__
    assert global_batch_size % micro_batch_times_data_parallel_size == 0, (
           ^^^^^^^^^^^^^^^^^^^^^^^^^^^^^^^^^^^^^^^^^^^^^^^^^^^^^^^^^^^^^
AssertionError: global batch size (512) is not divisible by micro batch size (8) times data parallel size (128)
Traceback (most recent call last):
  File "/pscratch/sd/s/syfan/Megatron-LM/pretrain_gpt.py", line 335, in <module>
    pretrain(
  File "/pscratch/sd/s/syfan/Megatron-LM/megatron/training/training.py", line 681, in pretrain
    initialize_megatron(
  File "/pscratch/sd/s/syfan/Megatron-LM/megatron/training/initialize.py", line 90, in initialize_megatron
    set_global_variables(args)
  File "/pscratch/sd/s/syfan/Megatron-LM/megatron/training/global_vars.py", line 84, in set_global_variables
    init_num_microbatches_calculator(
  File "/pscratch/sd/s/syfan/Megatron-LM/megatron/core/num_microbatches_calculator.py", line 90, in init_num_microbatches_calculator
    _configure_global_num_microbatches_calculator(
  File "/pscratch/sd/s/syfan/Megatron-LM/megatron/core/num_microbatches_calculator.py", line 181, in _configure_global_num_microbatches_calculator
    _GLOBAL_NUM_MICROBATCHES_CALCULATOR = _build_num_microbatches_calculator(
                                          ^^^^^^^^^^^^^^^^^^^^^^^^^^^^^^^^^^^
  File "/pscratch/sd/s/syfan/Megatron-LM/megatron/core/num_microbatches_calculator.py", line 220, in _build_num_microbatches_calculator
    num_microbatches_calculator = ConstantNumMicroBatchesCalculator(
                                  ^^^^^^^^^^^^^^^^^^^^^^^^^^^^^^^^^^
  File "/pscratch/sd/s/syfan/Megatron-LM/megatron/core/num_microbatches_calculator.py", line 340, in __init__
    assert global_batch_size % micro_batch_times_data_parallel_size == 0, (
           ^^^^^^^^^^^^^^^^^^^^^^^^^^^^^^^^^^^^^^^^^^^^^^^^^^^^^^^^^^^^^
AssertionError: global batch size (512) is not divisible by micro batch size (8) times data parallel size (128)
Traceback (most recent call last):
  File "/pscratch/sd/s/syfan/Megatron-LM/pretrain_gpt.py", line 335, in <module>
    pretrain(
  File "/pscratch/sd/s/syfan/Megatron-LM/megatron/training/training.py", line 681, in pretrain
    initialize_megatron(
  File "/pscratch/sd/s/syfan/Megatron-LM/megatron/training/initialize.py", line 90, in initialize_megatron
    set_global_variables(args)
  File "/pscratch/sd/s/syfan/Megatron-LM/megatron/training/global_vars.py", line 84, in set_global_variables
    init_num_microbatches_calculator(
  File "/pscratch/sd/s/syfan/Megatron-LM/megatron/core/num_microbatches_calculator.py", line 90, in init_num_microbatches_calculator
    _configure_global_num_microbatches_calculator(
  File "/pscratch/sd/s/syfan/Megatron-LM/megatron/core/num_microbatches_calculator.py", line 181, in _configure_global_num_microbatches_calculator
    _GLOBAL_NUM_MICROBATCHES_CALCULATOR = _build_num_microbatches_calculator(
                                          ^^^^^^^^^^^^^^^^^^^^^^^^^^^^^^^^^^^
  File "/pscratch/sd/s/syfan/Megatron-LM/megatron/core/num_microbatches_calculator.py", line 220, in _build_num_microbatches_calculator
    num_microbatches_calculator = ConstantNumMicroBatchesCalculator(
                                  ^^^^^^^^^^^^^^^^^^^^^^^^^^^^^^^^^^
  File "/pscratch/sd/s/syfan/Megatron-LM/megatron/core/num_microbatches_calculator.py", line 340, in __init__
    assert global_batch_size % micro_batch_times_data_parallel_size == 0, (
           ^^^^^^^^^^^^^^^^^^^^^^^^^^^^^^^^^^^^^^^^^^^^^^^^^^^^^^^^^^^^^
AssertionError: global batch size (512) is not divisible by micro batch size (8) times data parallel size (128)
Traceback (most recent call last):
  File "/pscratch/sd/s/syfan/Megatron-LM/pretrain_gpt.py", line 335, in <module>
    pretrain(
  File "/pscratch/sd/s/syfan/Megatron-LM/megatron/training/training.py", line 681, in pretrain
    initialize_megatron(
  File "/pscratch/sd/s/syfan/Megatron-LM/megatron/training/initialize.py", line 90, in initialize_megatron
    set_global_variables(args)
  File "/pscratch/sd/s/syfan/Megatron-LM/megatron/training/global_vars.py", line 84, in set_global_variables
    init_num_microbatches_calculator(
  File "/pscratch/sd/s/syfan/Megatron-LM/megatron/core/num_microbatches_calculator.py", line 90, in init_num_microbatches_calculator
    _configure_global_num_microbatches_calculator(
  File "/pscratch/sd/s/syfan/Megatron-LM/megatron/core/num_microbatches_calculator.py", line 181, in _configure_global_num_microbatches_calculator
Traceback (most recent call last):
  File "/pscratch/sd/s/syfan/Megatron-LM/pretrain_gpt.py", line 335, in <module>
    _GLOBAL_NUM_MICROBATCHES_CALCULATOR = _build_num_microbatches_calculator(
                                          ^^^^^^^^^^^^^^^^^^^^^^^^^^^^^^^^^^^
  File "/pscratch/sd/s/syfan/Megatron-LM/megatron/core/num_microbatches_calculator.py", line 220, in _build_num_microbatches_calculator
    pretrain(
  File "/pscratch/sd/s/syfan/Megatron-LM/megatron/training/training.py", line 681, in pretrain
    num_microbatches_calculator = ConstantNumMicroBatchesCalculator(
                                  ^^^^^^^^^^^^^^^^^^^^^^^^^^^^^^^^^^
  File "/pscratch/sd/s/syfan/Megatron-LM/megatron/core/num_microbatches_calculator.py", line 340, in __init__
Traceback (most recent call last):
  File "/pscratch/sd/s/syfan/Megatron-LM/pretrain_gpt.py", line 335, in <module>
    initialize_megatron(
  File "/pscratch/sd/s/syfan/Megatron-LM/megatron/training/initialize.py", line 90, in initialize_megatron
    pretrain(
  File "/pscratch/sd/s/syfan/Megatron-LM/megatron/training/training.py", line 681, in pretrain
    assert global_batch_size % micro_batch_times_data_parallel_size == 0, (
           ^^^^^^^^^^^^^^^^^^^^^^^^^^^^^^^^^^^^^^^^^^^    ^set_global_variables(args)^
^^^^^^^^^^^^^^^^
AssertionError: global batch size (512) is not divisible by micro batch size (8) times data parallel size (128)  File "/pscratch/sd/s/syfan/Megatron-LM/megatron/training/global_vars.py", line 84, in set_global_variables

    initialize_megatron(
  File "/pscratch/sd/s/syfan/Megatron-LM/megatron/training/initialize.py", line 90, in initialize_megatron
    set_global_variables(args)
  File "/pscratch/sd/s/syfan/Megatron-LM/megatron/training/global_vars.py", line 84, in set_global_variables
    init_num_microbatches_calculator(
  File "/pscratch/sd/s/syfan/Megatron-LM/megatron/core/num_microbatches_calculator.py", line 90, in init_num_microbatches_calculator
    init_num_microbatches_calculator(
  File "/pscratch/sd/s/syfan/Megatron-LM/megatron/core/num_microbatches_calculator.py", line 90, in init_num_microbatches_calculator
    _configure_global_num_microbatches_calculator(
    _configure_global_num_microbatches_calculator(
  File "/pscratch/sd/s/syfan/Megatron-LM/megatron/core/num_microbatches_calculator.py", line 181, in _configure_global_num_microbatches_calculator
  File "/pscratch/sd/s/syfan/Megatron-LM/megatron/core/num_microbatches_calculator.py", line 181, in _configure_global_num_microbatches_calculator
Traceback (most recent call last):
  File "/pscratch/sd/s/syfan/Megatron-LM/pretrain_gpt.py", line 335, in <module>
    _GLOBAL_NUM_MICROBATCHES_CALCULATOR = _build_num_microbatches_calculator(
    _GLOBAL_NUM_MICROBATCHES_CALCULATOR = _build_num_microbatches_calculator( 
                                                                                ^ ^ ^ ^^^^^^^^^^^^^^^^^^^^^^^^^^^^^^^^^^^^^^^^^^^^^^^^^^^^^^^^^^^^^^^^
^^^
  File "/pscratch/sd/s/syfan/Megatron-LM/megatron/core/num_microbatches_calculator.py", line 220, in _build_num_microbatches_calculator
  File "/pscratch/sd/s/syfan/Megatron-LM/megatron/core/num_microbatches_calculator.py", line 220, in _build_num_microbatches_calculator
    pretrain(
  File "/pscratch/sd/s/syfan/Megatron-LM/megatron/training/training.py", line 681, in pretrain
        num_microbatches_calculator = ConstantNumMicroBatchesCalculator(num_microbatches_calculator = ConstantNumMicroBatchesCalculator(

                                                                    ^^^^^^^^^^^^^^^^^^^^^^^^^^^^^^^^^^^^^^^^^^^^^^^^^^^^^^^^^^^^^^^^^    ^^initialize_megatron(
^

  File "/pscratch/sd/s/syfan/Megatron-LM/megatron/core/num_microbatches_calculator.py", line 340, in __init__
  File "/pscratch/sd/s/syfan/Megatron-LM/megatron/core/num_microbatches_calculator.py", line 340, in __init__
  File "/pscratch/sd/s/syfan/Megatron-LM/megatron/training/initialize.py", line 90, in initialize_megatron
    set_global_variables(args)
    assert global_batch_size % micro_batch_times_data_parallel_size == 0, (
    assert global_batch_size % micro_batch_times_data_parallel_size == 0, (
  File "/pscratch/sd/s/syfan/Megatron-LM/megatron/training/global_vars.py", line 84, in set_global_variables
                 ^ ^ ^ ^ ^ ^^^^^^^^^^^^^^^^^^^^^^^^^^^^^^^^^^^^^^^^^^^^^^^^^^^^^^^^^^^^^^^^    ^^init_num_microbatches_calculator(^^
^^^^^^  File "/pscratch/sd/s/syfan/Megatron-LM/megatron/core/num_microbatches_calculator.py", line 90, in init_num_microbatches_calculator
^^^^^^^^^^^^^^^^^^^^^^^^^^^^^^^^^^^^^^^^
^^^
AssertionError: global batch size (512) is not divisible by micro batch size (8) times data parallel size (128)
AssertionError: global batch size (512) is not divisible by micro batch size (8) times data parallel size (128)
    _configure_global_num_microbatches_calculator(
  File "/pscratch/sd/s/syfan/Megatron-LM/megatron/core/num_microbatches_calculator.py", line 181, in _configure_global_num_microbatches_calculator
    _GLOBAL_NUM_MICROBATCHES_CALCULATOR = _build_num_microbatches_calculator(
                                          ^^^^^^^^^^^^^^^^^^^^^^^^^^^^^^^^^^^
  File "/pscratch/sd/s/syfan/Megatron-LM/megatron/core/num_microbatches_calculator.py", line 220, in _build_num_microbatches_calculator
    num_microbatches_calculator = ConstantNumMicroBatchesCalculator(
                                  ^^^^^^^^^^^^^^^^^^^^^^^^^^^^^^^^^^
  File "/pscratch/sd/s/syfan/Megatron-LM/megatron/core/num_microbatches_calculator.py", line 340, in __init__
    assert global_batch_size % micro_batch_times_data_parallel_size == 0, (
           ^^^^^^^^^^^^^^^^^^^^^^^^^^^^^^^^^^^^^^^^^^^^^^^^^^^^^^^^^^^^^
AssertionError: global batch size (512) is not divisible by micro batch size (8) times data parallel size (128)
Traceback (most recent call last):
  File "/pscratch/sd/s/syfan/Megatron-LM/pretrain_gpt.py", line 335, in <module>
Traceback (most recent call last):
  File "/pscratch/sd/s/syfan/Megatron-LM/pretrain_gpt.py", line 335, in <module>
    pretrain(
  File "/pscratch/sd/s/syfan/Megatron-LM/megatron/training/training.py", line 681, in pretrain
Traceback (most recent call last):
  File "/pscratch/sd/s/syfan/Megatron-LM/pretrain_gpt.py", line 335, in <module>
    pretrain(
  File "/pscratch/sd/s/syfan/Megatron-LM/megatron/training/training.py", line 681, in pretrain
    pretrain(
  File "/pscratch/sd/s/syfan/Megatron-LM/megatron/training/training.py", line 681, in pretrain
    initialize_megatron(    
initialize_megatron(
  File "/pscratch/sd/s/syfan/Megatron-LM/megatron/training/initialize.py", line 90, in initialize_megatron
  File "/pscratch/sd/s/syfan/Megatron-LM/megatron/training/initialize.py", line 90, in initialize_megatron
    initialize_megatron(
  File "/pscratch/sd/s/syfan/Megatron-LM/megatron/training/initialize.py", line 90, in initialize_megatron
Traceback (most recent call last):
  File "/pscratch/sd/s/syfan/Megatron-LM/pretrain_gpt.py", line 335, in <module>
    pretrain(    
set_global_variables(args)
    set_global_variables(args)
  File "/pscratch/sd/s/syfan/Megatron-LM/megatron/training/training.py", line 681, in pretrain
  File "/pscratch/sd/s/syfan/Megatron-LM/megatron/training/global_vars.py", line 84, in set_global_variables
  File "/pscratch/sd/s/syfan/Megatron-LM/megatron/training/global_vars.py", line 84, in set_global_variables
    set_global_variables(args)
  File "/pscratch/sd/s/syfan/Megatron-LM/megatron/training/global_vars.py", line 84, in set_global_variables
    initialize_megatron(
  File "/pscratch/sd/s/syfan/Megatron-LM/megatron/training/initialize.py", line 90, in initialize_megatron
        init_num_microbatches_calculator(init_num_microbatches_calculator(

  File "/pscratch/sd/s/syfan/Megatron-LM/megatron/core/num_microbatches_calculator.py", line 90, in init_num_microbatches_calculator
  File "/pscratch/sd/s/syfan/Megatron-LM/megatron/core/num_microbatches_calculator.py", line 90, in init_num_microbatches_calculator
    set_global_variables(args)    
init_num_microbatches_calculator(
  File "/pscratch/sd/s/syfan/Megatron-LM/megatron/core/num_microbatches_calculator.py", line 90, in init_num_microbatches_calculator
  File "/pscratch/sd/s/syfan/Megatron-LM/megatron/training/global_vars.py", line 84, in set_global_variables
    init_num_microbatches_calculator(
  File "/pscratch/sd/s/syfan/Megatron-LM/megatron/core/num_microbatches_calculator.py", line 90, in init_num_microbatches_calculator
        _configure_global_num_microbatches_calculator(_configure_global_num_microbatches_calculator(
    
_configure_global_num_microbatches_calculator(
  File "/pscratch/sd/s/syfan/Megatron-LM/megatron/core/num_microbatches_calculator.py", line 181, in _configure_global_num_microbatches_calculator
  File "/pscratch/sd/s/syfan/Megatron-LM/megatron/core/num_microbatches_calculator.py", line 181, in _configure_global_num_microbatches_calculator
  File "/pscratch/sd/s/syfan/Megatron-LM/megatron/core/num_microbatches_calculator.py", line 181, in _configure_global_num_microbatches_calculator
    _configure_global_num_microbatches_calculator(
  File "/pscratch/sd/s/syfan/Megatron-LM/megatron/core/num_microbatches_calculator.py", line 181, in _configure_global_num_microbatches_calculator
    _GLOBAL_NUM_MICROBATCHES_CALCULATOR = _build_num_microbatches_calculator(
                                          ^^^^^^^^^^^^^^^^^^^^^^^^^^^^^^^^^^^
    _GLOBAL_NUM_MICROBATCHES_CALCULATOR = _build_num_microbatches_calculator(
  File "/pscratch/sd/s/syfan/Megatron-LM/megatron/core/num_microbatches_calculator.py", line 220, in _build_num_microbatches_calculator
     _GLOBAL_NUM_MICROBATCHES_CALCULATOR = _build_num_microbatches_calculator( 
                                                                           ^ ^ ^  ^ ^      ^_GLOBAL_NUM_MICROBATCHES_CALCULATOR = _build_num_microbatches_calculator(^^
^^^^^ ^^^ ^ ^^ ^^ ^ ^^ ^ ^^      ^^num_microbatches_calculator = ConstantNumMicroBatchesCalculator( ^^ ^ 
^^ ^^  ^ ^ ^ ^^  ^^ ^ ^ ^ ^  ^^ ^ ^  ^^ ^  ^^^  ^^  ^^  ^^  ^ ^ ^  
  ^  ^   ^    File "/pscratch/sd/s/syfan/Megatron-LM/megatron/core/num_microbatches_calculator.py", line 220, in _build_num_microbatches_calculator
  ^  
            File "/pscratch/sd/s/syfan/Megatron-LM/megatron/core/num_microbatches_calculator.py", line 220, in _build_num_microbatches_calculator
^ ^ ^ ^ ^ ^ ^ ^^^^^^^^^^^^^^^^^^^^^^^^^^^^^^^^^^^^^^^^^^^^^^^^^^^^^^^^^
^^^^^  File "/pscratch/sd/s/syfan/Megatron-LM/megatron/core/num_microbatches_calculator.py", line 220, in _build_num_microbatches_calculator

  File "/pscratch/sd/s/syfan/Megatron-LM/megatron/core/num_microbatches_calculator.py", line 340, in __init__
    num_microbatches_calculator = ConstantNumMicroBatchesCalculator(
        num_microbatches_calculator = ConstantNumMicroBatchesCalculator( 
                                      num_microbatches_calculator = ConstantNumMicroBatchesCalculator(  
                           ^  ^  ^  ^  ^   ^  ^  ^  ^^ ^^ ^^ ^ ^^ ^^ ^^ ^^ ^^ ^ ^^ ^^ ^^ ^^ ^^ ^^ ^^^ ^^^^^^^^^^^^^^^^^^^^^^^^^^^
^^^^^^  File "/pscratch/sd/s/syfan/Megatron-LM/megatron/core/num_microbatches_calculator.py", line 340, in __init__
^^^^^^^^^^^^^
^^^^^  File "/pscratch/sd/s/syfan/Megatron-LM/megatron/core/num_microbatches_calculator.py", line 340, in __init__
^^^^^^^^^^
  File "/pscratch/sd/s/syfan/Megatron-LM/megatron/core/num_microbatches_calculator.py", line 340, in __init__
    assert global_batch_size % micro_batch_times_data_parallel_size == 0, (        
assert global_batch_size % micro_batch_times_data_parallel_size == 0, (assert global_batch_size % micro_batch_times_data_parallel_size == 0, (

    assert global_batch_size % micro_batch_times_data_parallel_size == 0, (
                                           ^^ ^^^^^^^^^^^^^^^^^^^^^^^^^^^^^^^^^^^^^^^^^^^^^^^^^^^^^^^^^^^^^^^^^^^^^^^^^^^^^^^^^^^^^^^^^^^^^^^^^^^^^^^^^^^^^^^^^^^^^^^^^^^^^^^^^^^^^^^^^^^^^^^^^^^^^^^^^^^^^^^^^^^^^^^^^^^^^^^^^^^^^^^^^^^^^^^^^^^^^^^^^^^^^^^^^^^^^^^^^^^^^^^^^^^^^^^
^^^
^^^AssertionError^^: AssertionError^^global batch size (512) is not divisible by micro batch size (8) times data parallel size (128)
: 
^global batch size (512) is not divisible by micro batch size (8) times data parallel size (128)

AssertionError: global batch size (512) is not divisible by micro batch size (8) times data parallel size (128)
AssertionError: global batch size (512) is not divisible by micro batch size (8) times data parallel size (128)
Traceback (most recent call last):
  File "/pscratch/sd/s/syfan/Megatron-LM/pretrain_gpt.py", line 335, in <module>
    pretrain(
  File "/pscratch/sd/s/syfan/Megatron-LM/megatron/training/training.py", line 681, in pretrain
Traceback (most recent call last):
  File "/pscratch/sd/s/syfan/Megatron-LM/pretrain_gpt.py", line 335, in <module>
    pretrain(
  File "/pscratch/sd/s/syfan/Megatron-LM/megatron/training/training.py", line 681, in pretrain
    initialize_megatron(
  File "/pscratch/sd/s/syfan/Megatron-LM/megatron/training/initialize.py", line 90, in initialize_megatron
    initialize_megatron(
  File "/pscratch/sd/s/syfan/Megatron-LM/megatron/training/initialize.py", line 90, in initialize_megatron
    set_global_variables(args)
  File "/pscratch/sd/s/syfan/Megatron-LM/megatron/training/global_vars.py", line 84, in set_global_variables
    set_global_variables(args)
  File "/pscratch/sd/s/syfan/Megatron-LM/megatron/training/global_vars.py", line 84, in set_global_variables
    init_num_microbatches_calculator(
  File "/pscratch/sd/s/syfan/Megatron-LM/megatron/core/num_microbatches_calculator.py", line 90, in init_num_microbatches_calculator
    init_num_microbatches_calculator(
  File "/pscratch/sd/s/syfan/Megatron-LM/megatron/core/num_microbatches_calculator.py", line 90, in init_num_microbatches_calculator
    _configure_global_num_microbatches_calculator(
  File "/pscratch/sd/s/syfan/Megatron-LM/megatron/core/num_microbatches_calculator.py", line 181, in _configure_global_num_microbatches_calculator
    _configure_global_num_microbatches_calculator(
  File "/pscratch/sd/s/syfan/Megatron-LM/megatron/core/num_microbatches_calculator.py", line 181, in _configure_global_num_microbatches_calculator
    _GLOBAL_NUM_MICROBATCHES_CALCULATOR = _build_num_microbatches_calculator(
                                          ^^^^^^^^^^^^^^^^^^^^^^^^^^^^^^^^^^^
  File "/pscratch/sd/s/syfan/Megatron-LM/megatron/core/num_microbatches_calculator.py", line 220, in _build_num_microbatches_calculator
    _GLOBAL_NUM_MICROBATCHES_CALCULATOR = _build_num_microbatches_calculator(
                                   num_microbatches_calculator = ConstantNumMicroBatchesCalculator(  
                 ^ ^ ^ ^ ^ ^ ^ ^ ^ ^ ^ ^ ^ ^ ^ ^ ^ ^ ^ ^ ^ ^ ^ ^ ^ ^ ^^^^^^^^^^^^^^^^^^^
^^^^  File "/pscratch/sd/s/syfan/Megatron-LM/megatron/core/num_microbatches_calculator.py", line 220, in _build_num_microbatches_calculator
^^^^^^^^^^^^^^^^^^^^
  File "/pscratch/sd/s/syfan/Megatron-LM/megatron/core/num_microbatches_calculator.py", line 340, in __init__
    num_microbatches_calculator = ConstantNumMicroBatchesCalculator(
                                  ^^^^^^^^^^^^^^^^^^^^^^^^^^^^^^^^^^
  File "/pscratch/sd/s/syfan/Megatron-LM/megatron/core/num_microbatches_calculator.py", line 340, in __init__
    assert global_batch_size % micro_batch_times_data_parallel_size == 0, (
    assert global_batch_size % micro_batch_times_data_parallel_size == 0, (
                 ^ ^ ^ ^ ^ ^^^^^^^^^^^^^^^^^^^^^^^^^^^^^^^^^^^^^^^^^^^^^^^^^^^^^^^^^^^^^^^^^^^^^^^^^^^^^^^^^^^^^^^^^^^^^^^^^^^^^^^^^^^^^^^^^^^
^^
AssertionError: AssertionErrorglobal batch size (512) is not divisible by micro batch size (8) times data parallel size (128): 
global batch size (512) is not divisible by micro batch size (8) times data parallel size (128)
Traceback (most recent call last):
  File "/pscratch/sd/s/syfan/Megatron-LM/pretrain_gpt.py", line 335, in <module>
    pretrain(
  File "/pscratch/sd/s/syfan/Megatron-LM/megatron/training/training.py", line 681, in pretrain
    initialize_megatron(
  File "/pscratch/sd/s/syfan/Megatron-LM/megatron/training/initialize.py", line 90, in initialize_megatron
    set_global_variables(args)
  File "/pscratch/sd/s/syfan/Megatron-LM/megatron/training/global_vars.py", line 84, in set_global_variables
    init_num_microbatches_calculator(
  File "/pscratch/sd/s/syfan/Megatron-LM/megatron/core/num_microbatches_calculator.py", line 90, in init_num_microbatches_calculator
    _configure_global_num_microbatches_calculator(
  File "/pscratch/sd/s/syfan/Megatron-LM/megatron/core/num_microbatches_calculator.py", line 181, in _configure_global_num_microbatches_calculator
    _GLOBAL_NUM_MICROBATCHES_CALCULATOR = _build_num_microbatches_calculator(
                                          ^^^^^^^^^^^^^^^^^^^^^^^^^^^^^^^^^^^
  File "/pscratch/sd/s/syfan/Megatron-LM/megatron/core/num_microbatches_calculator.py", line 220, in _build_num_microbatches_calculator
    num_microbatches_calculator = ConstantNumMicroBatchesCalculator(
                                  ^^^^^^^^^^^^^^^^^^^^^^^^^^^^^^^^^^
  File "/pscratch/sd/s/syfan/Megatron-LM/megatron/core/num_microbatches_calculator.py", line 340, in __init__
    assert global_batch_size % micro_batch_times_data_parallel_size == 0, (
           ^^^^^^^^^^^^^^^^^^^^^^^^^^^^^^^^^^^^^^^^^^^^^^^^^^^^^^^^^^^^^
AssertionError: global batch size (512) is not divisible by micro batch size (8) times data parallel size (128)
Traceback (most recent call last):
  File "/pscratch/sd/s/syfan/Megatron-LM/pretrain_gpt.py", line 335, in <module>
    pretrain(
  File "/pscratch/sd/s/syfan/Megatron-LM/megatron/training/training.py", line 681, in pretrain
Traceback (most recent call last):
  File "/pscratch/sd/s/syfan/Megatron-LM/pretrain_gpt.py", line 335, in <module>
    pretrain(
  File "/pscratch/sd/s/syfan/Megatron-LM/megatron/training/training.py", line 681, in pretrain
    initialize_megatron(
  File "/pscratch/sd/s/syfan/Megatron-LM/megatron/training/initialize.py", line 90, in initialize_megatron
    initialize_megatron(
  File "/pscratch/sd/s/syfan/Megatron-LM/megatron/training/initialize.py", line 90, in initialize_megatron
    set_global_variables(args)
  File "/pscratch/sd/s/syfan/Megatron-LM/megatron/training/global_vars.py", line 84, in set_global_variables
    set_global_variables(args)
  File "/pscratch/sd/s/syfan/Megatron-LM/megatron/training/global_vars.py", line 84, in set_global_variables
    init_num_microbatches_calculator(
  File "/pscratch/sd/s/syfan/Megatron-LM/megatron/core/num_microbatches_calculator.py", line 90, in init_num_microbatches_calculator
    _configure_global_num_microbatches_calculator(
  File "/pscratch/sd/s/syfan/Megatron-LM/megatron/core/num_microbatches_calculator.py", line 181, in _configure_global_num_microbatches_calculator
    init_num_microbatches_calculator(
  File "/pscratch/sd/s/syfan/Megatron-LM/megatron/core/num_microbatches_calculator.py", line 90, in init_num_microbatches_calculator
    _GLOBAL_NUM_MICROBATCHES_CALCULATOR = _build_num_microbatches_calculator(
                             _configure_global_num_microbatches_calculator( 
        File "/pscratch/sd/s/syfan/Megatron-LM/megatron/core/num_microbatches_calculator.py", line 181, in _configure_global_num_microbatches_calculator
          ^^^^^^^^^^^^^^^^^^^^^^^^^^^^^^^^^^^
  File "/pscratch/sd/s/syfan/Megatron-LM/megatron/core/num_microbatches_calculator.py", line 220, in _build_num_microbatches_calculator
    _GLOBAL_NUM_MICROBATCHES_CALCULATOR = _build_num_microbatches_calculator(
                                     num_microbatches_calculator = ConstantNumMicroBatchesCalculator( 
               ^ ^ ^ ^ ^ ^ ^ ^ ^ ^ ^  ^ ^ ^ ^ ^ ^ ^ ^ ^ ^ ^ ^ ^ ^ ^ ^^^^^^^^^^^^^^^^^^
^^^^  File "/pscratch/sd/s/syfan/Megatron-LM/megatron/core/num_microbatches_calculator.py", line 220, in _build_num_microbatches_calculator
^^^^^^^^^^^^^^^^^^^^^
  File "/pscratch/sd/s/syfan/Megatron-LM/megatron/core/num_microbatches_calculator.py", line 340, in __init__
    num_microbatches_calculator = ConstantNumMicroBatchesCalculator(
                                      ^^assert global_batch_size % micro_batch_times_data_parallel_size == 0, (^
^^^^^^^^^^^^^^^^^^^^ ^ ^ ^ ^ ^ ^ ^ ^^ ^ ^
 ^^  File "/pscratch/sd/s/syfan/Megatron-LM/megatron/core/num_microbatches_calculator.py", line 340, in __init__
^^^^^^^^^^^^^^^^^^^^^^^^^^^^^^^^^^^^^^^^^^^^^^^^^^^^^^^^^^^
AssertionError: global batch size (512) is not divisible by micro batch size (8) times data parallel size (128)
    assert global_batch_size % micro_batch_times_data_parallel_size == 0, (
           ^^^^^^^^^^^^^^^^^^^^^^^^^^^^^^^^^^^^^^^^^^^^^^^^^^^^^^^^^^^^^
AssertionError: global batch size (512) is not divisible by micro batch size (8) times data parallel size (128)
Traceback (most recent call last):
  File "/pscratch/sd/s/syfan/Megatron-LM/pretrain_gpt.py", line 335, in <module>
    pretrain(
  File "/pscratch/sd/s/syfan/Megatron-LM/megatron/training/training.py", line 681, in pretrain
    initialize_megatron(
  File "/pscratch/sd/s/syfan/Megatron-LM/megatron/training/initialize.py", line 90, in initialize_megatron
    set_global_variables(args)
  File "/pscratch/sd/s/syfan/Megatron-LM/megatron/training/global_vars.py", line 84, in set_global_variables
    init_num_microbatches_calculator(
  File "/pscratch/sd/s/syfan/Megatron-LM/megatron/core/num_microbatches_calculator.py", line 90, in init_num_microbatches_calculator
    _configure_global_num_microbatches_calculator(
  File "/pscratch/sd/s/syfan/Megatron-LM/megatron/core/num_microbatches_calculator.py", line 181, in _configure_global_num_microbatches_calculator
    _GLOBAL_NUM_MICROBATCHES_CALCULATOR = _build_num_microbatches_calculator(
                                          ^^^^^^^^^^^^^^^^^^^^^^^^^^^^^^^^^^^
  File "/pscratch/sd/s/syfan/Megatron-LM/megatron/core/num_microbatches_calculator.py", line 220, in _build_num_microbatches_calculator
    num_microbatches_calculator = ConstantNumMicroBatchesCalculator(
                                  ^^^^^^^^^^^^^^^^^^^^^^^^^^^^^^^^^^
  File "/pscratch/sd/s/syfan/Megatron-LM/megatron/core/num_microbatches_calculator.py", line 340, in __init__
    assert global_batch_size % micro_batch_times_data_parallel_size == 0, (
           ^^^^^^^^^^^^^^^^^^^^^^^^^^^^^^^^^^^^^^^^^^^^^^^^^^^^^^^^^^^^^
AssertionError: global batch size (512) is not divisible by micro batch size (8) times data parallel size (128)
Traceback (most recent call last):
  File "/pscratch/sd/s/syfan/Megatron-LM/pretrain_gpt.py", line 335, in <module>
    pretrain(
  File "/pscratch/sd/s/syfan/Megatron-LM/megatron/training/training.py", line 681, in pretrain
    initialize_megatron(
  File "/pscratch/sd/s/syfan/Megatron-LM/megatron/training/initialize.py", line 90, in initialize_megatron
    set_global_variables(args)
  File "/pscratch/sd/s/syfan/Megatron-LM/megatron/training/global_vars.py", line 84, in set_global_variables
    init_num_microbatches_calculator(
  File "/pscratch/sd/s/syfan/Megatron-LM/megatron/core/num_microbatches_calculator.py", line 90, in init_num_microbatches_calculator
    _configure_global_num_microbatches_calculator(
  File "/pscratch/sd/s/syfan/Megatron-LM/megatron/core/num_microbatches_calculator.py", line 181, in _configure_global_num_microbatches_calculator
    _GLOBAL_NUM_MICROBATCHES_CALCULATOR = _build_num_microbatches_calculator(
                                          ^^^^^^^^^^^^^^^^^^^^^^^^^^^^^^^^^^^
  File "/pscratch/sd/s/syfan/Megatron-LM/megatron/core/num_microbatches_calculator.py", line 220, in _build_num_microbatches_calculator
    num_microbatches_calculator = ConstantNumMicroBatchesCalculator(
                                  ^^^^^^^^^^^^^^^^^^^^^^^^^^^^^^^^^^
  File "/pscratch/sd/s/syfan/Megatron-LM/megatron/core/num_microbatches_calculator.py", line 340, in __init__
    assert global_batch_size % micro_batch_times_data_parallel_size == 0, (
           ^^^^^^^^^^^^^^^^^^^^^^^^^^^^^^^^^^^^^^^^^^^^^^^^^^^^^^^^^^^^^
AssertionError: global batch size (512) is not divisible by micro batch size (8) times data parallel size (128)
Traceback (most recent call last):
  File "/pscratch/sd/s/syfan/Megatron-LM/pretrain_gpt.py", line 335, in <module>
    pretrain(
  File "/pscratch/sd/s/syfan/Megatron-LM/megatron/training/training.py", line 681, in pretrain
Traceback (most recent call last):
  File "/pscratch/sd/s/syfan/Megatron-LM/pretrain_gpt.py", line 335, in <module>
Traceback (most recent call last):
  File "/pscratch/sd/s/syfan/Megatron-LM/pretrain_gpt.py", line 335, in <module>
    pretrain(
  File "/pscratch/sd/s/syfan/Megatron-LM/megatron/training/training.py", line 681, in pretrain
    pretrain(
  File "/pscratch/sd/s/syfan/Megatron-LM/megatron/training/training.py", line 681, in pretrain
        initialize_megatron(initialize_megatron(

  File "/pscratch/sd/s/syfan/Megatron-LM/megatron/training/initialize.py", line 90, in initialize_megatron
  File "/pscratch/sd/s/syfan/Megatron-LM/megatron/training/initialize.py", line 90, in initialize_megatron
    initialize_megatron(
  File "/pscratch/sd/s/syfan/Megatron-LM/megatron/training/initialize.py", line 90, in initialize_megatron
        set_global_variables(args)set_global_variables(args)

  File "/pscratch/sd/s/syfan/Megatron-LM/megatron/training/global_vars.py", line 84, in set_global_variables
  File "/pscratch/sd/s/syfan/Megatron-LM/megatron/training/global_vars.py", line 84, in set_global_variables
Traceback (most recent call last):
  File "/pscratch/sd/s/syfan/Megatron-LM/pretrain_gpt.py", line 335, in <module>
    set_global_variables(args)
  File "/pscratch/sd/s/syfan/Megatron-LM/megatron/training/global_vars.py", line 84, in set_global_variables
    pretrain(
  File "/pscratch/sd/s/syfan/Megatron-LM/megatron/training/training.py", line 681, in pretrain
    init_num_microbatches_calculator(    
init_num_microbatches_calculator(
  File "/pscratch/sd/s/syfan/Megatron-LM/megatron/core/num_microbatches_calculator.py", line 90, in init_num_microbatches_calculator
  File "/pscratch/sd/s/syfan/Megatron-LM/megatron/core/num_microbatches_calculator.py", line 90, in init_num_microbatches_calculator
    initialize_megatron(
  File "/pscratch/sd/s/syfan/Megatron-LM/megatron/training/initialize.py", line 90, in initialize_megatron
    init_num_microbatches_calculator(
  File "/pscratch/sd/s/syfan/Megatron-LM/megatron/core/num_microbatches_calculator.py", line 90, in init_num_microbatches_calculator
    set_global_variables(args)
  File "/pscratch/sd/s/syfan/Megatron-LM/megatron/training/global_vars.py", line 84, in set_global_variables
        _configure_global_num_microbatches_calculator(_configure_global_num_microbatches_calculator(

  File "/pscratch/sd/s/syfan/Megatron-LM/megatron/core/num_microbatches_calculator.py", line 181, in _configure_global_num_microbatches_calculator
  File "/pscratch/sd/s/syfan/Megatron-LM/megatron/core/num_microbatches_calculator.py", line 181, in _configure_global_num_microbatches_calculator
    init_num_microbatches_calculator(    
_configure_global_num_microbatches_calculator(
  File "/pscratch/sd/s/syfan/Megatron-LM/megatron/core/num_microbatches_calculator.py", line 181, in _configure_global_num_microbatches_calculator
  File "/pscratch/sd/s/syfan/Megatron-LM/megatron/core/num_microbatches_calculator.py", line 90, in init_num_microbatches_calculator
    _GLOBAL_NUM_MICROBATCHES_CALCULATOR = _build_num_microbatches_calculator(
                                          ^^^^^^^^^^^^^^^^^^^^^^^^^^^^^^^^^^^
    _configure_global_num_microbatches_calculator(    
  File "/pscratch/sd/s/syfan/Megatron-LM/megatron/core/num_microbatches_calculator.py", line 220, in _build_num_microbatches_calculator
_GLOBAL_NUM_MICROBATCHES_CALCULATOR = _build_num_microbatches_calculator(
    File "/pscratch/sd/s/syfan/Megatron-LM/megatron/core/num_microbatches_calculator.py", line 181, in _configure_global_num_microbatches_calculator
                                        ^^^^^^^^^^^^^^^^^^^^^^^^^    ^_GLOBAL_NUM_MICROBATCHES_CALCULATOR = _build_num_microbatches_calculator(^^
^^^ ^ ^ ^  ^ 
       File "/pscratch/sd/s/syfan/Megatron-LM/megatron/core/num_microbatches_calculator.py", line 220, in _build_num_microbatches_calculator
            num_microbatches_calculator = ConstantNumMicroBatchesCalculator( 
                _GLOBAL_NUM_MICROBATCHES_CALCULATOR = _build_num_microbatches_calculator(  
                                         ^  ^  ^  ^  ^   ^  ^  ^  ^  ^  ^  ^  ^   ^^ ^^ ^^ ^ ^^     ^^^num_microbatches_calculator = ConstantNumMicroBatchesCalculator( ^
^ ^^  ^^  ^^  ^^^  ^^  ^^  ^^  ^^  ^ ^^^ ^^^ ^^^ ^^^^ ^^^^ ^^
 ^^ ^^  File "/pscratch/sd/s/syfan/Megatron-LM/megatron/core/num_microbatches_calculator.py", line 220, in _build_num_microbatches_calculator
 ^^ ^^ ^^ ^^ ^^^ ^^ ^^ ^^ ^^ ^
 ^ ^ ^  File "/pscratch/sd/s/syfan/Megatron-LM/megatron/core/num_microbatches_calculator.py", line 340, in __init__
 ^ ^ ^ ^ ^^^^^^^^^^^^^^^^^^
^^^^^  File "/pscratch/sd/s/syfan/Megatron-LM/megatron/core/num_microbatches_calculator.py", line 220, in _build_num_microbatches_calculator
^^^^^^^^^^^^^^^^^^^^
  File "/pscratch/sd/s/syfan/Megatron-LM/megatron/core/num_microbatches_calculator.py", line 340, in __init__
    num_microbatches_calculator = ConstantNumMicroBatchesCalculator(
                                  ^^^^^^^^^^^    ^num_microbatches_calculator = ConstantNumMicroBatchesCalculator(^
^^ ^ ^ ^ ^ ^^ ^ ^ ^ ^ ^ ^ ^ ^^ ^ ^^ ^ 
      File "/pscratch/sd/s/syfan/Megatron-LM/megatron/core/num_microbatches_calculator.py", line 340, in __init__
             ^^^^^^^^^^^^^^^^^^^^^^^^^^^^^^^^^^
  File "/pscratch/sd/s/syfan/Megatron-LM/megatron/core/num_microbatches_calculator.py", line 340, in __init__
            assert global_batch_size % micro_batch_times_data_parallel_size == 0, (assert global_batch_size % micro_batch_times_data_parallel_size == 0, (assert global_batch_size % micro_batch_times_data_parallel_size == 0, (

    
assert global_batch_size % micro_batch_times_data_parallel_size == 0, (
                                   ^^ ^ ^ ^ ^ ^ ^^  ^^^ ^^^^^^^^^^^^^^^^^^^^^^^^^^^^^^^^^^^^^^^^^^^^^^^^^^^^^^^^^^^^^^^^^^^^^^^^^^^^^^^^^^^^^^^^^^^^^^^^^^^^^^^^^^^^^^^^^^^^^^^^^^^^^^^^^^^^^^^^^^^^^^^^^^^^^^^^^^^^^^^^^^^^^^^^^^^^^^^^^^^^^^^^^^^^^^^^^^^^^^^^^^^^^^^^^^^^^^^^^^
^^^^^^
^^^^^AssertionError^^^: 

global batch size (512) is not divisible by micro batch size (8) times data parallel size (128)
AssertionErrorAssertionError: AssertionError: global batch size (512) is not divisible by micro batch size (8) times data parallel size (128)global batch size (512) is not divisible by micro batch size (8) times data parallel size (128): 

global batch size (512) is not divisible by micro batch size (8) times data parallel size (128)
Traceback (most recent call last):
  File "/pscratch/sd/s/syfan/Megatron-LM/pretrain_gpt.py", line 335, in <module>
    pretrain(
  File "/pscratch/sd/s/syfan/Megatron-LM/megatron/training/training.py", line 681, in pretrain
    initialize_megatron(
  File "/pscratch/sd/s/syfan/Megatron-LM/megatron/training/initialize.py", line 90, in initialize_megatron
    set_global_variables(args)
  File "/pscratch/sd/s/syfan/Megatron-LM/megatron/training/global_vars.py", line 84, in set_global_variables
    init_num_microbatches_calculator(
  File "/pscratch/sd/s/syfan/Megatron-LM/megatron/core/num_microbatches_calculator.py", line 90, in init_num_microbatches_calculator
    _configure_global_num_microbatches_calculator(
  File "/pscratch/sd/s/syfan/Megatron-LM/megatron/core/num_microbatches_calculator.py", line 181, in _configure_global_num_microbatches_calculator
    _GLOBAL_NUM_MICROBATCHES_CALCULATOR = _build_num_microbatches_calculator(
                                          ^^^^^^^^^^^^^^^^^^^^^^^^^^^^^^^^^^^
  File "/pscratch/sd/s/syfan/Megatron-LM/megatron/core/num_microbatches_calculator.py", line 220, in _build_num_microbatches_calculator
    num_microbatches_calculator = ConstantNumMicroBatchesCalculator(
                                  ^^^^^^^^^^^^^^^^^^^^^^^^^^^^^^^^^^
  File "/pscratch/sd/s/syfan/Megatron-LM/megatron/core/num_microbatches_calculator.py", line 340, in __init__
    assert global_batch_size % micro_batch_times_data_parallel_size == 0, (
           ^^^^^^^^^^^^^^^^^^^^^^^^^^^^^^^^^^^^^^^^^^^^^^^^^^^^^^^^^^^^^
AssertionError: global batch size (512) is not divisible by micro batch size (8) times data parallel size (128)
Traceback (most recent call last):
  File "/pscratch/sd/s/syfan/Megatron-LM/pretrain_gpt.py", line 335, in <module>
    pretrain(
  File "/pscratch/sd/s/syfan/Megatron-LM/megatron/training/training.py", line 681, in pretrain
    initialize_megatron(
  File "/pscratch/sd/s/syfan/Megatron-LM/megatron/training/initialize.py", line 90, in initialize_megatron
    set_global_variables(args)
  File "/pscratch/sd/s/syfan/Megatron-LM/megatron/training/global_vars.py", line 84, in set_global_variables
    init_num_microbatches_calculator(
  File "/pscratch/sd/s/syfan/Megatron-LM/megatron/core/num_microbatches_calculator.py", line 90, in init_num_microbatches_calculator
    _configure_global_num_microbatches_calculator(
  File "/pscratch/sd/s/syfan/Megatron-LM/megatron/core/num_microbatches_calculator.py", line 181, in _configure_global_num_microbatches_calculator
    _GLOBAL_NUM_MICROBATCHES_CALCULATOR = _build_num_microbatches_calculator(
                                          ^^^^^^^^^^^^^^^^^^^^^^^^^^^^^^^^^^^
  File "/pscratch/sd/s/syfan/Megatron-LM/megatron/core/num_microbatches_calculator.py", line 220, in _build_num_microbatches_calculator
    num_microbatches_calculator = ConstantNumMicroBatchesCalculator(
                                  ^^^^^^^^^^^^^^^^^^^^^^^^^^^^^^^^^^
  File "/pscratch/sd/s/syfan/Megatron-LM/megatron/core/num_microbatches_calculator.py", line 340, in __init__
    assert global_batch_size % micro_batch_times_data_parallel_size == 0, (
           ^^^^^^^^^^^^^^^^^^^^^^^^^^^^^^^^^^^^^^^^^^^^^^^^^^^^^^^^^^^^^
AssertionError: global batch size (512) is not divisible by micro batch size (8) times data parallel size (128)
Traceback (most recent call last):
  File "/pscratch/sd/s/syfan/Megatron-LM/pretrain_gpt.py", line 335, in <module>
    pretrain(
  File "/pscratch/sd/s/syfan/Megatron-LM/megatron/training/training.py", line 681, in pretrain
    initialize_megatron(
  File "/pscratch/sd/s/syfan/Megatron-LM/megatron/training/initialize.py", line 90, in initialize_megatron
    set_global_variables(args)
  File "/pscratch/sd/s/syfan/Megatron-LM/megatron/training/global_vars.py", line 84, in set_global_variables
    init_num_microbatches_calculator(
  File "/pscratch/sd/s/syfan/Megatron-LM/megatron/core/num_microbatches_calculator.py", line 90, in init_num_microbatches_calculator
    _configure_global_num_microbatches_calculator(
  File "/pscratch/sd/s/syfan/Megatron-LM/megatron/core/num_microbatches_calculator.py", line 181, in _configure_global_num_microbatches_calculator
    _GLOBAL_NUM_MICROBATCHES_CALCULATOR = _build_num_microbatches_calculator(
                                          ^^^^^^^^^^^^^^^^^^^^^^^^^^^^^^^^^^^
  File "/pscratch/sd/s/syfan/Megatron-LM/megatron/core/num_microbatches_calculator.py", line 220, in _build_num_microbatches_calculator
    num_microbatches_calculator = ConstantNumMicroBatchesCalculator(
                                  ^^^^^^^^^^^^^^^^^^^^^^^^^^^^^^^^^^
  File "/pscratch/sd/s/syfan/Megatron-LM/megatron/core/num_microbatches_calculator.py", line 340, in __init__
    assert global_batch_size % micro_batch_times_data_parallel_size == 0, (
           ^^^^^^^^^^^^^^^^^^^^^^^^^^^^^^^^^^^^^^^^^^^^^^^^^^^^^^^^^^^^^
AssertionError: global batch size (512) is not divisible by micro batch size (8) times data parallel size (128)
Traceback (most recent call last):
  File "/pscratch/sd/s/syfan/Megatron-LM/pretrain_gpt.py", line 335, in <module>
    pretrain(
  File "/pscratch/sd/s/syfan/Megatron-LM/megatron/training/training.py", line 681, in pretrain
    initialize_megatron(
  File "/pscratch/sd/s/syfan/Megatron-LM/megatron/training/initialize.py", line 90, in initialize_megatron
    set_global_variables(args)
  File "/pscratch/sd/s/syfan/Megatron-LM/megatron/training/global_vars.py", line 84, in set_global_variables
    init_num_microbatches_calculator(
  File "/pscratch/sd/s/syfan/Megatron-LM/megatron/core/num_microbatches_calculator.py", line 90, in init_num_microbatches_calculator
    _configure_global_num_microbatches_calculator(
  File "/pscratch/sd/s/syfan/Megatron-LM/megatron/core/num_microbatches_calculator.py", line 181, in _configure_global_num_microbatches_calculator
    _GLOBAL_NUM_MICROBATCHES_CALCULATOR = _build_num_microbatches_calculator(
                                          ^^^^^^^^^^^^^^^^^^^^^^^^^^^^^^^^^^^
  File "/pscratch/sd/s/syfan/Megatron-LM/megatron/core/num_microbatches_calculator.py", line 220, in _build_num_microbatches_calculator
    num_microbatches_calculator = ConstantNumMicroBatchesCalculator(
                                  ^^^^^^^^^^^^^^^^^^^^^^^^^^^^^^^^^^
  File "/pscratch/sd/s/syfan/Megatron-LM/megatron/core/num_microbatches_calculator.py", line 340, in __init__
    assert global_batch_size % micro_batch_times_data_parallel_size == 0, (
           ^^^^^^^^^^^^^^^^^^^^^^^^^^^^^^^^^^^^^^^^^^^^^^^^^^^^^^^^^^^^^
AssertionError: global batch size (512) is not divisible by micro batch size (8) times data parallel size (128)
Traceback (most recent call last):
  File "/pscratch/sd/s/syfan/Megatron-LM/pretrain_gpt.py", line 335, in <module>
    pretrain(
  File "/pscratch/sd/s/syfan/Megatron-LM/megatron/training/training.py", line 681, in pretrain
    initialize_megatron(
  File "/pscratch/sd/s/syfan/Megatron-LM/megatron/training/initialize.py", line 90, in initialize_megatron
    set_global_variables(args)
  File "/pscratch/sd/s/syfan/Megatron-LM/megatron/training/global_vars.py", line 84, in set_global_variables
    init_num_microbatches_calculator(
  File "/pscratch/sd/s/syfan/Megatron-LM/megatron/core/num_microbatches_calculator.py", line 90, in init_num_microbatches_calculator
    _configure_global_num_microbatches_calculator(
  File "/pscratch/sd/s/syfan/Megatron-LM/megatron/core/num_microbatches_calculator.py", line 181, in _configure_global_num_microbatches_calculator
    _GLOBAL_NUM_MICROBATCHES_CALCULATOR = _build_num_microbatches_calculator(
                                          ^^^^^^^^^^^^^^^^^^^^^^^^^^^^^^^^^^^
  File "/pscratch/sd/s/syfan/Megatron-LM/megatron/core/num_microbatches_calculator.py", line 220, in _build_num_microbatches_calculator
    num_microbatches_calculator = ConstantNumMicroBatchesCalculator(
                                  ^^^^^^^^^^^^^^^^^^^^^^^^^^^^^^^^^^
  File "/pscratch/sd/s/syfan/Megatron-LM/megatron/core/num_microbatches_calculator.py", line 340, in __init__
    assert global_batch_size % micro_batch_times_data_parallel_size == 0, (
           ^^^^^^^^^^^^^^^^^^^^^^^^^^^^^^^^^^^^^^^^^^^^^^^^^^^^^^^^^^^^^
AssertionError: global batch size (512) is not divisible by micro batch size (8) times data parallel size (128)
Traceback (most recent call last):
  File "/pscratch/sd/s/syfan/Megatron-LM/pretrain_gpt.py", line 335, in <module>
    pretrain(
  File "/pscratch/sd/s/syfan/Megatron-LM/megatron/training/training.py", line 681, in pretrain
    initialize_megatron(
  File "/pscratch/sd/s/syfan/Megatron-LM/megatron/training/initialize.py", line 90, in initialize_megatron
    set_global_variables(args)
  File "/pscratch/sd/s/syfan/Megatron-LM/megatron/training/global_vars.py", line 84, in set_global_variables
    init_num_microbatches_calculator(
  File "/pscratch/sd/s/syfan/Megatron-LM/megatron/core/num_microbatches_calculator.py", line 90, in init_num_microbatches_calculator
    _configure_global_num_microbatches_calculator(
  File "/pscratch/sd/s/syfan/Megatron-LM/megatron/core/num_microbatches_calculator.py", line 181, in _configure_global_num_microbatches_calculator
    _GLOBAL_NUM_MICROBATCHES_CALCULATOR = _build_num_microbatches_calculator(
                                          ^^^^^^^^^^^^^^^^^^^^^^^^^^^^^^^^^^^
  File "/pscratch/sd/s/syfan/Megatron-LM/megatron/core/num_microbatches_calculator.py", line 220, in _build_num_microbatches_calculator
    num_microbatches_calculator = ConstantNumMicroBatchesCalculator(
                                  ^^^^^^^^^^^^^^^^^^^^^^^^^^^^^^^^^^
  File "/pscratch/sd/s/syfan/Megatron-LM/megatron/core/num_microbatches_calculator.py", line 340, in __init__
    assert global_batch_size % micro_batch_times_data_parallel_size == 0, (
           ^^^^^^^^^^^^^^^^^^^^^^^^^^^^^^^^^^^^^^^^^^^^^^^^^^^^^^^^^^^^^
AssertionError: global batch size (512) is not divisible by micro batch size (8) times data parallel size (128)
W1005 22:53:03.068000 350360 /global/u2/s/syfan/.conda/envs/megatron/lib/python3.11/site-packages/torch/distributed/elastic/multiprocessing/api.py:900] Sending process 350476 closing signal SIGTERM
W1005 22:53:03.076000 350360 /global/u2/s/syfan/.conda/envs/megatron/lib/python3.11/site-packages/torch/distributed/elastic/multiprocessing/api.py:900] Sending process 350478 closing signal SIGTERM
W1005 22:53:03.082000 350360 /global/u2/s/syfan/.conda/envs/megatron/lib/python3.11/site-packages/torch/distributed/elastic/multiprocessing/api.py:900] Sending process 350479 closing signal SIGTERM
W1005 22:53:04.308000 1640921 /global/u2/s/syfan/.conda/envs/megatron/lib/python3.11/site-packages/torch/distributed/elastic/multiprocessing/api.py:900] Sending process 1641045 closing signal SIGTERM
W1005 22:53:04.314000 1640921 /global/u2/s/syfan/.conda/envs/megatron/lib/python3.11/site-packages/torch/distributed/elastic/multiprocessing/api.py:900] Sending process 1641046 closing signal SIGTERM
W1005 22:53:04.321000 1640921 /global/u2/s/syfan/.conda/envs/megatron/lib/python3.11/site-packages/torch/distributed/elastic/multiprocessing/api.py:900] Sending process 1641047 closing signal SIGTERM
E1005 22:53:04.517000 350360 /global/u2/s/syfan/.conda/envs/megatron/lib/python3.11/site-packages/torch/distributed/elastic/multiprocessing/api.py:874] failed (exitcode: 1) local_rank: 1 (pid: 350477) of binary: /global/homes/s/syfan/.conda/envs/megatron/bin/python3
Traceback (most recent call last):
  File "<frozen runpy>", line 198, in _run_module_as_main
  File "<frozen runpy>", line 88, in _run_code
  File "/global/homes/s/syfan/.conda/envs/megatron/lib/python3.11/site-packages/torch/distributed/run.py", line 905, in <module>
    main()
  File "/global/homes/s/syfan/.conda/envs/megatron/lib/python3.11/site-packages/torch/distributed/elastic/multiprocessing/errors/__init__.py", line 357, in wrapper
    return f(*args, **kwargs)
           ^^^^^^^^^^^^^^^^^^
  File "/global/homes/s/syfan/.conda/envs/megatron/lib/python3.11/site-packages/torch/distributed/run.py", line 901, in main
    run(args)
  File "/global/homes/s/syfan/.conda/envs/megatron/lib/python3.11/site-packages/torch/distributed/run.py", line 892, in run
    elastic_launch(
  File "/global/homes/s/syfan/.conda/envs/megatron/lib/python3.11/site-packages/torch/distributed/launcher/api.py", line 143, in __call__
    return launch_agent(self._config, self._entrypoint, list(args))
           ^^^^^^^^^^^^^^^^^^^^^^^^^^^^^^^^^^^^^^^^^^^^^^^^^^^^^^^^
  File "/global/homes/s/syfan/.conda/envs/megatron/lib/python3.11/site-packages/torch/distributed/launcher/api.py", line 277, in launch_agent
    raise ChildFailedError(
torch.distributed.elastic.multiprocessing.errors.ChildFailedError: 
============================================================
/pscratch/sd/s/syfan/Megatron-LM/pretrain_gpt.py FAILED
------------------------------------------------------------
Failures:
  <NO_OTHER_FAILURES>
------------------------------------------------------------
Root Cause (first observed failure):
[0]:
  time      : 2025-10-05_22:53:03
  host      : nid008221-hsn0
  rank      : 9 (local_rank: 1)
  exitcode  : 1 (pid: 350477)
  error_file: <N/A>
  traceback : To enable traceback see: https://pytorch.org/docs/stable/elastic/errors.html
============================================================
W1005 22:53:04.878000 1400041 /global/u2/s/syfan/.conda/envs/megatron/lib/python3.11/site-packages/torch/distributed/elastic/multiprocessing/api.py:900] Sending process 1400137 closing signal SIGTERM
W1005 22:53:04.887000 1400041 /global/u2/s/syfan/.conda/envs/megatron/lib/python3.11/site-packages/torch/distributed/elastic/multiprocessing/api.py:900] Sending process 1400139 closing signal SIGTERM
W1005 22:53:04.891000 1400041 /global/u2/s/syfan/.conda/envs/megatron/lib/python3.11/site-packages/torch/distributed/elastic/multiprocessing/api.py:900] Sending process 1400140 closing signal SIGTERM
W1005 22:53:04.897000 90739 /global/u2/s/syfan/.conda/envs/megatron/lib/python3.11/site-packages/torch/distributed/elastic/multiprocessing/api.py:900] Sending process 90862 closing signal SIGTERM
W1005 22:53:04.902000 90739 /global/u2/s/syfan/.conda/envs/megatron/lib/python3.11/site-packages/torch/distributed/elastic/multiprocessing/api.py:900] Sending process 90863 closing signal SIGTERM
W1005 22:53:04.906000 90739 /global/u2/s/syfan/.conda/envs/megatron/lib/python3.11/site-packages/torch/distributed/elastic/multiprocessing/api.py:900] Sending process 90864 closing signal SIGTERM
srun: error: nid008221: task 2: Exited with exit code 1
srun: Terminating StepId=43620696.0
E1005 22:53:05.738000 90739 /global/u2/s/syfan/.conda/envs/megatron/lib/python3.11/site-packages/torch/distributed/elastic/multiprocessing/api.py:874] failed (exitcode: 1) local_rank: 0 (pid: 90861) of binary: /global/homes/s/syfan/.conda/envs/megatron/bin/python3
Traceback (most recent call last):
  File "<frozen runpy>", line 198, in _run_module_as_main
  File "<frozen runpy>", line 88, in _run_code
  File "/global/homes/s/syfan/.conda/envs/megatron/lib/python3.11/site-packages/torch/distributed/run.py", line 905, in <module>
    main()
  File "/global/homes/s/syfan/.conda/envs/megatron/lib/python3.11/site-packages/torch/distributed/elastic/multiprocessing/errors/__init__.py", line 357, in wrapper
    return f(*args, **kwargs)
           ^^^^^^^^^^^^^^^^^^
  File "/global/homes/s/syfan/.conda/envs/megatron/lib/python3.11/site-packages/torch/distributed/run.py", line 901, in main
    run(args)
  File "/global/homes/s/syfan/.conda/envs/megatron/lib/python3.11/site-packages/torch/distributed/run.py", line 892, in run
    elastic_launch(
  File "/global/homes/s/syfan/.conda/envs/megatron/lib/python3.11/site-packages/torch/distributed/launcher/api.py", line 143, in __call__
    return launch_agent(self._config, self._entrypoint, list(args))
           ^^^^^^^^^^^^^^^^^^^^^^^^^^^^^^^^^^^^^^^^^^^^^^^^^^^^^^^^
  File "/global/homes/s/syfan/.conda/envs/megatron/lib/python3.11/site-packages/torch/distributed/launcher/api.py", line 277, in launch_agent
    raise ChildFailedError(
torch.distributed.elastic.multiprocessing.errors.ChildFailedError: 
============================================================
/pscratch/sd/s/syfan/Megatron-LM/pretrain_gpt.py FAILED
------------------------------------------------------------
Failures:
  <NO_OTHER_FAILURES>
------------------------------------------------------------
Root Cause (first observed failure):
[0]:
  time      : 2025-10-05_22:53:04
  host      : nid008365-hsn0
  rank      : 48 (local_rank: 0)
  exitcode  : 1 (pid: 90861)
  error_file: <N/A>
  traceback : To enable traceback see: https://pytorch.org/docs/stable/elastic/errors.html
============================================================
E1005 22:53:05.956000 1640921 /global/u2/s/syfan/.conda/envs/megatron/lib/python3.11/site-packages/torch/distributed/elastic/multiprocessing/api.py:874] failed (exitcode: 1) local_rank: 0 (pid: 1641044) of binary: /global/homes/s/syfan/.conda/envs/megatron/bin/python3
Traceback (most recent call last):
  File "<frozen runpy>", line 198, in _run_module_as_main
  File "<frozen runpy>", line 88, in _run_code
  File "/global/homes/s/syfan/.conda/envs/megatron/lib/python3.11/site-packages/torch/distributed/run.py", line 905, in <module>
    main()
  File "/global/homes/s/syfan/.conda/envs/megatron/lib/python3.11/site-packages/torch/distributed/elastic/multiprocessing/errors/__init__.py", line 357, in wrapper
    return f(*args, **kwargs)
           ^^^^^^^^^^^^^^^^^^
  File "/global/homes/s/syfan/.conda/envs/megatron/lib/python3.11/site-packages/torch/distributed/run.py", line 901, in main
    run(args)
  File "/global/homes/s/syfan/.conda/envs/megatron/lib/python3.11/site-packages/torch/distributed/run.py", line 892, in run
    elastic_launch(
  File "/global/homes/s/syfan/.conda/envs/megatron/lib/python3.11/site-packages/torch/distributed/launcher/api.py", line 143, in __call__
    return launch_agent(self._config, self._entrypoint, list(args))
           ^^^^^^^^^^^^^^^^^^^^^^^^^^^^^^^^^^^^^^^^^^^^^^^^^^^^^^^^
  File "/global/homes/s/syfan/.conda/envs/megatron/lib/python3.11/site-packages/torch/distributed/launcher/api.py", line 277, in launch_agent
    raise ChildFailedError(
torch.distributed.elastic.multiprocessing.errors.ChildFailedError: 
============================================================
/pscratch/sd/s/syfan/Megatron-LM/pretrain_gpt.py FAILED
------------------------------------------------------------
Failures:
  <NO_OTHER_FAILURES>
------------------------------------------------------------
Root Cause (first observed failure):
[0]:
  time      : 2025-10-05_22:53:04
  host      : nid008456-hsn0
  rank      : 64 (local_rank: 0)
  exitcode  : 1 (pid: 1641044)
  error_file: <N/A>
  traceback : To enable traceback see: https://pytorch.org/docs/stable/elastic/errors.html
============================================================
E1005 22:53:06.162000 1400041 /global/u2/s/syfan/.conda/envs/megatron/lib/python3.11/site-packages/torch/distributed/elastic/multiprocessing/api.py:874] failed (exitcode: 1) local_rank: 1 (pid: 1400138) of binary: /global/homes/s/syfan/.conda/envs/megatron/bin/python3
Traceback (most recent call last):
  File "<frozen runpy>", line 198, in _run_module_as_main
  File "<frozen runpy>", line 88, in _run_code
  File "/global/homes/s/syfan/.conda/envs/megatron/lib/python3.11/site-packages/torch/distributed/run.py", line 905, in <module>
    main()
  File "/global/homes/s/syfan/.conda/envs/megatron/lib/python3.11/site-packages/torch/distributed/elastic/multiprocessing/errors/__init__.py", line 357, in wrapper
    return f(*args, **kwargs)
           ^^^^^^^^^^^^^^^^^^
  File "/global/homes/s/syfan/.conda/envs/megatron/lib/python3.11/site-packages/torch/distributed/run.py", line 901, in main
    run(args)
  File "/global/homes/s/syfan/.conda/envs/megatron/lib/python3.11/site-packages/torch/distributed/run.py", line 892, in run
    elastic_launch(
  File "/global/homes/s/syfan/.conda/envs/megatron/lib/python3.11/site-packages/torch/distributed/launcher/api.py", line 143, in __call__
    return launch_agent(self._config, self._entrypoint, list(args))
           ^^^^^^^^^^^^^^^^^^^^^^^^^^^^^^^^^^^^^^^^^^^^^^^^^^^^^^^^
  File "/global/homes/s/syfan/.conda/envs/megatron/lib/python3.11/site-packages/torch/distributed/launcher/api.py", line 277, in launch_agent
    raise ChildFailedError(
torch.distributed.elastic.multiprocessing.errors.ChildFailedError: 
============================================================
/pscratch/sd/s/syfan/Megatron-LM/pretrain_gpt.py FAILED
------------------------------------------------------------
Failures:
  <NO_OTHER_FAILURES>
------------------------------------------------------------
Root Cause (first observed failure):
[0]:
  time      : 2025-10-05_22:53:04
  host      : nid008597-hsn0
  rank      : 101 (local_rank: 1)
  exitcode  : 1 (pid: 1400138)
  error_file: <N/A>
  traceback : To enable traceback see: https://pytorch.org/docs/stable/elastic/errors.html
============================================================
slurmstepd: error: *** STEP 43620696.0 ON nid008193 CANCELLED AT 2025-10-06T05:53:06 ***
W1005 22:53:06.307000 1893636 /global/u2/s/syfan/.conda/envs/megatron/lib/python3.11/site-packages/torch/distributed/elastic/agent/server/api.py:723] Received 15 death signal, shutting down workers
W1005 22:53:06.308000 507477 /global/u2/s/syfan/.conda/envs/megatron/lib/python3.11/site-packages/torch/distributed/elastic/agent/server/api.py:723] Received 15 death signal, shutting down workers
W1005 22:53:06.310000 1098869 /global/u2/s/syfan/.conda/envs/megatron/lib/python3.11/site-packages/torch/distributed/elastic/agent/server/api.py:723] Received 15 death signal, shutting down workers
W1005 22:53:06.314000 1893636 /global/u2/s/syfan/.conda/envs/megatron/lib/python3.11/site-packages/torch/distributed/elastic/multiprocessing/api.py:900] Sending process 1893732 closing signal SIGTERM
W1005 22:53:06.306000 1265813 /global/u2/s/syfan/.conda/envs/megatron/lib/python3.11/site-packages/torch/distributed/elastic/agent/server/api.py:723] Received 15 death signal, shutting down workers
W1005 22:53:06.311000 1985307 /global/u2/s/syfan/.conda/envs/megatron/lib/python3.11/site-packages/torch/distributed/elastic/agent/server/api.py:723] Received 15 death signal, shutting down workers
W1005 22:53:06.312000 1906517 /global/u2/s/syfan/.conda/envs/megatron/lib/python3.11/site-packages/torch/distributed/elastic/agent/server/api.py:723] Received 15 death signal, shutting down workers
W1005 22:53:06.314000 1041660 /global/u2/s/syfan/.conda/envs/megatron/lib/python3.11/site-packages/torch/distributed/elastic/agent/server/api.py:723] Received 15 death signal, shutting down workers
W1005 22:53:06.315000 507477 /global/u2/s/syfan/.conda/envs/megatron/lib/python3.11/site-packages/torch/distributed/elastic/multiprocessing/api.py:900] Sending process 507586 closing signal SIGTERM
W1005 22:53:06.310000 972071 /global/u2/s/syfan/.conda/envs/megatron/lib/python3.11/site-packages/torch/distributed/elastic/agent/server/api.py:723] Received 15 death signal, shutting down workers
W1005 22:53:06.310000 1789637 /global/u2/s/syfan/.conda/envs/megatron/lib/python3.11/site-packages/torch/distributed/elastic/agent/server/api.py:723] Received 15 death signal, shutting down workers
W1005 22:53:06.316000 1098869 /global/u2/s/syfan/.conda/envs/megatron/lib/python3.11/site-packages/torch/distributed/elastic/multiprocessing/api.py:900] Sending process 1098968 closing signal SIGTERM
W1005 22:53:06.311000 440851 /global/u2/s/syfan/.conda/envs/megatron/lib/python3.11/site-packages/torch/distributed/elastic/agent/server/api.py:723] Received 15 death signal, shutting down workers
W1005 22:53:06.318000 1893636 /global/u2/s/syfan/.conda/envs/megatron/lib/python3.11/site-packages/torch/distributed/elastic/multiprocessing/api.py:900] Sending process 1893733 closing signal SIGTERM
W1005 22:53:06.314000 26805 /global/u2/s/syfan/.conda/envs/megatron/lib/python3.11/site-packages/torch/distributed/elastic/agent/server/api.py:723] Received 15 death signal, shutting down workers
W1005 22:53:06.318000 1265813 /global/u2/s/syfan/.conda/envs/megatron/lib/python3.11/site-packages/torch/distributed/elastic/multiprocessing/api.py:900] Sending process 1265916 closing signal SIGTERM
W1005 22:53:06.318000 1985307 /global/u2/s/syfan/.conda/envs/megatron/lib/python3.11/site-packages/torch/distributed/elastic/multiprocessing/api.py:900] Sending process 1985427 closing signal SIGTERM
W1005 22:53:06.311000 1868255 /global/u2/s/syfan/.conda/envs/megatron/lib/python3.11/site-packages/torch/distributed/elastic/agent/server/api.py:723] Received 15 death signal, shutting down workers
W1005 22:53:06.319000 1041660 /global/u2/s/syfan/.conda/envs/megatron/lib/python3.11/site-packages/torch/distributed/elastic/multiprocessing/api.py:900] Sending process 1041756 closing signal SIGTERM
W1005 22:53:06.317000 323621 /global/u2/s/syfan/.conda/envs/megatron/lib/python3.11/site-packages/torch/distributed/elastic/agent/server/api.py:723] Received 15 death signal, shutting down workers
W1005 22:53:06.319000 1906517 /global/u2/s/syfan/.conda/envs/megatron/lib/python3.11/site-packages/torch/distributed/elastic/multiprocessing/api.py:900] Sending process 1906634 closing signal SIGTERM
W1005 22:53:06.316000 225324 /global/u2/s/syfan/.conda/envs/megatron/lib/python3.11/site-packages/torch/distributed/elastic/agent/server/api.py:723] Received 15 death signal, shutting down workers
W1005 22:53:06.314000 668542 /global/u2/s/syfan/.conda/envs/megatron/lib/python3.11/site-packages/torch/distributed/elastic/agent/server/api.py:723] Received 15 death signal, shutting down workers
W1005 22:53:06.320000 972071 /global/u2/s/syfan/.conda/envs/megatron/lib/python3.11/site-packages/torch/distributed/elastic/multiprocessing/api.py:900] Sending process 972190 closing signal SIGTERM
W1005 22:53:06.319000 428679 /global/u2/s/syfan/.conda/envs/megatron/lib/python3.11/site-packages/torch/distributed/elastic/agent/server/api.py:723] Received 15 death signal, shutting down workers
W1005 22:53:06.320000 924883 /global/u2/s/syfan/.conda/envs/megatron/lib/python3.11/site-packages/torch/distributed/elastic/agent/server/api.py:723] Received 15 death signal, shutting down workers
W1005 22:53:06.321000 1789637 /global/u2/s/syfan/.conda/envs/megatron/lib/python3.11/site-packages/torch/distributed/elastic/multiprocessing/api.py:900] Sending process 1789756 closing signal SIGTERM
W1005 22:53:06.313000 2151784 /global/u2/s/syfan/.conda/envs/megatron/lib/python3.11/site-packages/torch/distributed/elastic/agent/server/api.py:723] Received 15 death signal, shutting down workers
W1005 22:53:06.320000 789038 /global/u2/s/syfan/.conda/envs/megatron/lib/python3.11/site-packages/torch/distributed/elastic/agent/server/api.py:723] Received 15 death signal, shutting down workers
W1005 22:53:06.322000 440851 /global/u2/s/syfan/.conda/envs/megatron/lib/python3.11/site-packages/torch/distributed/elastic/multiprocessing/api.py:900] Sending process 440970 closing signal SIGTERM
W1005 22:53:06.320000 1519865 /global/u2/s/syfan/.conda/envs/megatron/lib/python3.11/site-packages/torch/distributed/elastic/agent/server/api.py:723] Received 15 death signal, shutting down workers
W1005 22:53:06.316000 28373 /global/u2/s/syfan/.conda/envs/megatron/lib/python3.11/site-packages/torch/distributed/elastic/agent/server/api.py:723] Received 15 death signal, shutting down workers
W1005 22:53:06.320000 507477 /global/u2/s/syfan/.conda/envs/megatron/lib/python3.11/site-packages/torch/distributed/elastic/multiprocessing/api.py:900] Sending process 507591 closing signal SIGTERM
W1005 22:53:06.319000 428674 /global/u2/s/syfan/.conda/envs/megatron/lib/python3.11/site-packages/torch/distributed/elastic/agent/server/api.py:723] Received 15 death signal, shutting down workers
W1005 22:53:06.323000 1906517 /global/u2/s/syfan/.conda/envs/megatron/lib/python3.11/site-packages/torch/distributed/elastic/multiprocessing/api.py:900] Sending process 1906635 closing signal SIGTERM
W1005 22:53:06.321000 962659 /global/u2/s/syfan/.conda/envs/megatron/lib/python3.11/site-packages/torch/distributed/elastic/agent/server/api.py:723] Received 15 death signal, shutting down workers
W1005 22:53:06.321000 1098869 /global/u2/s/syfan/.conda/envs/megatron/lib/python3.11/site-packages/torch/distributed/elastic/multiprocessing/api.py:900] Sending process 1098969 closing signal SIGTERM
W1005 22:53:06.322000 1985307 /global/u2/s/syfan/.conda/envs/megatron/lib/python3.11/site-packages/torch/distributed/elastic/multiprocessing/api.py:900] Sending process 1985428 closing signal SIGTERM
W1005 22:53:06.322000 26805 /global/u2/s/syfan/.conda/envs/megatron/lib/python3.11/site-packages/torch/distributed/elastic/multiprocessing/api.py:900] Sending process 26904 closing signal SIGTERM
W1005 22:53:06.323000 1868255 /global/u2/s/syfan/.conda/envs/megatron/lib/python3.11/site-packages/torch/distributed/elastic/multiprocessing/api.py:900] Sending process 1868354 closing signal SIGTERM
W1005 22:53:06.323000 1041660 /global/u2/s/syfan/.conda/envs/megatron/lib/python3.11/site-packages/torch/distributed/elastic/multiprocessing/api.py:900] Sending process 1041757 closing signal SIGTERM
W1005 22:53:06.320000 1870693 /global/u2/s/syfan/.conda/envs/megatron/lib/python3.11/site-packages/torch/distributed/elastic/agent/server/api.py:723] Received 15 death signal, shutting down workers
W1005 22:53:06.322000 1893636 /global/u2/s/syfan/.conda/envs/megatron/lib/python3.11/site-packages/torch/distributed/elastic/multiprocessing/api.py:900] Sending process 1893734 closing signal SIGTERM
W1005 22:53:06.322000 1265813 /global/u2/s/syfan/.conda/envs/megatron/lib/python3.11/site-packages/torch/distributed/elastic/multiprocessing/api.py:900] Sending process 1265917 closing signal SIGTERM
W1005 22:53:06.325000 1789637 /global/u2/s/syfan/.conda/envs/megatron/lib/python3.11/site-packages/torch/distributed/elastic/multiprocessing/api.py:900] Sending process 1789757 closing signal SIGTERM
W1005 22:53:06.324000 225324 /global/u2/s/syfan/.conda/envs/megatron/lib/python3.11/site-packages/torch/distributed/elastic/multiprocessing/api.py:900] Sending process 225421 closing signal SIGTERM
W1005 22:53:06.325000 668542 /global/u2/s/syfan/.conda/envs/megatron/lib/python3.11/site-packages/torch/distributed/elastic/multiprocessing/api.py:900] Sending process 668639 closing signal SIGTERM
W1005 22:53:06.326000 440851 /global/u2/s/syfan/.conda/envs/megatron/lib/python3.11/site-packages/torch/distributed/elastic/multiprocessing/api.py:900] Sending process 440971 closing signal SIGTERM
W1005 22:53:06.325000 2151784 /global/u2/s/syfan/.conda/envs/megatron/lib/python3.11/site-packages/torch/distributed/elastic/multiprocessing/api.py:900] Sending process 2151903 closing signal SIGTERM
W1005 22:53:06.327000 28373 /global/u2/s/syfan/.conda/envs/megatron/lib/python3.11/site-packages/torch/distributed/elastic/multiprocessing/api.py:900] Sending process 28469 closing signal SIGTERM
W1005 22:53:06.328000 507477 /global/u2/s/syfan/.conda/envs/megatron/lib/python3.11/site-packages/torch/distributed/elastic/multiprocessing/api.py:900] Sending process 507592 closing signal SIGTERM
W1005 22:53:06.329000 1985307 /global/u2/s/syfan/.conda/envs/megatron/lib/python3.11/site-packages/torch/distributed/elastic/multiprocessing/api.py:900] Sending process 1985429 closing signal SIGTERM
W1005 22:53:06.328000 428674 /global/u2/s/syfan/.conda/envs/megatron/lib/python3.11/site-packages/torch/distributed/elastic/multiprocessing/api.py:900] Sending process 428795 closing signal SIGTERM
W1005 22:53:06.328000 1906517 /global/u2/s/syfan/.conda/envs/megatron/lib/python3.11/site-packages/torch/distributed/elastic/multiprocessing/api.py:900] Sending process 1906636 closing signal SIGTERM
W1005 22:53:06.328000 1098869 /global/u2/s/syfan/.conda/envs/megatron/lib/python3.11/site-packages/torch/distributed/elastic/multiprocessing/api.py:900] Sending process 1098970 closing signal SIGTERM
W1005 22:53:06.330000 1041660 /global/u2/s/syfan/.conda/envs/megatron/lib/python3.11/site-packages/torch/distributed/elastic/multiprocessing/api.py:900] Sending process 1041758 closing signal SIGTERM
W1005 22:53:06.329000 26805 /global/u2/s/syfan/.conda/envs/megatron/lib/python3.11/site-packages/torch/distributed/elastic/multiprocessing/api.py:900] Sending process 26905 closing signal SIGTERM
W1005 22:53:06.328000 962659 /global/u2/s/syfan/.conda/envs/megatron/lib/python3.11/site-packages/torch/distributed/elastic/multiprocessing/api.py:900] Sending process 962779 closing signal SIGTERM
W1005 22:53:06.330000 1265813 /global/u2/s/syfan/.conda/envs/megatron/lib/python3.11/site-packages/torch/distributed/elastic/multiprocessing/api.py:900] Sending process 1265918 closing signal SIGTERM
W1005 22:53:06.325000 972071 /global/u2/s/syfan/.conda/envs/megatron/lib/python3.11/site-packages/torch/distributed/elastic/multiprocessing/api.py:900] Sending process 972191 closing signal SIGTERM
W1005 22:53:06.330000 225324 /global/u2/s/syfan/.conda/envs/megatron/lib/python3.11/site-packages/torch/distributed/elastic/multiprocessing/api.py:900] Sending process 225422 closing signal SIGTERM
W1005 22:53:06.330000 1789637 /global/u2/s/syfan/.conda/envs/megatron/lib/python3.11/site-packages/torch/distributed/elastic/multiprocessing/api.py:900] Sending process 1789758 closing signal SIGTERM
W1005 22:53:06.320000 1404867 /global/u2/s/syfan/.conda/envs/megatron/lib/python3.11/site-packages/torch/distributed/elastic/agent/server/api.py:723] Received 15 death signal, shutting down workers
W1005 22:53:06.330000 1868255 /global/u2/s/syfan/.conda/envs/megatron/lib/python3.11/site-packages/torch/distributed/elastic/multiprocessing/api.py:900] Sending process 1868355 closing signal SIGTERM
W1005 22:53:06.330000 1893636 /global/u2/s/syfan/.conda/envs/megatron/lib/python3.11/site-packages/torch/distributed/elastic/multiprocessing/api.py:900] Sending process 1893735 closing signal SIGTERM
W1005 22:53:06.330000 668542 /global/u2/s/syfan/.conda/envs/megatron/lib/python3.11/site-packages/torch/distributed/elastic/multiprocessing/api.py:900] Sending process 668640 closing signal SIGTERM
W1005 22:53:06.326000 1519865 /global/u2/s/syfan/.conda/envs/megatron/lib/python3.11/site-packages/torch/distributed/elastic/multiprocessing/api.py:900] Sending process 1519964 closing signal SIGTERM
W1005 22:53:06.330000 440851 /global/u2/s/syfan/.conda/envs/megatron/lib/python3.11/site-packages/torch/distributed/elastic/multiprocessing/api.py:900] Sending process 440972 closing signal SIGTERM
W1005 22:53:06.325000 924883 /global/u2/s/syfan/.conda/envs/megatron/lib/python3.11/site-packages/torch/distributed/elastic/multiprocessing/api.py:900] Sending process 924999 closing signal SIGTERM
W1005 22:53:06.326000 789038 /global/u2/s/syfan/.conda/envs/megatron/lib/python3.11/site-packages/torch/distributed/elastic/multiprocessing/api.py:900] Sending process 789162 closing signal SIGTERM
W1005 22:53:06.323000 323621 /global/u2/s/syfan/.conda/envs/megatron/lib/python3.11/site-packages/torch/distributed/elastic/multiprocessing/api.py:900] Sending process 323739 closing signal SIGTERM
W1005 22:53:06.331000 2151784 /global/u2/s/syfan/.conda/envs/megatron/lib/python3.11/site-packages/torch/distributed/elastic/multiprocessing/api.py:900] Sending process 2151904 closing signal SIGTERM
W1005 22:53:06.325000 428679 /global/u2/s/syfan/.conda/envs/megatron/lib/python3.11/site-packages/torch/distributed/elastic/multiprocessing/api.py:900] Sending process 428804 closing signal SIGTERM
W1005 22:53:06.330000 1870693 /global/u2/s/syfan/.conda/envs/megatron/lib/python3.11/site-packages/torch/distributed/elastic/multiprocessing/api.py:900] Sending process 1870792 closing signal SIGTERM
W1005 22:53:06.332000 28373 /global/u2/s/syfan/.conda/envs/megatron/lib/python3.11/site-packages/torch/distributed/elastic/multiprocessing/api.py:900] Sending process 28470 closing signal SIGTERM
W1005 22:53:06.332000 428674 /global/u2/s/syfan/.conda/envs/megatron/lib/python3.11/site-packages/torch/distributed/elastic/multiprocessing/api.py:900] Sending process 428796 closing signal SIGTERM
W1005 22:53:06.332000 507477 /global/u2/s/syfan/.conda/envs/megatron/lib/python3.11/site-packages/torch/distributed/elastic/multiprocessing/api.py:900] Sending process 507593 closing signal SIGTERM
W1005 22:53:06.333000 1906517 /global/u2/s/syfan/.conda/envs/megatron/lib/python3.11/site-packages/torch/distributed/elastic/multiprocessing/api.py:900] Sending process 1906637 closing signal SIGTERM
W1005 22:53:06.333000 1098869 /global/u2/s/syfan/.conda/envs/megatron/lib/python3.11/site-packages/torch/distributed/elastic/multiprocessing/api.py:900] Sending process 1098971 closing signal SIGTERM
W1005 22:53:06.332000 1985307 /global/u2/s/syfan/.conda/envs/megatron/lib/python3.11/site-packages/torch/distributed/elastic/multiprocessing/api.py:900] Sending process 1985430 closing signal SIGTERM
W1005 22:53:06.333000 1041660 /global/u2/s/syfan/.conda/envs/megatron/lib/python3.11/site-packages/torch/distributed/elastic/multiprocessing/api.py:900] Sending process 1041759 closing signal SIGTERM
W1005 22:53:06.334000 972071 /global/u2/s/syfan/.conda/envs/megatron/lib/python3.11/site-packages/torch/distributed/elastic/multiprocessing/api.py:900] Sending process 972192 closing signal SIGTERM
W1005 22:53:06.333000 26805 /global/u2/s/syfan/.conda/envs/megatron/lib/python3.11/site-packages/torch/distributed/elastic/multiprocessing/api.py:900] Sending process 26906 closing signal SIGTERM
W1005 22:53:06.334000 225324 /global/u2/s/syfan/.conda/envs/megatron/lib/python3.11/site-packages/torch/distributed/elastic/multiprocessing/api.py:900] Sending process 225423 closing signal SIGTERM
W1005 22:53:06.333000 962659 /global/u2/s/syfan/.conda/envs/megatron/lib/python3.11/site-packages/torch/distributed/elastic/multiprocessing/api.py:900] Sending process 962780 closing signal SIGTERM
W1005 22:53:06.334000 1265813 /global/u2/s/syfan/.conda/envs/megatron/lib/python3.11/site-packages/torch/distributed/elastic/multiprocessing/api.py:900] Sending process 1265919 closing signal SIGTERM
W1005 22:53:06.334000 1519865 /global/u2/s/syfan/.conda/envs/megatron/lib/python3.11/site-packages/torch/distributed/elastic/multiprocessing/api.py:900] Sending process 1519965 closing signal SIGTERM
W1005 22:53:06.334000 668542 /global/u2/s/syfan/.conda/envs/megatron/lib/python3.11/site-packages/torch/distributed/elastic/multiprocessing/api.py:900] Sending process 668641 closing signal SIGTERM
W1005 22:53:06.334000 1868255 /global/u2/s/syfan/.conda/envs/megatron/lib/python3.11/site-packages/torch/distributed/elastic/multiprocessing/api.py:900] Sending process 1868356 closing signal SIGTERM
W1005 22:53:06.334000 1789637 /global/u2/s/syfan/.conda/envs/megatron/lib/python3.11/site-packages/torch/distributed/elastic/multiprocessing/api.py:900] Sending process 1789759 closing signal SIGTERM
W1005 22:53:06.335000 2151784 /global/u2/s/syfan/.conda/envs/megatron/lib/python3.11/site-packages/torch/distributed/elastic/multiprocessing/api.py:900] Sending process 2151905 closing signal SIGTERM
W1005 22:53:06.334000 440851 /global/u2/s/syfan/.conda/envs/megatron/lib/python3.11/site-packages/torch/distributed/elastic/multiprocessing/api.py:900] Sending process 440973 closing signal SIGTERM
W1005 22:53:06.335000 1870693 /global/u2/s/syfan/.conda/envs/megatron/lib/python3.11/site-packages/torch/distributed/elastic/multiprocessing/api.py:900] Sending process 1870793 closing signal SIGTERM
W1005 22:53:06.335000 28373 /global/u2/s/syfan/.conda/envs/megatron/lib/python3.11/site-packages/torch/distributed/elastic/multiprocessing/api.py:900] Sending process 28471 closing signal SIGTERM
W1005 22:53:06.334000 1404867 /global/u2/s/syfan/.conda/envs/megatron/lib/python3.11/site-packages/torch/distributed/elastic/multiprocessing/api.py:900] Sending process 1404967 closing signal SIGTERM
W1005 22:53:06.336000 428674 /global/u2/s/syfan/.conda/envs/megatron/lib/python3.11/site-packages/torch/distributed/elastic/multiprocessing/api.py:900] Sending process 428797 closing signal SIGTERM
W1005 22:53:06.334000 323621 /global/u2/s/syfan/.conda/envs/megatron/lib/python3.11/site-packages/torch/distributed/elastic/multiprocessing/api.py:900] Sending process 323740 closing signal SIGTERM
W1005 22:53:06.334000 789038 /global/u2/s/syfan/.conda/envs/megatron/lib/python3.11/site-packages/torch/distributed/elastic/multiprocessing/api.py:900] Sending process 789163 closing signal SIGTERM
W1005 22:53:06.338000 225324 /global/u2/s/syfan/.conda/envs/megatron/lib/python3.11/site-packages/torch/distributed/elastic/multiprocessing/api.py:900] Sending process 225424 closing signal SIGTERM
W1005 22:53:06.338000 668542 /global/u2/s/syfan/.conda/envs/megatron/lib/python3.11/site-packages/torch/distributed/elastic/multiprocessing/api.py:900] Sending process 668642 closing signal SIGTERM
W1005 22:53:06.338000 26805 /global/u2/s/syfan/.conda/envs/megatron/lib/python3.11/site-packages/torch/distributed/elastic/multiprocessing/api.py:900] Sending process 26907 closing signal SIGTERM
W1005 22:53:06.338000 1870693 /global/u2/s/syfan/.conda/envs/megatron/lib/python3.11/site-packages/torch/distributed/elastic/multiprocessing/api.py:900] Sending process 1870794 closing signal SIGTERM
W1005 22:53:06.338000 1868255 /global/u2/s/syfan/.conda/envs/megatron/lib/python3.11/site-packages/torch/distributed/elastic/multiprocessing/api.py:900] Sending process 1868357 closing signal SIGTERM
W1005 22:53:06.339000 2151784 /global/u2/s/syfan/.conda/envs/megatron/lib/python3.11/site-packages/torch/distributed/elastic/multiprocessing/api.py:900] Sending process 2151906 closing signal SIGTERM
W1005 22:53:06.339000 428674 /global/u2/s/syfan/.conda/envs/megatron/lib/python3.11/site-packages/torch/distributed/elastic/multiprocessing/api.py:900] Sending process 428798 closing signal SIGTERM
W1005 22:53:06.339000 28373 /global/u2/s/syfan/.conda/envs/megatron/lib/python3.11/site-packages/torch/distributed/elastic/multiprocessing/api.py:900] Sending process 28472 closing signal SIGTERM
W1005 22:53:06.335000 428679 /global/u2/s/syfan/.conda/envs/megatron/lib/python3.11/site-packages/torch/distributed/elastic/multiprocessing/api.py:900] Sending process 428805 closing signal SIGTERM
W1005 22:53:06.334000 924883 /global/u2/s/syfan/.conda/envs/megatron/lib/python3.11/site-packages/torch/distributed/elastic/multiprocessing/api.py:900] Sending process 925000 closing signal SIGTERM
W1005 22:53:06.341000 323621 /global/u2/s/syfan/.conda/envs/megatron/lib/python3.11/site-packages/torch/distributed/elastic/multiprocessing/api.py:900] Sending process 323741 closing signal SIGTERM
W1005 22:53:06.341000 789038 /global/u2/s/syfan/.conda/envs/megatron/lib/python3.11/site-packages/torch/distributed/elastic/multiprocessing/api.py:900] Sending process 789164 closing signal SIGTERM
W1005 22:53:06.338000 1519865 /global/u2/s/syfan/.conda/envs/megatron/lib/python3.11/site-packages/torch/distributed/elastic/multiprocessing/api.py:900] Sending process 1519966 closing signal SIGTERM
W1005 22:53:06.338000 962659 /global/u2/s/syfan/.conda/envs/megatron/lib/python3.11/site-packages/torch/distributed/elastic/multiprocessing/api.py:900] Sending process 962781 closing signal SIGTERM
W1005 22:53:06.337000 972071 /global/u2/s/syfan/.conda/envs/megatron/lib/python3.11/site-packages/torch/distributed/elastic/multiprocessing/api.py:900] Sending process 972193 closing signal SIGTERM
W1005 22:53:06.342000 1870693 /global/u2/s/syfan/.conda/envs/megatron/lib/python3.11/site-packages/torch/distributed/elastic/multiprocessing/api.py:900] Sending process 1870795 closing signal SIGTERM
W1005 22:53:06.343000 428679 /global/u2/s/syfan/.conda/envs/megatron/lib/python3.11/site-packages/torch/distributed/elastic/multiprocessing/api.py:900] Sending process 428806 closing signal SIGTERM
W1005 22:53:06.343000 924883 /global/u2/s/syfan/.conda/envs/megatron/lib/python3.11/site-packages/torch/distributed/elastic/multiprocessing/api.py:900] Sending process 925001 closing signal SIGTERM
W1005 22:53:06.344000 323621 /global/u2/s/syfan/.conda/envs/megatron/lib/python3.11/site-packages/torch/distributed/elastic/multiprocessing/api.py:900] Sending process 323742 closing signal SIGTERM
W1005 22:53:06.344000 789038 /global/u2/s/syfan/.conda/envs/megatron/lib/python3.11/site-packages/torch/distributed/elastic/multiprocessing/api.py:900] Sending process 789165 closing signal SIGTERM
W1005 22:53:06.346000 1519865 /global/u2/s/syfan/.conda/envs/megatron/lib/python3.11/site-packages/torch/distributed/elastic/multiprocessing/api.py:900] Sending process 1519967 closing signal SIGTERM
W1005 22:53:06.346000 962659 /global/u2/s/syfan/.conda/envs/megatron/lib/python3.11/site-packages/torch/distributed/elastic/multiprocessing/api.py:900] Sending process 962782 closing signal SIGTERM
W1005 22:53:06.347000 428679 /global/u2/s/syfan/.conda/envs/megatron/lib/python3.11/site-packages/torch/distributed/elastic/multiprocessing/api.py:900] Sending process 428807 closing signal SIGTERM
W1005 22:53:06.347000 924883 /global/u2/s/syfan/.conda/envs/megatron/lib/python3.11/site-packages/torch/distributed/elastic/multiprocessing/api.py:900] Sending process 925002 closing signal SIGTERM
srun: error: nid008456: task 16: Exited with exit code 1
W1005 22:53:06.315000 545513 /global/u2/s/syfan/.conda/envs/megatron/lib/python3.11/site-packages/torch/distributed/elastic/agent/server/api.py:723] Received 15 death signal, shutting down workers
W1005 22:53:06.364000 545513 /global/u2/s/syfan/.conda/envs/megatron/lib/python3.11/site-packages/torch/distributed/elastic/multiprocessing/api.py:900] Sending process 545638 closing signal SIGTERM
W1005 22:53:06.369000 545513 /global/u2/s/syfan/.conda/envs/megatron/lib/python3.11/site-packages/torch/distributed/elastic/multiprocessing/api.py:900] Sending process 545639 closing signal SIGTERM
W1005 22:53:06.373000 545513 /global/u2/s/syfan/.conda/envs/megatron/lib/python3.11/site-packages/torch/distributed/elastic/multiprocessing/api.py:900] Sending process 545640 closing signal SIGTERM
W1005 22:53:06.377000 545513 /global/u2/s/syfan/.conda/envs/megatron/lib/python3.11/site-packages/torch/distributed/elastic/multiprocessing/api.py:900] Sending process 545641 closing signal SIGTERM
srun: error: nid008597: task 25: Terminated
W1005 22:53:06.320000 1218666 /global/u2/s/syfan/.conda/envs/megatron/lib/python3.11/site-packages/torch/distributed/elastic/agent/server/api.py:723] Received 15 death signal, shutting down workers
W1005 22:53:06.339000 1404867 /global/u2/s/syfan/.conda/envs/megatron/lib/python3.11/site-packages/torch/distributed/elastic/multiprocessing/api.py:900] Sending process 1404968 closing signal SIGTERM
W1005 22:53:06.608000 1404867 /global/u2/s/syfan/.conda/envs/megatron/lib/python3.11/site-packages/torch/distributed/elastic/multiprocessing/api.py:900] Sending process 1404969 closing signal SIGTERM
W1005 22:53:06.608000 1218666 /global/u2/s/syfan/.conda/envs/megatron/lib/python3.11/site-packages/torch/distributed/elastic/multiprocessing/api.py:900] Sending process 1218786 closing signal SIGTERM
W1005 22:53:06.614000 1404867 /global/u2/s/syfan/.conda/envs/megatron/lib/python3.11/site-packages/torch/distributed/elastic/multiprocessing/api.py:900] Sending process 1404970 closing signal SIGTERM
W1005 22:53:06.614000 1218666 /global/u2/s/syfan/.conda/envs/megatron/lib/python3.11/site-packages/torch/distributed/elastic/multiprocessing/api.py:900] Sending process 1218787 closing signal SIGTERM
W1005 22:53:06.314000 115438 /global/u2/s/syfan/.conda/envs/megatron/lib/python3.11/site-packages/torch/distributed/elastic/agent/server/api.py:723] Received 15 death signal, shutting down workers
W1005 22:53:06.737000 115438 /global/u2/s/syfan/.conda/envs/megatron/lib/python3.11/site-packages/torch/distributed/elastic/multiprocessing/api.py:900] Sending process 115559 closing signal SIGTERM
W1005 22:53:06.742000 115438 /global/u2/s/syfan/.conda/envs/megatron/lib/python3.11/site-packages/torch/distributed/elastic/multiprocessing/api.py:900] Sending process 115560 closing signal SIGTERM
W1005 22:53:06.746000 115438 /global/u2/s/syfan/.conda/envs/megatron/lib/python3.11/site-packages/torch/distributed/elastic/multiprocessing/api.py:900] Sending process 115561 closing signal SIGTERM
W1005 22:53:06.750000 115438 /global/u2/s/syfan/.conda/envs/megatron/lib/python3.11/site-packages/torch/distributed/elastic/multiprocessing/api.py:900] Sending process 115562 closing signal SIGTERM
Traceback (most recent call last):
  File "<frozen runpy>", line 198, in _run_module_as_main
  File "<frozen runpy>", line 88, in _run_code
  File "/global/homes/s/syfan/.conda/envs/megatron/lib/python3.11/site-packages/torch/distributed/run.py", line 905, in <module>
    main()
  File "/global/homes/s/syfan/.conda/envs/megatron/lib/python3.11/site-packages/torch/distributed/elastic/multiprocessing/errors/__init__.py", line 357, in wrapper
    return f(*args, **kwargs)
           ^^^^^^^^^^^^^^^^^^
  File "/global/homes/s/syfan/.conda/envs/megatron/lib/python3.11/site-packages/torch/distributed/run.py", line 901, in main
    run(args)
  File "/global/homes/s/syfan/.conda/envs/megatron/lib/python3.11/site-packages/torch/distributed/run.py", line 892, in run
    elastic_launch(
  File "/global/homes/s/syfan/.conda/envs/megatron/lib/python3.11/site-packages/torch/distributed/launcher/api.py", line 143, in __call__
    return launch_agent(self._config, self._entrypoint, list(args))
           ^^^^^^^^^^^^^^^^^^^^^^^^^^^^^^^^^^^^^^^^^^^^^^^^^^^^^^^^
  File "/global/homes/s/syfan/.conda/envs/megatron/lib/python3.11/site-packages/torch/distributed/launcher/api.py", line 268, in launch_agent
    result = agent.run()
             ^^^^^^^^^^^
  File "/global/homes/s/syfan/.conda/envs/megatron/lib/python3.11/site-packages/torch/distributed/elastic/metrics/api.py", line 138, in wrapper
    result = f(*args, **kwargs)
             ^^^^^^^^^^^^^^^^^^
  File "/global/homes/s/syfan/.conda/envs/megatron/lib/python3.11/site-packages/torch/distributed/elastic/agent/server/api.py", line 715, in run
    result = self._invoke_run(role)
             ^^^^^^^^^^^^^^^^^^^^^^
  File "/global/homes/s/syfan/.conda/envs/megatron/lib/python3.11/site-packages/torch/distributed/elastic/agent/server/api.py", line 879, in _invoke_run
    time.sleep(monitor_interval)
  File "/global/homes/s/syfan/.conda/envs/megatron/lib/python3.11/site-packages/torch/distributed/elastic/multiprocessing/api.py", line 84, in _terminate_process_handler
    raise SignalException(f"Process {os.getpid()} got signal: {sigval}", sigval=sigval)
torch.distributed.elastic.multiprocessing.api.SignalException: Process 1519865 got signal: 15
W1005 22:53:06.653000 1218666 /global/u2/s/syfan/.conda/envs/megatron/lib/python3.11/site-packages/torch/distributed/elastic/multiprocessing/api.py:900] Sending process 1218788 closing signal SIGTERM
W1005 22:53:06.658000 1218666 /global/u2/s/syfan/.conda/envs/megatron/lib/python3.11/site-packages/torch/distributed/elastic/multiprocessing/api.py:900] Sending process 1218789 closing signal SIGTERM
Traceback (most recent call last):
  File "<frozen runpy>", line 198, in _run_module_as_main
  File "<frozen runpy>", line 88, in _run_code
  File "/global/homes/s/syfan/.conda/envs/megatron/lib/python3.11/site-packages/torch/distributed/run.py", line 905, in <module>
    main()
  File "/global/homes/s/syfan/.conda/envs/megatron/lib/python3.11/site-packages/torch/distributed/elastic/multiprocessing/errors/__init__.py", line 357, in wrapper
    return f(*args, **kwargs)
           ^^^^^^^^^^^^^^^^^^
  File "/global/homes/s/syfan/.conda/envs/megatron/lib/python3.11/site-packages/torch/distributed/run.py", line 901, in main
    run(args)
  File "/global/homes/s/syfan/.conda/envs/megatron/lib/python3.11/site-packages/torch/distributed/run.py", line 892, in run
    elastic_launch(
  File "/global/homes/s/syfan/.conda/envs/megatron/lib/python3.11/site-packages/torch/distributed/launcher/api.py", line 143, in __call__
    return launch_agent(self._config, self._entrypoint, list(args))
           ^^^^^^^^^^^^^^^^^^^^^^^^^^^^^^^^^^^^^^^^^^^^^^^^^^^^^^^^
  File "/global/homes/s/syfan/.conda/envs/megatron/lib/python3.11/site-packages/torch/distributed/launcher/api.py", line 268, in launch_agent
    result = agent.run()
             ^^^^^^^^^^^
  File "/global/homes/s/syfan/.conda/envs/megatron/lib/python3.11/site-packages/torch/distributed/elastic/metrics/api.py", line 138, in wrapper
    result = f(*args, **kwargs)
             ^^^^^^^^^^^^^^^^^^
  File "/global/homes/s/syfan/.conda/envs/megatron/lib/python3.11/site-packages/torch/distributed/elastic/agent/server/api.py", line 715, in run
    result = self._invoke_run(role)
             ^^^^^^^^^^^^^^^^^^^^^^
  File "/global/homes/s/syfan/.conda/envs/megatron/lib/python3.11/site-packages/torch/distributed/elastic/agent/server/api.py", line 879, in _invoke_run
    time.sleep(monitor_interval)
  File "/global/homes/s/syfan/.conda/envs/megatron/lib/python3.11/site-packages/torch/distributed/elastic/multiprocessing/api.py", line 84, in _terminate_process_handler
    raise SignalException(f"Process {os.getpid()} got signal: {sigval}", sigval=sigval)
torch.distributed.elastic.multiprocessing.api.SignalException: Process 545513 got signal: 15
srun: error: nid008365: task 12: Exited with exit code 1
Traceback (most recent call last):
  File "<frozen runpy>", line 198, in _run_module_as_main
  File "<frozen runpy>", line 88, in _run_code
  File "/global/homes/s/syfan/.conda/envs/megatron/lib/python3.11/site-packages/torch/distributed/run.py", line 905, in <module>
    main()
  File "/global/homes/s/syfan/.conda/envs/megatron/lib/python3.11/site-packages/torch/distributed/elastic/multiprocessing/errors/__init__.py", line 357, in wrapper
Traceback (most recent call last):
  File "<frozen runpy>", line 198, in _run_module_as_main
  File "<frozen runpy>", line 88, in _run_code
  File "/global/homes/s/syfan/.conda/envs/megatron/lib/python3.11/site-packages/torch/distributed/run.py", line 905, in <module>
    return f(*args, **kwargs)
           ^^^^^^^^^^^^^^^^^^
  File "/global/homes/s/syfan/.conda/envs/megatron/lib/python3.11/site-packages/torch/distributed/run.py", line 901, in main
    main()
  File "/global/homes/s/syfan/.conda/envs/megatron/lib/python3.11/site-packages/torch/distributed/elastic/multiprocessing/errors/__init__.py", line 357, in wrapper
    run(args)
  File "/global/homes/s/syfan/.conda/envs/megatron/lib/python3.11/site-packages/torch/distributed/run.py", line 892, in run
    return f(*args, **kwargs)
           ^^^^^^^^^^^^^^^^^^
  File "/global/homes/s/syfan/.conda/envs/megatron/lib/python3.11/site-packages/torch/distributed/run.py", line 901, in main
    elastic_launch(
  File "/global/homes/s/syfan/.conda/envs/megatron/lib/python3.11/site-packages/torch/distributed/launcher/api.py", line 143, in __call__
    return launch_agent(self._config, self._entrypoint, list(args))
           ^^^^^^^^^^^^^^^^^^^^^^^^^^^^^^^^^^^^^^^^^^^^^^^^^^^^^^^^
  File "/global/homes/s/syfan/.conda/envs/megatron/lib/python3.11/site-packages/torch/distributed/launcher/api.py", line 268, in launch_agent
    run(args)
  File "/global/homes/s/syfan/.conda/envs/megatron/lib/python3.11/site-packages/torch/distributed/run.py", line 892, in run
    result = agent.run()
             ^^^^^^^^^^^
  File "/global/homes/s/syfan/.conda/envs/megatron/lib/python3.11/site-packages/torch/distributed/elastic/metrics/api.py", line 138, in wrapper
    elastic_launch(
  File "/global/homes/s/syfan/.conda/envs/megatron/lib/python3.11/site-packages/torch/distributed/launcher/api.py", line 143, in __call__
    result = f(*args, **kwargs)
             ^^^^^^^^^^^^^^^^^^
  File "/global/homes/s/syfan/.conda/envs/megatron/lib/python3.11/site-packages/torch/distributed/elastic/agent/server/api.py", line 715, in run
    return launch_agent(self._config, self._entrypoint, list(args))
           ^^^^^^^^^^^^^^^^^^^^^^^^^^^^^^^^^^^^^^^^^^^^^^^^^^^^^^^^
  File "/global/homes/s/syfan/.conda/envs/megatron/lib/python3.11/site-packages/torch/distributed/launcher/api.py", line 268, in launch_agent
    result = self._invoke_run(role)
             ^^^^^^^^^^^^^^^^^^^^^^
  File "/global/homes/s/syfan/.conda/envs/megatron/lib/python3.11/site-packages/torch/distributed/elastic/agent/server/api.py", line 879, in _invoke_run
Traceback (most recent call last):
  File "<frozen runpy>", line 198, in _run_module_as_main
  File "<frozen runpy>", line 88, in _run_code
  File "/global/homes/s/syfan/.conda/envs/megatron/lib/python3.11/site-packages/torch/distributed/run.py", line 905, in <module>
    time.sleep(monitor_interval)
  File "/global/homes/s/syfan/.conda/envs/megatron/lib/python3.11/site-packages/torch/distributed/elastic/multiprocessing/api.py", line 84, in _terminate_process_handler
    raise SignalException(f"Process {os.getpid()} got signal: {sigval}", sigval=sigval)
torch.distributed.elastic.multiprocessing.api.SignalException: Process 1893636 got signal: 15
    main()
  File "/global/homes/s/syfan/.conda/envs/megatron/lib/python3.11/site-packages/torch/distributed/elastic/multiprocessing/errors/__init__.py", line 357, in wrapper
    return f(*args, **kwargs)
           ^^^^^^^^^^^^^^^^^^
  File "/global/homes/s/syfan/.conda/envs/megatron/lib/python3.11/site-packages/torch/distributed/run.py", line 901, in main
    run(args)
  File "/global/homes/s/syfan/.conda/envs/megatron/lib/python3.11/site-packages/torch/distributed/run.py", line 892, in run
    result = agent.run()
             ^^^^^^^^^^^
  File "/global/homes/s/syfan/.conda/envs/megatron/lib/python3.11/site-packages/torch/distributed/elastic/metrics/api.py", line 138, in wrapper
    result = f(*args, **kwargs)
             ^^^^^^^^^^^^^^^^^^
  File "/global/homes/s/syfan/.conda/envs/megatron/lib/python3.11/site-packages/torch/distributed/elastic/agent/server/api.py", line 715, in run
    result = self._invoke_run(role)
             ^^^^^^^^^^^^^^^^^^^^^^
  File "/global/homes/s/syfan/.conda/envs/megatron/lib/python3.11/site-packages/torch/distributed/elastic/agent/server/api.py", line 879, in _invoke_run
    time.sleep(monitor_interval)
  File "/global/homes/s/syfan/.conda/envs/megatron/lib/python3.11/site-packages/torch/distributed/elastic/multiprocessing/api.py", line 84, in _terminate_process_handler
    raise SignalException(f"Process {os.getpid()} got signal: {sigval}", sigval=sigval)
torch.distributed.elastic.multiprocessing.api.SignalException: Process 428674 got signal: 15
    elastic_launch(
  File "/global/homes/s/syfan/.conda/envs/megatron/lib/python3.11/site-packages/torch/distributed/launcher/api.py", line 143, in __call__
    return launch_agent(self._config, self._entrypoint, list(args))
           ^^^^^^^^^^^^^^^^^^^^^^^^^^^^^^^^^^^^^^^^^^^^^^^^^^^^^^^^
  File "/global/homes/s/syfan/.conda/envs/megatron/lib/python3.11/site-packages/torch/distributed/launcher/api.py", line 268, in launch_agent
    result = agent.run()
             ^^^^^^^^^^^
  File "/global/homes/s/syfan/.conda/envs/megatron/lib/python3.11/site-packages/torch/distributed/elastic/metrics/api.py", line 138, in wrapper
    result = f(*args, **kwargs)
             ^^^^^^^^^^^^^^^^^^
  File "/global/homes/s/syfan/.conda/envs/megatron/lib/python3.11/site-packages/torch/distributed/elastic/agent/server/api.py", line 715, in run
    result = self._invoke_run(role)
             ^^^^^^^^^^^^^^^^^^^^^^
  File "/global/homes/s/syfan/.conda/envs/megatron/lib/python3.11/site-packages/torch/distributed/elastic/agent/server/api.py", line 879, in _invoke_run
    time.sleep(monitor_interval)
  File "/global/homes/s/syfan/.conda/envs/megatron/lib/python3.11/site-packages/torch/distributed/elastic/multiprocessing/api.py", line 84, in _terminate_process_handler
    raise SignalException(f"Process {os.getpid()} got signal: {sigval}", sigval=sigval)
torch.distributed.elastic.multiprocessing.api.SignalException: Process 1906517 got signal: 15
Traceback (most recent call last):
  File "<frozen runpy>", line 198, in _run_module_as_main
  File "<frozen runpy>", line 88, in _run_code
  File "/global/homes/s/syfan/.conda/envs/megatron/lib/python3.11/site-packages/torch/distributed/run.py", line 905, in <module>
    main()
  File "/global/homes/s/syfan/.conda/envs/megatron/lib/python3.11/site-packages/torch/distributed/elastic/multiprocessing/errors/__init__.py", line 357, in wrapper
    return f(*args, **kwargs)
           ^^^^^^^^^^^^^^^^^^
  File "/global/homes/s/syfan/.conda/envs/megatron/lib/python3.11/site-packages/torch/distributed/run.py", line 901, in main
    run(args)
  File "/global/homes/s/syfan/.conda/envs/megatron/lib/python3.11/site-packages/torch/distributed/run.py", line 892, in run
    elastic_launch(
  File "/global/homes/s/syfan/.conda/envs/megatron/lib/python3.11/site-packages/torch/distributed/launcher/api.py", line 143, in __call__
    return launch_agent(self._config, self._entrypoint, list(args))
           ^^^^^^^^^^^^^^^^^^^^^^^^^^^^^^^^^^^^^^^^^^^^^^^^^^^^^^^^
  File "/global/homes/s/syfan/.conda/envs/megatron/lib/python3.11/site-packages/torch/distributed/launcher/api.py", line 268, in launch_agent
    result = agent.run()
             ^^^^^^^^^^^
  File "/global/homes/s/syfan/.conda/envs/megatron/lib/python3.11/site-packages/torch/distributed/elastic/metrics/api.py", line 138, in wrapper
    result = f(*args, **kwargs)
             ^^^^^^^^^^^^^^^^^^
  File "/global/homes/s/syfan/.conda/envs/megatron/lib/python3.11/site-packages/torch/distributed/elastic/agent/server/api.py", line 715, in run
    result = self._invoke_run(role)
             ^^^^^^^^^^^^^^^^^^^^^^
  File "/global/homes/s/syfan/.conda/envs/megatron/lib/python3.11/site-packages/torch/distributed/elastic/agent/server/api.py", line 879, in _invoke_run
    time.sleep(monitor_interval)
  File "/global/homes/s/syfan/.conda/envs/megatron/lib/python3.11/site-packages/torch/distributed/elastic/multiprocessing/api.py", line 84, in _terminate_process_handler
    raise SignalException(f"Process {os.getpid()} got signal: {sigval}", sigval=sigval)
torch.distributed.elastic.multiprocessing.api.SignalException: Process 1265813 got signal: 15
Traceback (most recent call last):
  File "<frozen runpy>", line 198, in _run_module_as_main
  File "<frozen runpy>", line 88, in _run_code
  File "/global/homes/s/syfan/.conda/envs/megatron/lib/python3.11/site-packages/torch/distributed/run.py", line 905, in <module>
    main()
  File "/global/homes/s/syfan/.conda/envs/megatron/lib/python3.11/site-packages/torch/distributed/elastic/multiprocessing/errors/__init__.py", line 357, in wrapper
Traceback (most recent call last):
  File "<frozen runpy>", line 198, in _run_module_as_main
  File "<frozen runpy>", line 88, in _run_code
  File "/global/homes/s/syfan/.conda/envs/megatron/lib/python3.11/site-packages/torch/distributed/run.py", line 905, in <module>
    return f(*args, **kwargs)
           ^^^^^^^^^^^^^^^^^^
  File "/global/homes/s/syfan/.conda/envs/megatron/lib/python3.11/site-packages/torch/distributed/run.py", line 901, in main
    main()
  File "/global/homes/s/syfan/.conda/envs/megatron/lib/python3.11/site-packages/torch/distributed/elastic/multiprocessing/errors/__init__.py", line 357, in wrapper
    run(args)
  File "/global/homes/s/syfan/.conda/envs/megatron/lib/python3.11/site-packages/torch/distributed/run.py", line 892, in run
    return f(*args, **kwargs)
           ^^^^^^^^^^^^^^^^^^
  File "/global/homes/s/syfan/.conda/envs/megatron/lib/python3.11/site-packages/torch/distributed/run.py", line 901, in main
    elastic_launch(
  File "/global/homes/s/syfan/.conda/envs/megatron/lib/python3.11/site-packages/torch/distributed/launcher/api.py", line 143, in __call__
    run(args)
  File "/global/homes/s/syfan/.conda/envs/megatron/lib/python3.11/site-packages/torch/distributed/run.py", line 892, in run
    return launch_agent(self._config, self._entrypoint, list(args))
           ^^^^^^^^^^^^^^^^^^^^^^^^^^^^^^^^^^^^^^^^^^^^^^^^^^^^^^^^
  File "/global/homes/s/syfan/.conda/envs/megatron/lib/python3.11/site-packages/torch/distributed/launcher/api.py", line 268, in launch_agent
    result = agent.run()
             ^^^^^^^^^^^
  File "/global/homes/s/syfan/.conda/envs/megatron/lib/python3.11/site-packages/torch/distributed/elastic/metrics/api.py", line 138, in wrapper
    elastic_launch(
  File "/global/homes/s/syfan/.conda/envs/megatron/lib/python3.11/site-packages/torch/distributed/launcher/api.py", line 143, in __call__
    result = f(*args, **kwargs)
             ^^^^^^^^^^^^^^^^^^
  File "/global/homes/s/syfan/.conda/envs/megatron/lib/python3.11/site-packages/torch/distributed/elastic/agent/server/api.py", line 715, in run
    return launch_agent(self._config, self._entrypoint, list(args))
           ^^^^^^^^^^^^^^^^^^^^^^^^^^^^^^^^^^^^^^^^^^^^^^^^^^^^^^^^
  File "/global/homes/s/syfan/.conda/envs/megatron/lib/python3.11/site-packages/torch/distributed/launcher/api.py", line 268, in launch_agent
    result = agent.run()
             ^^^^^^^^^^^
  File "/global/homes/s/syfan/.conda/envs/megatron/lib/python3.11/site-packages/torch/distributed/elastic/metrics/api.py", line 138, in wrapper
    result = self._invoke_run(role)
             ^^^^^^^^^^^^^^^^^^^^^^
  File "/global/homes/s/syfan/.conda/envs/megatron/lib/python3.11/site-packages/torch/distributed/elastic/agent/server/api.py", line 879, in _invoke_run
    result = f(*args, **kwargs)
             ^^^^^^^^^^^^^^^^^^
  File "/global/homes/s/syfan/.conda/envs/megatron/lib/python3.11/site-packages/torch/distributed/elastic/agent/server/api.py", line 715, in run
    time.sleep(monitor_interval)
  File "/global/homes/s/syfan/.conda/envs/megatron/lib/python3.11/site-packages/torch/distributed/elastic/multiprocessing/api.py", line 84, in _terminate_process_handler
    result = self._invoke_run(role)
             ^^^^^^^^^^^^^^^^^^^^^^
  File "/global/homes/s/syfan/.conda/envs/megatron/lib/python3.11/site-packages/torch/distributed/elastic/agent/server/api.py", line 879, in _invoke_run
    raise SignalException(f"Process {os.getpid()} got signal: {sigval}", sigval=sigval)
torch.distributed.elastic.multiprocessing.api.SignalException: Process 1789637 got signal: 15
    time.sleep(monitor_interval)
  File "/global/homes/s/syfan/.conda/envs/megatron/lib/python3.11/site-packages/torch/distributed/elastic/multiprocessing/api.py", line 84, in _terminate_process_handler
    raise SignalException(f"Process {os.getpid()} got signal: {sigval}", sigval=sigval)
torch.distributed.elastic.multiprocessing.api.SignalException: Process 1985307 got signal: 15
Traceback (most recent call last):
  File "<frozen runpy>", line 198, in _run_module_as_main
  File "<frozen runpy>", line 88, in _run_code
  File "/global/homes/s/syfan/.conda/envs/megatron/lib/python3.11/site-packages/torch/distributed/run.py", line 905, in <module>
Traceback (most recent call last):
  File "<frozen runpy>", line 198, in _run_module_as_main
  File "<frozen runpy>", line 88, in _run_code
  File "/global/homes/s/syfan/.conda/envs/megatron/lib/python3.11/site-packages/torch/distributed/run.py", line 905, in <module>
Traceback (most recent call last):
  File "<frozen runpy>", line 198, in _run_module_as_main
  File "<frozen runpy>", line 88, in _run_code
  File "/global/homes/s/syfan/.conda/envs/megatron/lib/python3.11/site-packages/torch/distributed/run.py", line 905, in <module>
    main()
  File "/global/homes/s/syfan/.conda/envs/megatron/lib/python3.11/site-packages/torch/distributed/elastic/multiprocessing/errors/__init__.py", line 357, in wrapper
    main()
  File "/global/homes/s/syfan/.conda/envs/megatron/lib/python3.11/site-packages/torch/distributed/elastic/multiprocessing/errors/__init__.py", line 357, in wrapper
    main()
  File "/global/homes/s/syfan/.conda/envs/megatron/lib/python3.11/site-packages/torch/distributed/elastic/multiprocessing/errors/__init__.py", line 357, in wrapper
    return f(*args, **kwargs)
    return f(*args, **kwargs)
    return f(*args, **kwargs)
           ^^^^^^^^^^^^^^^^^^
           ^^^^^^^^^^^^^^^^^^
           ^^^^^^^^^^^^^^^^^^
  File "/global/homes/s/syfan/.conda/envs/megatron/lib/python3.11/site-packages/torch/distributed/run.py", line 901, in main
  File "/global/homes/s/syfan/.conda/envs/megatron/lib/python3.11/site-packages/torch/distributed/run.py", line 901, in main
  File "/global/homes/s/syfan/.conda/envs/megatron/lib/python3.11/site-packages/torch/distributed/run.py", line 901, in main
    run(args)
  File "/global/homes/s/syfan/.conda/envs/megatron/lib/python3.11/site-packages/torch/distributed/run.py", line 892, in run
    run(args)
  File "/global/homes/s/syfan/.conda/envs/megatron/lib/python3.11/site-packages/torch/distributed/run.py", line 892, in run
    run(args)
  File "/global/homes/s/syfan/.conda/envs/megatron/lib/python3.11/site-packages/torch/distributed/run.py", line 892, in run
    elastic_launch(
  File "/global/homes/s/syfan/.conda/envs/megatron/lib/python3.11/site-packages/torch/distributed/launcher/api.py", line 143, in __call__
    elastic_launch(
  File "/global/homes/s/syfan/.conda/envs/megatron/lib/python3.11/site-packages/torch/distributed/launcher/api.py", line 143, in __call__
    elastic_launch(
  File "/global/homes/s/syfan/.conda/envs/megatron/lib/python3.11/site-packages/torch/distributed/launcher/api.py", line 143, in __call__
    return launch_agent(self._config, self._entrypoint, list(args))
           ^^^^^^^^^^^^^^^^^^^^^^^^^^^^^^^^^^^^^^^^^^^^^^^^^^^^^^^^
  File "/global/homes/s/syfan/.conda/envs/megatron/lib/python3.11/site-packages/torch/distributed/launcher/api.py", line 268, in launch_agent
    return launch_agent(self._config, self._entrypoint, list(args))
           ^^^^^^^^^^^^^^^^^^^^^^^^^^^^^^^^^^^^^^^^^^^^^^^^^^^^^^^^
  File "/global/homes/s/syfan/.conda/envs/megatron/lib/python3.11/site-packages/torch/distributed/launcher/api.py", line 268, in launch_agent
    return launch_agent(self._config, self._entrypoint, list(args))
           ^^^^^^^^^^^^^^^^^^^^^^^^^^^^^^^^^^^^^^^^^^^^^^^^^^^^^^^^
  File "/global/homes/s/syfan/.conda/envs/megatron/lib/python3.11/site-packages/torch/distributed/launcher/api.py", line 268, in launch_agent
    result = agent.run()
             ^^^^^^^^^^^
  File "/global/homes/s/syfan/.conda/envs/megatron/lib/python3.11/site-packages/torch/distributed/elastic/metrics/api.py", line 138, in wrapper
    result = agent.run()
             ^^^^^^^^^^^
  File "/global/homes/s/syfan/.conda/envs/megatron/lib/python3.11/site-packages/torch/distributed/elastic/metrics/api.py", line 138, in wrapper
    result = f(*args, **kwargs)
    result = agent.run()
             ^^^^^^^^^^^^^^^^^^
  File "/global/homes/s/syfan/.conda/envs/megatron/lib/python3.11/site-packages/torch/distributed/elastic/agent/server/api.py", line 715, in run
             ^^^^^^^^^^^
  File "/global/homes/s/syfan/.conda/envs/megatron/lib/python3.11/site-packages/torch/distributed/elastic/metrics/api.py", line 138, in wrapper
    result = f(*args, **kwargs)
             ^^^^^^^^^^^^^^^^^^
  File "/global/homes/s/syfan/.conda/envs/megatron/lib/python3.11/site-packages/torch/distributed/elastic/agent/server/api.py", line 715, in run
    result = f(*args, **kwargs)
             ^^^^^^^^^^^^^^^^^^
  File "/global/homes/s/syfan/.conda/envs/megatron/lib/python3.11/site-packages/torch/distributed/elastic/agent/server/api.py", line 715, in run
    result = self._invoke_run(role)
             ^^^^^^^^^^^^^^^^^^^^^^
  File "/global/homes/s/syfan/.conda/envs/megatron/lib/python3.11/site-packages/torch/distributed/elastic/agent/server/api.py", line 879, in _invoke_run
    result = self._invoke_run(role)
             ^^^^^^^^^^^^^^^^^^^^^^
  File "/global/homes/s/syfan/.conda/envs/megatron/lib/python3.11/site-packages/torch/distributed/elastic/agent/server/api.py", line 879, in _invoke_run
    result = self._invoke_run(role)
             ^^^^^^^^^^^^^^^^^^^^^^
  File "/global/homes/s/syfan/.conda/envs/megatron/lib/python3.11/site-packages/torch/distributed/elastic/agent/server/api.py", line 879, in _invoke_run
    time.sleep(monitor_interval)
  File "/global/homes/s/syfan/.conda/envs/megatron/lib/python3.11/site-packages/torch/distributed/elastic/multiprocessing/api.py", line 84, in _terminate_process_handler
    time.sleep(monitor_interval)
  File "/global/homes/s/syfan/.conda/envs/megatron/lib/python3.11/site-packages/torch/distributed/elastic/multiprocessing/api.py", line 84, in _terminate_process_handler
    raise SignalException(f"Process {os.getpid()} got signal: {sigval}", sigval=sigval)
    time.sleep(monitor_interval)
torch.distributed.elastic.multiprocessing.api.SignalException: Process 225324 got signal: 15
  File "/global/homes/s/syfan/.conda/envs/megatron/lib/python3.11/site-packages/torch/distributed/elastic/multiprocessing/api.py", line 84, in _terminate_process_handler
    raise SignalException(f"Process {os.getpid()} got signal: {sigval}", sigval=sigval)
torch.distributed.elastic.multiprocessing.api.SignalException: Process 668542 got signal: 15
    raise SignalException(f"Process {os.getpid()} got signal: {sigval}", sigval=sigval)
torch.distributed.elastic.multiprocessing.api.SignalException: Process 2151784 got signal: 15
Traceback (most recent call last):
  File "<frozen runpy>", line 198, in _run_module_as_main
  File "<frozen runpy>", line 88, in _run_code
  File "/global/homes/s/syfan/.conda/envs/megatron/lib/python3.11/site-packages/torch/distributed/run.py", line 905, in <module>
    main()
  File "/global/homes/s/syfan/.conda/envs/megatron/lib/python3.11/site-packages/torch/distributed/elastic/multiprocessing/errors/__init__.py", line 357, in wrapper
    return f(*args, **kwargs)
           ^^^^^^^^^^^^^^^^^^
  File "/global/homes/s/syfan/.conda/envs/megatron/lib/python3.11/site-packages/torch/distributed/run.py", line 901, in main
    run(args)
  File "/global/homes/s/syfan/.conda/envs/megatron/lib/python3.11/site-packages/torch/distributed/run.py", line 892, in run
Traceback (most recent call last):
  File "<frozen runpy>", line 198, in _run_module_as_main
  File "<frozen runpy>", line 88, in _run_code
  File "/global/homes/s/syfan/.conda/envs/megatron/lib/python3.11/site-packages/torch/distributed/run.py", line 905, in <module>
    elastic_launch(
  File "/global/homes/s/syfan/.conda/envs/megatron/lib/python3.11/site-packages/torch/distributed/launcher/api.py", line 143, in __call__
    return launch_agent(self._config, self._entrypoint, list(args))
           ^^^^^^^^^^^^^^^^^^^^^^^^^^^^^^^^^^^^^^^^^^^^^^^^^^^^^^^^
  File "/global/homes/s/syfan/.conda/envs/megatron/lib/python3.11/site-packages/torch/distributed/launcher/api.py", line 268, in launch_agent
    main()
  File "/global/homes/s/syfan/.conda/envs/megatron/lib/python3.11/site-packages/torch/distributed/elastic/multiprocessing/errors/__init__.py", line 357, in wrapper
    result = agent.run()
             ^^^^^^^^^^^
  File "/global/homes/s/syfan/.conda/envs/megatron/lib/python3.11/site-packages/torch/distributed/elastic/metrics/api.py", line 138, in wrapper
    result = f(*args, **kwargs)
             ^^^^^^^^^^^^^^^^^^
  File "/global/homes/s/syfan/.conda/envs/megatron/lib/python3.11/site-packages/torch/distributed/elastic/agent/server/api.py", line 715, in run
    return f(*args, **kwargs)
           ^^^^^^^^^^^^^^^^^^
  File "/global/homes/s/syfan/.conda/envs/megatron/lib/python3.11/site-packages/torch/distributed/run.py", line 901, in main
    result = self._invoke_run(role)
    run(args)
             ^^^^^^^^^^^^^^^^^^^^^^
  File "/global/homes/s/syfan/.conda/envs/megatron/lib/python3.11/site-packages/torch/distributed/elastic/agent/server/api.py", line 879, in _invoke_run
  File "/global/homes/s/syfan/.conda/envs/megatron/lib/python3.11/site-packages/torch/distributed/run.py", line 892, in run
    elastic_launch(
  File "/global/homes/s/syfan/.conda/envs/megatron/lib/python3.11/site-packages/torch/distributed/launcher/api.py", line 143, in __call__
    time.sleep(monitor_interval)
  File "/global/homes/s/syfan/.conda/envs/megatron/lib/python3.11/site-packages/torch/distributed/elastic/multiprocessing/api.py", line 84, in _terminate_process_handler
    return launch_agent(self._config, self._entrypoint, list(args))
           ^^^^^^^^^^^^^^^^^^^^^^^^^^^^^^^^^^^^^^^^^^^^^^^^^^^^^^^^
  File "/global/homes/s/syfan/.conda/envs/megatron/lib/python3.11/site-packages/torch/distributed/launcher/api.py", line 268, in launch_agent
    raise SignalException(f"Process {os.getpid()} got signal: {sigval}", sigval=sigval)
torch.distributed.elastic.multiprocessing.api.SignalException: Process 28373 got signal: 15
    result = agent.run()
             ^^^^^^^^^^^
  File "/global/homes/s/syfan/.conda/envs/megatron/lib/python3.11/site-packages/torch/distributed/elastic/metrics/api.py", line 138, in wrapper
    result = f(*args, **kwargs)
             ^^^^^^^^^^^^^^^^^^
  File "/global/homes/s/syfan/.conda/envs/megatron/lib/python3.11/site-packages/torch/distributed/elastic/agent/server/api.py", line 715, in run
    result = self._invoke_run(role)
             ^^^^^^^^^^^^^^^^^^^^^^
  File "/global/homes/s/syfan/.conda/envs/megatron/lib/python3.11/site-packages/torch/distributed/elastic/agent/server/api.py", line 879, in _invoke_run
    time.sleep(monitor_interval)
  File "/global/homes/s/syfan/.conda/envs/megatron/lib/python3.11/site-packages/torch/distributed/elastic/multiprocessing/api.py", line 84, in _terminate_process_handler
    raise SignalException(f"Process {os.getpid()} got signal: {sigval}", sigval=sigval)
torch.distributed.elastic.multiprocessing.api.SignalException: Process 962659 got signal: 15
Traceback (most recent call last):
  File "<frozen runpy>", line 198, in _run_module_as_main
  File "<frozen runpy>", line 88, in _run_code
  File "/global/homes/s/syfan/.conda/envs/megatron/lib/python3.11/site-packages/torch/distributed/run.py", line 905, in <module>
    main()
  File "/global/homes/s/syfan/.conda/envs/megatron/lib/python3.11/site-packages/torch/distributed/elastic/multiprocessing/errors/__init__.py", line 357, in wrapper
    return f(*args, **kwargs)
           ^^^^^^^^^^^^^^^^^^
  File "/global/homes/s/syfan/.conda/envs/megatron/lib/python3.11/site-packages/torch/distributed/run.py", line 901, in main
    run(args)
  File "/global/homes/s/syfan/.conda/envs/megatron/lib/python3.11/site-packages/torch/distributed/run.py", line 892, in run
    elastic_launch(
  File "/global/homes/s/syfan/.conda/envs/megatron/lib/python3.11/site-packages/torch/distributed/launcher/api.py", line 143, in __call__
    return launch_agent(self._config, self._entrypoint, list(args))
           ^^^^^^^^^^^^^^^^^^^^^^^^^^^^^^^^^^^^^^^^^^^^^^^^^^^^^^^^
  File "/global/homes/s/syfan/.conda/envs/megatron/lib/python3.11/site-packages/torch/distributed/launcher/api.py", line 268, in launch_agent
    result = agent.run()
             ^^^^^^^^^^^
  File "/global/homes/s/syfan/.conda/envs/megatron/lib/python3.11/site-packages/torch/distributed/elastic/metrics/api.py", line 138, in wrapper
    result = f(*args, **kwargs)
             ^^^^^^^^^^^^^^^^^^
  File "/global/homes/s/syfan/.conda/envs/megatron/lib/python3.11/site-packages/torch/distributed/elastic/agent/server/api.py", line 715, in run
    result = self._invoke_run(role)
             ^^^^^^^^^^^^^^^^^^^^^^
  File "/global/homes/s/syfan/.conda/envs/megatron/lib/python3.11/site-packages/torch/distributed/elastic/agent/server/api.py", line 879, in _invoke_run
    time.sleep(monitor_interval)
  File "/global/homes/s/syfan/.conda/envs/megatron/lib/python3.11/site-packages/torch/distributed/elastic/multiprocessing/api.py", line 84, in _terminate_process_handler
    raise SignalException(f"Process {os.getpid()} got signal: {sigval}", sigval=sigval)
torch.distributed.elastic.multiprocessing.api.SignalException: Process 440851 got signal: 15
Traceback (most recent call last):
  File "<frozen runpy>", line 198, in _run_module_as_main
  File "<frozen runpy>", line 88, in _run_code
  File "/global/homes/s/syfan/.conda/envs/megatron/lib/python3.11/site-packages/torch/distributed/run.py", line 905, in <module>
    main()
  File "/global/homes/s/syfan/.conda/envs/megatron/lib/python3.11/site-packages/torch/distributed/elastic/multiprocessing/errors/__init__.py", line 357, in wrapper
    return f(*args, **kwargs)
           ^^^^^^^^^^^^^^^^^^
  File "/global/homes/s/syfan/.conda/envs/megatron/lib/python3.11/site-packages/torch/distributed/run.py", line 901, in main
    run(args)
  File "/global/homes/s/syfan/.conda/envs/megatron/lib/python3.11/site-packages/torch/distributed/run.py", line 892, in run
    elastic_launch(
  File "/global/homes/s/syfan/.conda/envs/megatron/lib/python3.11/site-packages/torch/distributed/launcher/api.py", line 143, in __call__
    return launch_agent(self._config, self._entrypoint, list(args))
           ^^^^^^^^^^^^^^^^^^^^^^^^^^^^^^^^^^^^^^^^^^^^^^^^^^^^^^^^
  File "/global/homes/s/syfan/.conda/envs/megatron/lib/python3.11/site-packages/torch/distributed/launcher/api.py", line 268, in launch_agent
    result = agent.run()
             ^^^^^^^^^^^
  File "/global/homes/s/syfan/.conda/envs/megatron/lib/python3.11/site-packages/torch/distributed/elastic/metrics/api.py", line 138, in wrapper
Traceback (most recent call last):
  File "<frozen runpy>", line 198, in _run_module_as_main
  File "<frozen runpy>", line 88, in _run_code
  File "/global/homes/s/syfan/.conda/envs/megatron/lib/python3.11/site-packages/torch/distributed/run.py", line 905, in <module>
    result = f(*args, **kwargs)
             ^^^^^^^^^^^^^^^^^^
  File "/global/homes/s/syfan/.conda/envs/megatron/lib/python3.11/site-packages/torch/distributed/elastic/agent/server/api.py", line 715, in run
    main()
  File "/global/homes/s/syfan/.conda/envs/megatron/lib/python3.11/site-packages/torch/distributed/elastic/multiprocessing/errors/__init__.py", line 357, in wrapper
    result = self._invoke_run(role)
             ^^^^^^^^^^^^^^^^^^^^^^
  File "/global/homes/s/syfan/.conda/envs/megatron/lib/python3.11/site-packages/torch/distributed/elastic/agent/server/api.py", line 879, in _invoke_run
    return f(*args, **kwargs)
           ^^^^^^^^^^^^^^^^^^
  File "/global/homes/s/syfan/.conda/envs/megatron/lib/python3.11/site-packages/torch/distributed/run.py", line 901, in main
    time.sleep(monitor_interval)
  File "/global/homes/s/syfan/.conda/envs/megatron/lib/python3.11/site-packages/torch/distributed/elastic/multiprocessing/api.py", line 84, in _terminate_process_handler
    run(args)
  File "/global/homes/s/syfan/.conda/envs/megatron/lib/python3.11/site-packages/torch/distributed/run.py", line 892, in run
    raise SignalException(f"Process {os.getpid()} got signal: {sigval}", sigval=sigval)
torch.distributed.elastic.multiprocessing.api.SignalException: Process 789038 got signal: 15
Traceback (most recent call last):
  File "<frozen runpy>", line 198, in _run_module_as_main
  File "<frozen runpy>", line 88, in _run_code
  File "/global/homes/s/syfan/.conda/envs/megatron/lib/python3.11/site-packages/torch/distributed/run.py", line 905, in <module>
    elastic_launch(
  File "/global/homes/s/syfan/.conda/envs/megatron/lib/python3.11/site-packages/torch/distributed/launcher/api.py", line 143, in __call__
    return launch_agent(self._config, self._entrypoint, list(args))
           ^^^^^^^^^^^^^^^^^^^^^^^^^^^^^^^^^^^^^^^^^^^^^^^^^^^^^^^^
  File "/global/homes/s/syfan/.conda/envs/megatron/lib/python3.11/site-packages/torch/distributed/launcher/api.py", line 268, in launch_agent
    main()
  File "/global/homes/s/syfan/.conda/envs/megatron/lib/python3.11/site-packages/torch/distributed/elastic/multiprocessing/errors/__init__.py", line 357, in wrapper
    result = agent.run()
             ^^^^^^^^^^^
  File "/global/homes/s/syfan/.conda/envs/megatron/lib/python3.11/site-packages/torch/distributed/elastic/metrics/api.py", line 138, in wrapper
    result = f(*args, **kwargs)
             ^^^^^^^^^^^^^^^^^^
  File "/global/homes/s/syfan/.conda/envs/megatron/lib/python3.11/site-packages/torch/distributed/elastic/agent/server/api.py", line 715, in run
    return f(*args, **kwargs)
           ^^^^^^^^^^^^^^^^^^
  File "/global/homes/s/syfan/.conda/envs/megatron/lib/python3.11/site-packages/torch/distributed/run.py", line 901, in main
    result = self._invoke_run(role)
             ^^^^^^^^^^^^^^^^^^^^^^
  File "/global/homes/s/syfan/.conda/envs/megatron/lib/python3.11/site-packages/torch/distributed/elastic/agent/server/api.py", line 879, in _invoke_run
    run(args)
  File "/global/homes/s/syfan/.conda/envs/megatron/lib/python3.11/site-packages/torch/distributed/run.py", line 892, in run
    elastic_launch(
  File "/global/homes/s/syfan/.conda/envs/megatron/lib/python3.11/site-packages/torch/distributed/launcher/api.py", line 143, in __call__
    time.sleep(monitor_interval)
  File "/global/homes/s/syfan/.conda/envs/megatron/lib/python3.11/site-packages/torch/distributed/elastic/multiprocessing/api.py", line 84, in _terminate_process_handler
    return launch_agent(self._config, self._entrypoint, list(args))
           ^^^^^^^^^^^^^^^^^^^^^^^^^^^^^^^^^^^^^^^^^^^^^^^^^^^^^^^^
  File "/global/homes/s/syfan/.conda/envs/megatron/lib/python3.11/site-packages/torch/distributed/launcher/api.py", line 268, in launch_agent
    result = agent.run()
             ^^^^^^^^^^^
  File "/global/homes/s/syfan/.conda/envs/megatron/lib/python3.11/site-packages/torch/distributed/elastic/metrics/api.py", line 138, in wrapper
    result = f(*args, **kwargs)
             ^^^^^^^^^^^^^^^^^^
  File "/global/homes/s/syfan/.conda/envs/megatron/lib/python3.11/site-packages/torch/distributed/elastic/agent/server/api.py", line 715, in run
    raise SignalException(f"Process {os.getpid()} got signal: {sigval}", sigval=sigval)
torch.distributed.elastic.multiprocessing.api.SignalException: Process 1098869 got signal: 15
    result = self._invoke_run(role)
             ^^^^^^^^^^^^^^^^^^^^^^
  File "/global/homes/s/syfan/.conda/envs/megatron/lib/python3.11/site-packages/torch/distributed/elastic/agent/server/api.py", line 879, in _invoke_run
    time.sleep(monitor_interval)
  File "/global/homes/s/syfan/.conda/envs/megatron/lib/python3.11/site-packages/torch/distributed/elastic/multiprocessing/api.py", line 84, in _terminate_process_handler
    raise SignalException(f"Process {os.getpid()} got signal: {sigval}", sigval=sigval)
torch.distributed.elastic.multiprocessing.api.SignalException: Process 1870693 got signal: 15
Traceback (most recent call last):
  File "<frozen runpy>", line 198, in _run_module_as_main
  File "<frozen runpy>", line 88, in _run_code
  File "/global/homes/s/syfan/.conda/envs/megatron/lib/python3.11/site-packages/torch/distributed/run.py", line 905, in <module>
    main()
  File "/global/homes/s/syfan/.conda/envs/megatron/lib/python3.11/site-packages/torch/distributed/elastic/multiprocessing/errors/__init__.py", line 357, in wrapper
    return f(*args, **kwargs)
           ^^^^^^^^^^^^^^^^^^
  File "/global/homes/s/syfan/.conda/envs/megatron/lib/python3.11/site-packages/torch/distributed/run.py", line 901, in main
    run(args)
  File "/global/homes/s/syfan/.conda/envs/megatron/lib/python3.11/site-packages/torch/distributed/run.py", line 892, in run
    elastic_launch(
  File "/global/homes/s/syfan/.conda/envs/megatron/lib/python3.11/site-packages/torch/distributed/launcher/api.py", line 143, in __call__
    return launch_agent(self._config, self._entrypoint, list(args))
           ^^^^^^^^^^^^^^^^^^^^^^^^^^^^^^^^^^^^^^^^^^^^^^^^^^^^^^^^
  File "/global/homes/s/syfan/.conda/envs/megatron/lib/python3.11/site-packages/torch/distributed/launcher/api.py", line 268, in launch_agent
    result = agent.run()
             ^^^^^^^^^^^
  File "/global/homes/s/syfan/.conda/envs/megatron/lib/python3.11/site-packages/torch/distributed/elastic/metrics/api.py", line 138, in wrapper
    result = f(*args, **kwargs)
             ^^^^^^^^^^^^^^^^^^
  File "/global/homes/s/syfan/.conda/envs/megatron/lib/python3.11/site-packages/torch/distributed/elastic/agent/server/api.py", line 715, in run
    result = self._invoke_run(role)
             ^^^^^^^^^^^^^^^^^^^^^^
  File "/global/homes/s/syfan/.conda/envs/megatron/lib/python3.11/site-packages/torch/distributed/elastic/agent/server/api.py", line 879, in _invoke_run
    time.sleep(monitor_interval)
  File "/global/homes/s/syfan/.conda/envs/megatron/lib/python3.11/site-packages/torch/distributed/elastic/multiprocessing/api.py", line 84, in _terminate_process_handler
    raise SignalException(f"Process {os.getpid()} got signal: {sigval}", sigval=sigval)
torch.distributed.elastic.multiprocessing.api.SignalException: Process 972071 got signal: 15
Traceback (most recent call last):
  File "<frozen runpy>", line 198, in _run_module_as_main
  File "<frozen runpy>", line 88, in _run_code
  File "/global/homes/s/syfan/.conda/envs/megatron/lib/python3.11/site-packages/torch/distributed/run.py", line 905, in <module>
    main()
  File "/global/homes/s/syfan/.conda/envs/megatron/lib/python3.11/site-packages/torch/distributed/elastic/multiprocessing/errors/__init__.py", line 357, in wrapper
    return f(*args, **kwargs)
           ^^^^^^^^^^^^^^^^^^
  File "/global/homes/s/syfan/.conda/envs/megatron/lib/python3.11/site-packages/torch/distributed/run.py", line 901, in main
    run(args)
  File "/global/homes/s/syfan/.conda/envs/megatron/lib/python3.11/site-packages/torch/distributed/run.py", line 892, in run
    elastic_launch(
  File "/global/homes/s/syfan/.conda/envs/megatron/lib/python3.11/site-packages/torch/distributed/launcher/api.py", line 143, in __call__
    return launch_agent(self._config, self._entrypoint, list(args))
           ^^^^^^^^^^^^^^^^^^^^^^^^^^^^^^^^^^^^^^^^^^^^^^^^^^^^^^^^
  File "/global/homes/s/syfan/.conda/envs/megatron/lib/python3.11/site-packages/torch/distributed/launcher/api.py", line 268, in launch_agent
    result = agent.run()
             ^^^^^^^^^^^
  File "/global/homes/s/syfan/.conda/envs/megatron/lib/python3.11/site-packages/torch/distributed/elastic/metrics/api.py", line 138, in wrapper
    result = f(*args, **kwargs)
             ^^^^^^^^^^^^^^^^^^
  File "/global/homes/s/syfan/.conda/envs/megatron/lib/python3.11/site-packages/torch/distributed/elastic/agent/server/api.py", line 715, in run
    result = self._invoke_run(role)
             ^^^^^^^^^^^^^^^^^^^^^^
  File "/global/homes/s/syfan/.conda/envs/megatron/lib/python3.11/site-packages/torch/distributed/elastic/agent/server/api.py", line 879, in _invoke_run
    time.sleep(monitor_interval)
  File "/global/homes/s/syfan/.conda/envs/megatron/lib/python3.11/site-packages/torch/distributed/elastic/multiprocessing/api.py", line 84, in _terminate_process_handler
Traceback (most recent call last):
  File "<frozen runpy>", line 198, in _run_module_as_main
  File "<frozen runpy>", line 88, in _run_code
  File "/global/homes/s/syfan/.conda/envs/megatron/lib/python3.11/site-packages/torch/distributed/run.py", line 905, in <module>
    raise SignalException(f"Process {os.getpid()} got signal: {sigval}", sigval=sigval)
torch.distributed.elastic.multiprocessing.api.SignalException: Process 1041660 got signal: 15
    main()
  File "/global/homes/s/syfan/.conda/envs/megatron/lib/python3.11/site-packages/torch/distributed/elastic/multiprocessing/errors/__init__.py", line 357, in wrapper
    return f(*args, **kwargs)
           ^^^^^^^^^^^^^^^^^^
  File "/global/homes/s/syfan/.conda/envs/megatron/lib/python3.11/site-packages/torch/distributed/run.py", line 901, in main
    run(args)
  File "/global/homes/s/syfan/.conda/envs/megatron/lib/python3.11/site-packages/torch/distributed/run.py", line 892, in run
    elastic_launch(
  File "/global/homes/s/syfan/.conda/envs/megatron/lib/python3.11/site-packages/torch/distributed/launcher/api.py", line 143, in __call__
    return launch_agent(self._config, self._entrypoint, list(args))
           ^^^^^^^^^^^^^^^^^^^^^^^^^^^^^^^^^^^^^^^^^^^^^^^^^^^^^^^^
  File "/global/homes/s/syfan/.conda/envs/megatron/lib/python3.11/site-packages/torch/distributed/launcher/api.py", line 268, in launch_agent
    result = agent.run()
             ^^^^^^^^^^^
  File "/global/homes/s/syfan/.conda/envs/megatron/lib/python3.11/site-packages/torch/distributed/elastic/metrics/api.py", line 138, in wrapper
    result = f(*args, **kwargs)
             ^^^^^^^^^^^^^^^^^^
  File "/global/homes/s/syfan/.conda/envs/megatron/lib/python3.11/site-packages/torch/distributed/elastic/agent/server/api.py", line 715, in run
    result = self._invoke_run(role)
             ^^^^^^^^^^^^^^^^^^^^^^
  File "/global/homes/s/syfan/.conda/envs/megatron/lib/python3.11/site-packages/torch/distributed/elastic/agent/server/api.py", line 879, in _invoke_run
    time.sleep(monitor_interval)
  File "/global/homes/s/syfan/.conda/envs/megatron/lib/python3.11/site-packages/torch/distributed/elastic/multiprocessing/api.py", line 84, in _terminate_process_handler
    raise SignalException(f"Process {os.getpid()} got signal: {sigval}", sigval=sigval)
torch.distributed.elastic.multiprocessing.api.SignalException: Process 323621 got signal: 15
Traceback (most recent call last):
  File "<frozen runpy>", line 198, in _run_module_as_main
  File "<frozen runpy>", line 88, in _run_code
  File "/global/homes/s/syfan/.conda/envs/megatron/lib/python3.11/site-packages/torch/distributed/run.py", line 905, in <module>
    main()
  File "/global/homes/s/syfan/.conda/envs/megatron/lib/python3.11/site-packages/torch/distributed/elastic/multiprocessing/errors/__init__.py", line 357, in wrapper
    return f(*args, **kwargs)
           ^^^^^^^^^^^^^^^^^^
  File "/global/homes/s/syfan/.conda/envs/megatron/lib/python3.11/site-packages/torch/distributed/run.py", line 901, in main
    run(args)
  File "/global/homes/s/syfan/.conda/envs/megatron/lib/python3.11/site-packages/torch/distributed/run.py", line 892, in run
    elastic_launch(
  File "/global/homes/s/syfan/.conda/envs/megatron/lib/python3.11/site-packages/torch/distributed/launcher/api.py", line 143, in __call__
Traceback (most recent call last):
  File "<frozen runpy>", line 198, in _run_module_as_main
  File "<frozen runpy>", line 88, in _run_code
  File "/global/homes/s/syfan/.conda/envs/megatron/lib/python3.11/site-packages/torch/distributed/run.py", line 905, in <module>
    main()
  File "/global/homes/s/syfan/.conda/envs/megatron/lib/python3.11/site-packages/torch/distributed/elastic/multiprocessing/errors/__init__.py", line 357, in wrapper
    return f(*args, **kwargs)
           ^^^^^^^^^^^^^^^^^^
  File "/global/homes/s/syfan/.conda/envs/megatron/lib/python3.11/site-packages/torch/distributed/run.py", line 901, in main
    return launch_agent(self._config, self._entrypoint, list(args))
           ^^^^^^^^^^^^^^^^^^^^^^^^^^^^^^^^^^^^^^^^^^^^^^^^^^^^^^^^
  File "/global/homes/s/syfan/.conda/envs/megatron/lib/python3.11/site-packages/torch/distributed/launcher/api.py", line 268, in launch_agent
    run(args)
  File "/global/homes/s/syfan/.conda/envs/megatron/lib/python3.11/site-packages/torch/distributed/run.py", line 892, in run
    elastic_launch(
  File "/global/homes/s/syfan/.conda/envs/megatron/lib/python3.11/site-packages/torch/distributed/launcher/api.py", line 143, in __call__
    return launch_agent(self._config, self._entrypoint, list(args))
           ^^^^^^^^^^^^^^^^^^^^^^^^^^^^^^^^^^^^^^^^^^^^^^^^^^^^^^^^
  File "/global/homes/s/syfan/.conda/envs/megatron/lib/python3.11/site-packages/torch/distributed/launcher/api.py", line 268, in launch_agent
    result = agent.run()
             ^^^^^^^^^^^
  File "/global/homes/s/syfan/.conda/envs/megatron/lib/python3.11/site-packages/torch/distributed/elastic/metrics/api.py", line 138, in wrapper
    result = agent.run()
             ^^^^^^^^^^^
  File "/global/homes/s/syfan/.conda/envs/megatron/lib/python3.11/site-packages/torch/distributed/elastic/metrics/api.py", line 138, in wrapper
    result = f(*args, **kwargs)
             ^^^^^^^^^^^^^^^^^^
  File "/global/homes/s/syfan/.conda/envs/megatron/lib/python3.11/site-packages/torch/distributed/elastic/agent/server/api.py", line 715, in run
    result = f(*args, **kwargs)
             ^^^^^^^^^^^^^^^^^^
  File "/global/homes/s/syfan/.conda/envs/megatron/lib/python3.11/site-packages/torch/distributed/elastic/agent/server/api.py", line 715, in run
    result = self._invoke_run(role)
             ^^^^^^^^^^^^^^^^^^^^^^
  File "/global/homes/s/syfan/.conda/envs/megatron/lib/python3.11/site-packages/torch/distributed/elastic/agent/server/api.py", line 879, in _invoke_run
    result = self._invoke_run(role)
             ^^^^^^^^^^^^^^^^^^^^^^
  File "/global/homes/s/syfan/.conda/envs/megatron/lib/python3.11/site-packages/torch/distributed/elastic/agent/server/api.py", line 879, in _invoke_run
    time.sleep(monitor_interval)
  File "/global/homes/s/syfan/.conda/envs/megatron/lib/python3.11/site-packages/torch/distributed/elastic/multiprocessing/api.py", line 84, in _terminate_process_handler
    time.sleep(monitor_interval)
  File "/global/homes/s/syfan/.conda/envs/megatron/lib/python3.11/site-packages/torch/distributed/elastic/multiprocessing/api.py", line 84, in _terminate_process_handler
    raise SignalException(f"Process {os.getpid()} got signal: {sigval}", sigval=sigval)
torch.distributed.elastic.multiprocessing.api.SignalException: Process 1868255 got signal: 15
    raise SignalException(f"Process {os.getpid()} got signal: {sigval}", sigval=sigval)
torch.distributed.elastic.multiprocessing.api.SignalException: Process 924883 got signal: 15
Traceback (most recent call last):
  File "<frozen runpy>", line 198, in _run_module_as_main
  File "<frozen runpy>", line 88, in _run_code
  File "/global/homes/s/syfan/.conda/envs/megatron/lib/python3.11/site-packages/torch/distributed/run.py", line 905, in <module>
    main()
  File "/global/homes/s/syfan/.conda/envs/megatron/lib/python3.11/site-packages/torch/distributed/elastic/multiprocessing/errors/__init__.py", line 357, in wrapper
    return f(*args, **kwargs)
           ^^^^^^^^^^^^^^^^^^
  File "/global/homes/s/syfan/.conda/envs/megatron/lib/python3.11/site-packages/torch/distributed/run.py", line 901, in main
    run(args)
  File "/global/homes/s/syfan/.conda/envs/megatron/lib/python3.11/site-packages/torch/distributed/run.py", line 892, in run
    elastic_launch(
  File "/global/homes/s/syfan/.conda/envs/megatron/lib/python3.11/site-packages/torch/distributed/launcher/api.py", line 143, in __call__
    return launch_agent(self._config, self._entrypoint, list(args))
           ^^^^^^^^^^^^^^^^^^^^^^^^^^^^^^^^^^^^^^^^^^^^^^^^^^^^^^^^
  File "/global/homes/s/syfan/.conda/envs/megatron/lib/python3.11/site-packages/torch/distributed/launcher/api.py", line 268, in launch_agent
    result = agent.run()
             ^^^^^^^^^^^
  File "/global/homes/s/syfan/.conda/envs/megatron/lib/python3.11/site-packages/torch/distributed/elastic/metrics/api.py", line 138, in wrapper
    result = f(*args, **kwargs)
             ^^^^^^^^^^^^^^^^^^
  File "/global/homes/s/syfan/.conda/envs/megatron/lib/python3.11/site-packages/torch/distributed/elastic/agent/server/api.py", line 715, in run
    result = self._invoke_run(role)
             ^^^^^^^^^^^^^^^^^^^^^^
  File "/global/homes/s/syfan/.conda/envs/megatron/lib/python3.11/site-packages/torch/distributed/elastic/agent/server/api.py", line 879, in _invoke_run
    time.sleep(monitor_interval)
  File "/global/homes/s/syfan/.conda/envs/megatron/lib/python3.11/site-packages/torch/distributed/elastic/multiprocessing/api.py", line 84, in _terminate_process_handler
    raise SignalException(f"Process {os.getpid()} got signal: {sigval}", sigval=sigval)
torch.distributed.elastic.multiprocessing.api.SignalException: Process 26805 got signal: 15
Traceback (most recent call last):
  File "<frozen runpy>", line 198, in _run_module_as_main
  File "<frozen runpy>", line 88, in _run_code
  File "/global/homes/s/syfan/.conda/envs/megatron/lib/python3.11/site-packages/torch/distributed/run.py", line 905, in <module>
    main()
  File "/global/homes/s/syfan/.conda/envs/megatron/lib/python3.11/site-packages/torch/distributed/elastic/multiprocessing/errors/__init__.py", line 357, in wrapper
    return f(*args, **kwargs)
           ^^^^^^^^^^^^^^^^^^
  File "/global/homes/s/syfan/.conda/envs/megatron/lib/python3.11/site-packages/torch/distributed/run.py", line 901, in main
    run(args)
  File "/global/homes/s/syfan/.conda/envs/megatron/lib/python3.11/site-packages/torch/distributed/run.py", line 892, in run
    elastic_launch(
  File "/global/homes/s/syfan/.conda/envs/megatron/lib/python3.11/site-packages/torch/distributed/launcher/api.py", line 143, in __call__
    return launch_agent(self._config, self._entrypoint, list(args))
           ^^^^^^^^^^^^^^^^^^^^^^^^^^^^^^^^^^^^^^^^^^^^^^^^^^^^^^^^
  File "/global/homes/s/syfan/.conda/envs/megatron/lib/python3.11/site-packages/torch/distributed/launcher/api.py", line 268, in launch_agent
    result = agent.run()
             ^^^^^^^^^^^
  File "/global/homes/s/syfan/.conda/envs/megatron/lib/python3.11/site-packages/torch/distributed/elastic/metrics/api.py", line 138, in wrapper
    result = f(*args, **kwargs)
             ^^^^^^^^^^^^^^^^^^
  File "/global/homes/s/syfan/.conda/envs/megatron/lib/python3.11/site-packages/torch/distributed/elastic/agent/server/api.py", line 715, in run
    result = self._invoke_run(role)
             ^^^^^^^^^^^^^^^^^^^^^^
  File "/global/homes/s/syfan/.conda/envs/megatron/lib/python3.11/site-packages/torch/distributed/elastic/agent/server/api.py", line 879, in _invoke_run
Traceback (most recent call last):
  File "<frozen runpy>", line 198, in _run_module_as_main
  File "<frozen runpy>", line 88, in _run_code
  File "/global/homes/s/syfan/.conda/envs/megatron/lib/python3.11/site-packages/torch/distributed/run.py", line 905, in <module>
    time.sleep(monitor_interval)
    main()
  File "/global/homes/s/syfan/.conda/envs/megatron/lib/python3.11/site-packages/torch/distributed/elastic/multiprocessing/api.py", line 84, in _terminate_process_handler
  File "/global/homes/s/syfan/.conda/envs/megatron/lib/python3.11/site-packages/torch/distributed/elastic/multiprocessing/errors/__init__.py", line 357, in wrapper
    raise SignalException(f"Process {os.getpid()} got signal: {sigval}", sigval=sigval)
torch.distributed.elastic.multiprocessing.api.SignalException: Process 428679 got signal: 15
    return f(*args, **kwargs)
           ^^^^^^^^^^^^^^^^^^
  File "/global/homes/s/syfan/.conda/envs/megatron/lib/python3.11/site-packages/torch/distributed/run.py", line 901, in main
Traceback (most recent call last):
  File "<frozen runpy>", line 198, in _run_module_as_main
  File "<frozen runpy>", line 88, in _run_code
  File "/global/homes/s/syfan/.conda/envs/megatron/lib/python3.11/site-packages/torch/distributed/run.py", line 905, in <module>
    run(args)
  File "/global/homes/s/syfan/.conda/envs/megatron/lib/python3.11/site-packages/torch/distributed/run.py", line 892, in run
    elastic_launch(
  File "/global/homes/s/syfan/.conda/envs/megatron/lib/python3.11/site-packages/torch/distributed/launcher/api.py", line 143, in __call__
    main()
  File "/global/homes/s/syfan/.conda/envs/megatron/lib/python3.11/site-packages/torch/distributed/elastic/multiprocessing/errors/__init__.py", line 357, in wrapper
    return launch_agent(self._config, self._entrypoint, list(args))
           ^^^^^^^^^^^^^^^^^^^^^^^^^^^^^^^^^^^^^^^^^^^^^^^^^^^^^^^^
  File "/global/homes/s/syfan/.conda/envs/megatron/lib/python3.11/site-packages/torch/distributed/launcher/api.py", line 268, in launch_agent
    return f(*args, **kwargs)
           ^^^^^^^^^^^^^^^^^^
  File "/global/homes/s/syfan/.conda/envs/megatron/lib/python3.11/site-packages/torch/distributed/run.py", line 901, in main
    result = agent.run()
             ^^^^^^^^^^^
  File "/global/homes/s/syfan/.conda/envs/megatron/lib/python3.11/site-packages/torch/distributed/elastic/metrics/api.py", line 138, in wrapper
    result = f(*args, **kwargs)
             ^^^^^^^^^^^^^^^^^^
  File "/global/homes/s/syfan/.conda/envs/megatron/lib/python3.11/site-packages/torch/distributed/elastic/agent/server/api.py", line 715, in run
    run(args)
  File "/global/homes/s/syfan/.conda/envs/megatron/lib/python3.11/site-packages/torch/distributed/run.py", line 892, in run
    result = self._invoke_run(role)
             ^^^^^^^^^^^^^^^^^^^^^^
  File "/global/homes/s/syfan/.conda/envs/megatron/lib/python3.11/site-packages/torch/distributed/elastic/agent/server/api.py", line 879, in _invoke_run
    elastic_launch(
  File "/global/homes/s/syfan/.conda/envs/megatron/lib/python3.11/site-packages/torch/distributed/launcher/api.py", line 143, in __call__
    return launch_agent(self._config, self._entrypoint, list(args))
           ^^^^^^^^^^^^^^^^^^^^^^^^^^^^^^^^^^^^^^^^^^^^^^^^^^^^^^^^
  File "/global/homes/s/syfan/.conda/envs/megatron/lib/python3.11/site-packages/torch/distributed/launcher/api.py", line 268, in launch_agent
    time.sleep(monitor_interval)
  File "/global/homes/s/syfan/.conda/envs/megatron/lib/python3.11/site-packages/torch/distributed/elastic/multiprocessing/api.py", line 84, in _terminate_process_handler
    result = agent.run()
             ^^^^^^^^^^^
  File "/global/homes/s/syfan/.conda/envs/megatron/lib/python3.11/site-packages/torch/distributed/elastic/metrics/api.py", line 138, in wrapper
    raise SignalException(f"Process {os.getpid()} got signal: {sigval}", sigval=sigval)
torch.distributed.elastic.multiprocessing.api.SignalException: Process 1404867 got signal: 15
    result = f(*args, **kwargs)
             ^^^^^^^^^^^^^^^^^^
  File "/global/homes/s/syfan/.conda/envs/megatron/lib/python3.11/site-packages/torch/distributed/elastic/agent/server/api.py", line 715, in run
    result = self._invoke_run(role)
             ^^^^^^^^^^^^^^^^^^^^^^
  File "/global/homes/s/syfan/.conda/envs/megatron/lib/python3.11/site-packages/torch/distributed/elastic/agent/server/api.py", line 879, in _invoke_run
    time.sleep(monitor_interval)
  File "/global/homes/s/syfan/.conda/envs/megatron/lib/python3.11/site-packages/torch/distributed/elastic/multiprocessing/api.py", line 84, in _terminate_process_handler
    raise SignalException(f"Process {os.getpid()} got signal: {sigval}", sigval=sigval)
torch.distributed.elastic.multiprocessing.api.SignalException: Process 1218666 got signal: 15
srun: error: nid008268: task 4: Exited with exit code 1
srun: error: nid008477: task 19: Exited with exit code 1
Traceback (most recent call last):
  File "<frozen runpy>", line 198, in _run_module_as_main
  File "<frozen runpy>", line 88, in _run_code
  File "/global/homes/s/syfan/.conda/envs/megatron/lib/python3.11/site-packages/torch/distributed/run.py", line 905, in <module>
    main()
  File "/global/homes/s/syfan/.conda/envs/megatron/lib/python3.11/site-packages/torch/distributed/elastic/multiprocessing/errors/__init__.py", line 357, in wrapper
    return f(*args, **kwargs)
           ^^^^^^^^^^^^^^^^^^
  File "/global/homes/s/syfan/.conda/envs/megatron/lib/python3.11/site-packages/torch/distributed/run.py", line 901, in main
    run(args)
  File "/global/homes/s/syfan/.conda/envs/megatron/lib/python3.11/site-packages/torch/distributed/run.py", line 892, in run
    elastic_launch(
  File "/global/homes/s/syfan/.conda/envs/megatron/lib/python3.11/site-packages/torch/distributed/launcher/api.py", line 143, in __call__
    return launch_agent(self._config, self._entrypoint, list(args))
           ^^^^^^^^^^^^^^^^^^^^^^^^^^^^^^^^^^^^^^^^^^^^^^^^^^^^^^^^
  File "/global/homes/s/syfan/.conda/envs/megatron/lib/python3.11/site-packages/torch/distributed/launcher/api.py", line 268, in launch_agent
    result = agent.run()
             ^^^^^^^^^^^
  File "/global/homes/s/syfan/.conda/envs/megatron/lib/python3.11/site-packages/torch/distributed/elastic/metrics/api.py", line 138, in wrapper
    result = f(*args, **kwargs)
             ^^^^^^^^^^^^^^^^^^
  File "/global/homes/s/syfan/.conda/envs/megatron/lib/python3.11/site-packages/torch/distributed/elastic/agent/server/api.py", line 715, in run
    result = self._invoke_run(role)
             ^^^^^^^^^^^^^^^^^^^^^^
  File "/global/homes/s/syfan/.conda/envs/megatron/lib/python3.11/site-packages/torch/distributed/elastic/agent/server/api.py", line 879, in _invoke_run
srun: error: nid008196: task 1: Exited with exit code 1
    time.sleep(monitor_interval)
  File "/global/homes/s/syfan/.conda/envs/megatron/lib/python3.11/site-packages/torch/distributed/elastic/multiprocessing/api.py", line 84, in _terminate_process_handler
    raise SignalException(f"Process {os.getpid()} got signal: {sigval}", sigval=sigval)
torch.distributed.elastic.multiprocessing.api.SignalException: Process 507477 got signal: 15
Traceback (most recent call last):
  File "<frozen runpy>", line 198, in _run_module_as_main
  File "<frozen runpy>", line 88, in _run_code
  File "/global/homes/s/syfan/.conda/envs/megatron/lib/python3.11/site-packages/torch/distributed/run.py", line 905, in <module>
    main()
  File "/global/homes/s/syfan/.conda/envs/megatron/lib/python3.11/site-packages/torch/distributed/elastic/multiprocessing/errors/__init__.py", line 357, in wrapper
    return f(*args, **kwargs)
           ^^^^^^^^^^^^^^^^^^
  File "/global/homes/s/syfan/.conda/envs/megatron/lib/python3.11/site-packages/torch/distributed/run.py", line 901, in main
    run(args)
  File "/global/homes/s/syfan/.conda/envs/megatron/lib/python3.11/site-packages/torch/distributed/run.py", line 892, in run
    elastic_launch(
  File "/global/homes/s/syfan/.conda/envs/megatron/lib/python3.11/site-packages/torch/distributed/launcher/api.py", line 143, in __call__
    return launch_agent(self._config, self._entrypoint, list(args))
           ^^^^^^^^^^^^^^^^^^^^^^^^^^^^^^^^^^^^^^^^^^^^^^^^^^^^^^^^
  File "/global/homes/s/syfan/.conda/envs/megatron/lib/python3.11/site-packages/torch/distributed/launcher/api.py", line 268, in launch_agent
srun: error: nid008373: task 14: Exited with exit code 1
    result = agent.run()
             ^^^^^^^^^^^
  File "/global/homes/s/syfan/.conda/envs/megatron/lib/python3.11/site-packages/torch/distributed/elastic/metrics/api.py", line 138, in wrapper
    result = f(*args, **kwargs)
             ^^^^^^^^^^^^^^^^^^
  File "/global/homes/s/syfan/.conda/envs/megatron/lib/python3.11/site-packages/torch/distributed/elastic/agent/server/api.py", line 715, in run
    result = self._invoke_run(role)
             ^^^^^^^^^^^^^^^^^^^^^^
  File "/global/homes/s/syfan/.conda/envs/megatron/lib/python3.11/site-packages/torch/distributed/elastic/agent/server/api.py", line 879, in _invoke_run
    time.sleep(monitor_interval)
  File "/global/homes/s/syfan/.conda/envs/megatron/lib/python3.11/site-packages/torch/distributed/elastic/multiprocessing/api.py", line 84, in _terminate_process_handler
    raise SignalException(f"Process {os.getpid()} got signal: {sigval}", sigval=sigval)
torch.distributed.elastic.multiprocessing.api.SignalException: Process 115438 got signal: 15
srun: error: nid008300: task 10: Exited with exit code 1
srun: error: nid008536: task 22: Exited with exit code 1
srun: error: nid008592: task 24: Exited with exit code 1
srun: error: nid008292: task 8: Exited with exit code 1
srun: error: nid008372: task 13: Exited with exit code 1
srun: error: nid008289: task 7: Exited with exit code 1
srun: error: nid008669: task 29: Exited with exit code 1
srun: error: nid008476: task 18: Exited with exit code 1
srun: error: nid008601: task 26: Exited with exit code 1
srun: error: nid008280: task 6: Exited with exit code 1
srun: error: nid008301: task 11: Exited with exit code 1
srun: error: nid008509: task 21: Exited with exit code 1
srun: error: nid008668: task 28: Exited with exit code 1
srun: error: nid008684: task 30: Exited with exit code 1
srun: error: nid008552: task 23: Exited with exit code 1
srun: error: nid008452: task 15: Exited with exit code 1
srun: error: nid008193: task 0: Exited with exit code 1
srun: error: nid008605: task 27: Exited with exit code 1
srun: error: nid008272: task 5: Exited with exit code 1
srun: error: nid008265: task 3: Exited with exit code 1
srun: error: nid008480: task 20: Exited with exit code 1
srun: error: nid008685: task 31: Exited with exit code 1
srun: error: nid008460: task 17: Exited with exit code 1
srun: error: nid008293: task 9: Exited with exit code 1
srun: Force Terminated StepId=43620696.0
