
*****************************************
Setting OMP_NUM_THREADS environment variable for each process to be 1 in default, to avoid your system being overloaded, please further tune the variable for optimal performance in your application as needed. 
*****************************************

*****************************************
Setting OMP_NUM_THREADS environment variable for each process to be 1 in default, to avoid your system being overloaded, please further tune the variable for optimal performance in your application as needed. 
*****************************************

*****************************************
Setting OMP_NUM_THREADS environment variable for each process to be 1 in default, to avoid your system being overloaded, please further tune the variable for optimal performance in your application as needed. 
*****************************************

*****************************************
Setting OMP_NUM_THREADS environment variable for each process to be 1 in default, to avoid your system being overloaded, please further tune the variable for optimal performance in your application as needed. 
*****************************************

*****************************************
Setting OMP_NUM_THREADS environment variable for each process to be 1 in default, to avoid your system being overloaded, please further tune the variable for optimal performance in your application as needed. 
*****************************************

*****************************************
Setting OMP_NUM_THREADS environment variable for each process to be 1 in default, to avoid your system being overloaded, please further tune the variable for optimal performance in your application as needed. 
*****************************************

*****************************************
Setting OMP_NUM_THREADS environment variable for each process to be 1 in default, to avoid your system being overloaded, please further tune the variable for optimal performance in your application as needed. 
*****************************************

*****************************************
Setting OMP_NUM_THREADS environment variable for each process to be 1 in default, to avoid your system being overloaded, please further tune the variable for optimal performance in your application as needed. 
*****************************************

*****************************************
Setting OMP_NUM_THREADS environment variable for each process to be 1 in default, to avoid your system being overloaded, please further tune the variable for optimal performance in your application as needed. 
*****************************************

*****************************************
Setting OMP_NUM_THREADS environment variable for each process to be 1 in default, to avoid your system being overloaded, please further tune the variable for optimal performance in your application as needed. 
*****************************************

*****************************************
Setting OMP_NUM_THREADS environment variable for each process to be 1 in default, to avoid your system being overloaded, please further tune the variable for optimal performance in your application as needed. 
*****************************************

*****************************************
Setting OMP_NUM_THREADS environment variable for each process to be 1 in default, to avoid your system being overloaded, please further tune the variable for optimal performance in your application as needed. 
*****************************************

*****************************************
Setting OMP_NUM_THREADS environment variable for each process to be 1 in default, to avoid your system being overloaded, please further tune the variable for optimal performance in your application as needed. 
*****************************************

*****************************************
Setting OMP_NUM_THREADS environment variable for each process to be 1 in default, to avoid your system being overloaded, please further tune the variable for optimal performance in your application as needed. 
*****************************************

*****************************************
Setting OMP_NUM_THREADS environment variable for each process to be 1 in default, to avoid your system being overloaded, please further tune the variable for optimal performance in your application as needed. 
*****************************************

*****************************************
Setting OMP_NUM_THREADS environment variable for each process to be 1 in default, to avoid your system being overloaded, please further tune the variable for optimal performance in your application as needed. 
*****************************************
Traceback (most recent call last):
Traceback (most recent call last):
  File "/pscratch/sd/s/syfan/Diloco/pretrain_gpt.py", line 329, in <module>
  File "/pscratch/sd/s/syfan/Diloco/pretrain_gpt.py", line 329, in <module>
    pretrain(    
pretrain(
  File "/pscratch/sd/s/syfan/Diloco/megatron/training/training.py", line 598, in pretrain
  File "/pscratch/sd/s/syfan/Diloco/megatron/training/training.py", line 598, in pretrain
Traceback (most recent call last):
  File "/pscratch/sd/s/syfan/Diloco/pretrain_gpt.py", line 329, in <module>
    pretrain(
  File "/pscratch/sd/s/syfan/Diloco/megatron/training/training.py", line 598, in pretrain
Traceback (most recent call last):
  File "/pscratch/sd/s/syfan/Diloco/pretrain_gpt.py", line 329, in <module>
    pretrain(
  File "/pscratch/sd/s/syfan/Diloco/megatron/training/training.py", line 598, in pretrain
        initialize_megatron(initialize_megatron(    

initialize_megatron(
  File "/pscratch/sd/s/syfan/Diloco/megatron/training/initialize.py", line 90, in initialize_megatron
  File "/pscratch/sd/s/syfan/Diloco/megatron/training/initialize.py", line 90, in initialize_megatron
  File "/pscratch/sd/s/syfan/Diloco/megatron/training/initialize.py", line 90, in initialize_megatron
    initialize_megatron(
  File "/pscratch/sd/s/syfan/Diloco/megatron/training/initialize.py", line 90, in initialize_megatron
            set_global_variables(args)set_global_variables(args)
set_global_variables(args)

  File "/pscratch/sd/s/syfan/Diloco/megatron/training/global_vars.py", line 94, in set_global_variables
  File "/pscratch/sd/s/syfan/Diloco/megatron/training/global_vars.py", line 94, in set_global_variables
  File "/pscratch/sd/s/syfan/Diloco/megatron/training/global_vars.py", line 94, in set_global_variables
    set_global_variables(args)
  File "/pscratch/sd/s/syfan/Diloco/megatron/training/global_vars.py", line 94, in set_global_variables
            init_num_microbatches_calculator(init_num_microbatches_calculator(init_num_microbatches_calculator(


  File "/pscratch/sd/s/syfan/Diloco/megatron/core/num_microbatches_calculator.py", line 90, in init_num_microbatches_calculator
  File "/pscratch/sd/s/syfan/Diloco/megatron/core/num_microbatches_calculator.py", line 90, in init_num_microbatches_calculator
  File "/pscratch/sd/s/syfan/Diloco/megatron/core/num_microbatches_calculator.py", line 90, in init_num_microbatches_calculator
    init_num_microbatches_calculator(
  File "/pscratch/sd/s/syfan/Diloco/megatron/core/num_microbatches_calculator.py", line 90, in init_num_microbatches_calculator
            _configure_global_num_microbatches_calculator(_configure_global_num_microbatches_calculator(
_configure_global_num_microbatches_calculator(

  File "/pscratch/sd/s/syfan/Diloco/megatron/core/num_microbatches_calculator.py", line 181, in _configure_global_num_microbatches_calculator
  File "/pscratch/sd/s/syfan/Diloco/megatron/core/num_microbatches_calculator.py", line 181, in _configure_global_num_microbatches_calculator
  File "/pscratch/sd/s/syfan/Diloco/megatron/core/num_microbatches_calculator.py", line 181, in _configure_global_num_microbatches_calculator
    _configure_global_num_microbatches_calculator(
  File "/pscratch/sd/s/syfan/Diloco/megatron/core/num_microbatches_calculator.py", line 181, in _configure_global_num_microbatches_calculator
    _GLOBAL_NUM_MICROBATCHES_CALCULATOR = _build_num_microbatches_calculator(
                                          ^^^^^^^^^^^^^^^^^^^^^^^^^^^^^^^^^^^
  File "/pscratch/sd/s/syfan/Diloco/megatron/core/num_microbatches_calculator.py", line 220, in _build_num_microbatches_calculator
    _GLOBAL_NUM_MICROBATCHES_CALCULATOR = _build_num_microbatches_calculator(
                                          ^^^^^^^^^^^^^^^^^    ^_GLOBAL_NUM_MICROBATCHES_CALCULATOR = _build_num_microbatches_calculator(^
^^^^^^^^ ^ ^ ^ ^ ^ ^ ^ ^ 
        File "/pscratch/sd/s/syfan/Diloco/megatron/core/num_microbatches_calculator.py", line 220, in _build_num_microbatches_calculator
                           ^^^^^^^^^^^^^^^^^^^^^        ^_GLOBAL_NUM_MICROBATCHES_CALCULATOR = _build_num_microbatches_calculator(num_microbatches_calculator = ConstantNumMicroBatchesCalculator(
^
^^^ ^  ^  ^  ^  ^  ^  ^  ^  ^  
             File "/pscratch/sd/s/syfan/Diloco/megatron/core/num_microbatches_calculator.py", line 220, in _build_num_microbatches_calculator
                  num_microbatches_calculator = ConstantNumMicroBatchesCalculator(  
                             ^   ^  ^  ^  ^  ^  ^ ^  ^  ^  ^ ^^ ^^ ^^ ^^ ^^ ^^ ^ ^^ ^^^ ^^ ^^ ^^ ^ ^ ^^^^^^^^^^^^^^^^^^^^^^^^^^^^^
^^^^^    ^^  File "/pscratch/sd/s/syfan/Diloco/megatron/core/num_microbatches_calculator.py", line 340, in __init__
^^num_microbatches_calculator = ConstantNumMicroBatchesCalculator(^^^
^^^^^^ ^^ ^^ ^^ 
^ ^ ^ ^   File "/pscratch/sd/s/syfan/Diloco/megatron/core/num_microbatches_calculator.py", line 220, in _build_num_microbatches_calculator
^ ^ ^ ^ ^ ^ ^ ^ ^ 
       File "/pscratch/sd/s/syfan/Diloco/megatron/core/num_microbatches_calculator.py", line 340, in __init__
            ^^^^^^^^^^^^^^^^^^^^^^^^^^^^^^^^^^
  File "/pscratch/sd/s/syfan/Diloco/megatron/core/num_microbatches_calculator.py", line 340, in __init__
    num_microbatches_calculator = ConstantNumMicroBatchesCalculator(
                                  ^^^^^^^^^^^^^^^^^^^^^^^^^^^^^^^^^^
  File "/pscratch/sd/s/syfan/Diloco/megatron/core/num_microbatches_calculator.py", line 340, in __init__
            assert global_batch_size % micro_batch_times_data_parallel_size == 0, (assert global_batch_size % micro_batch_times_data_parallel_size == 0, (assert global_batch_size % micro_batch_times_data_parallel_size == 0, (
    

assert global_batch_size % micro_batch_times_data_parallel_size == 0, (
                                       ^ ^  ^ ^^^^ ^^^^^^^^^^^^^^^^^^^^^^^^^^^^^^^^^^^^^^^^^^^^^^^^^^^^^^^^^^^^^^^^^^^^^^^^^^^^^^^^^^^^^^^^^^^^^^^^^^^^^^^^^^^^^^^^^^^^^^^^^^^^^^^^^^^^^^^^^^^^^^^^^^^^^^^^^^^^^^^^^^^^^^^^^^^^^^^^^^^^^^^^^^^^^^^^^^^^^^^^^^^^^^^^^^^^^^^^^^^^^^^^^^^^^^
^
^^^^
AssertionError^^: 
AssertionErrorglobal batch size (512) is not divisible by micro batch size (16) times data parallel size (64)AssertionError: 
global batch size (512) is not divisible by micro batch size (16) times data parallel size (64): AssertionErrorglobal batch size (512) is not divisible by micro batch size (16) times data parallel size (64)
: 
global batch size (512) is not divisible by micro batch size (16) times data parallel size (64)
Traceback (most recent call last):
  File "/pscratch/sd/s/syfan/Diloco/pretrain_gpt.py", line 329, in <module>
Traceback (most recent call last):
  File "/pscratch/sd/s/syfan/Diloco/pretrain_gpt.py", line 329, in <module>
    pretrain(
  File "/pscratch/sd/s/syfan/Diloco/megatron/training/training.py", line 598, in pretrain
    pretrain(
  File "/pscratch/sd/s/syfan/Diloco/megatron/training/training.py", line 598, in pretrain
Traceback (most recent call last):
  File "/pscratch/sd/s/syfan/Diloco/pretrain_gpt.py", line 329, in <module>
    pretrain(
  File "/pscratch/sd/s/syfan/Diloco/megatron/training/training.py", line 598, in pretrain
    initialize_megatron(
  File "/pscratch/sd/s/syfan/Diloco/megatron/training/initialize.py", line 90, in initialize_megatron
    initialize_megatron(
  File "/pscratch/sd/s/syfan/Diloco/megatron/training/initialize.py", line 90, in initialize_megatron
    initialize_megatron(
  File "/pscratch/sd/s/syfan/Diloco/megatron/training/initialize.py", line 90, in initialize_megatron
    set_global_variables(args)
    set_global_variables(args)
  File "/pscratch/sd/s/syfan/Diloco/megatron/training/global_vars.py", line 94, in set_global_variables
  File "/pscratch/sd/s/syfan/Diloco/megatron/training/global_vars.py", line 94, in set_global_variables
    set_global_variables(args)
  File "/pscratch/sd/s/syfan/Diloco/megatron/training/global_vars.py", line 94, in set_global_variables
        init_num_microbatches_calculator(init_num_microbatches_calculator(

  File "/pscratch/sd/s/syfan/Diloco/megatron/core/num_microbatches_calculator.py", line 90, in init_num_microbatches_calculator
  File "/pscratch/sd/s/syfan/Diloco/megatron/core/num_microbatches_calculator.py", line 90, in init_num_microbatches_calculator
    init_num_microbatches_calculator(
  File "/pscratch/sd/s/syfan/Diloco/megatron/core/num_microbatches_calculator.py", line 90, in init_num_microbatches_calculator
    _configure_global_num_microbatches_calculator(
      File "/pscratch/sd/s/syfan/Diloco/megatron/core/num_microbatches_calculator.py", line 181, in _configure_global_num_microbatches_calculator
_configure_global_num_microbatches_calculator(
  File "/pscratch/sd/s/syfan/Diloco/megatron/core/num_microbatches_calculator.py", line 181, in _configure_global_num_microbatches_calculator
    _configure_global_num_microbatches_calculator(
  File "/pscratch/sd/s/syfan/Diloco/megatron/core/num_microbatches_calculator.py", line 181, in _configure_global_num_microbatches_calculator
    _GLOBAL_NUM_MICROBATCHES_CALCULATOR = _build_num_microbatches_calculator(
                                          ^^^^^^^^^^^^^^^^^^^^^^^^^^^^^^^^^^^
    _GLOBAL_NUM_MICROBATCHES_CALCULATOR = _build_num_microbatches_calculator(
  File "/pscratch/sd/s/syfan/Diloco/megatron/core/num_microbatches_calculator.py", line 220, in _build_num_microbatches_calculator
                                          ^^^^^^^^^^^^^^^^^^^^^^^^^    ^_GLOBAL_NUM_MICROBATCHES_CALCULATOR = _build_num_microbatches_calculator(^
^^^^^^^^ 
       File "/pscratch/sd/s/syfan/Diloco/megatron/core/num_microbatches_calculator.py", line 220, in _build_num_microbatches_calculator
             num_microbatches_calculator = ConstantNumMicroBatchesCalculator( 
                                                  ^ ^ ^ ^ ^ ^ ^^ ^ ^ ^ ^^^^^^^^^^^^^^^^^^^^^^^^^^^^^^^^^^^^^^^^^^^^^^^^    ^
num_microbatches_calculator = ConstantNumMicroBatchesCalculator(^^
^^  File "/pscratch/sd/s/syfan/Diloco/megatron/core/num_microbatches_calculator.py", line 220, in _build_num_microbatches_calculator
 ^ ^ ^ ^ ^ 
      File "/pscratch/sd/s/syfan/Diloco/megatron/core/num_microbatches_calculator.py", line 340, in __init__
                        ^^^^^^^^^^^^^^^^^^^^^^^^^^^^^^^^^^
  File "/pscratch/sd/s/syfan/Diloco/megatron/core/num_microbatches_calculator.py", line 340, in __init__
    num_microbatches_calculator = ConstantNumMicroBatchesCalculator(
                                  ^^^^^^^^^^^^^^^^^^^^^^^^^^^^^^^^^^
  File "/pscratch/sd/s/syfan/Diloco/megatron/core/num_microbatches_calculator.py", line 340, in __init__
        assert global_batch_size % micro_batch_times_data_parallel_size == 0, (    assert global_batch_size % micro_batch_times_data_parallel_size == 0, (
assert global_batch_size % micro_batch_times_data_parallel_size == 0, (

                            ^  ^^ ^^^ ^^ ^^^^^^^^^^^^^^^^^^^^^^^^^^^^^^^^^^^^^^^^^^^^^^^^^^^^^^^^^^^^^^^^^^^^^^^^^^^^^^^^^^^^^^^^^^^^^^^^^^^^^^^^^^^^^^^^^^^^^^^^^^^^^^^^^^^^^^^^^^^^^^^^^^^^^^^^^^^^^^^^^^^^^^^^^^^^
^^^

AssertionError: AssertionErrorglobal batch size (512) is not divisible by micro batch size (16) times data parallel size (64): AssertionError
global batch size (512) is not divisible by micro batch size (16) times data parallel size (64): 
global batch size (512) is not divisible by micro batch size (16) times data parallel size (64)
Traceback (most recent call last):
  File "/pscratch/sd/s/syfan/Diloco/pretrain_gpt.py", line 329, in <module>
    pretrain(
  File "/pscratch/sd/s/syfan/Diloco/megatron/training/training.py", line 598, in pretrain
Traceback (most recent call last):
  File "/pscratch/sd/s/syfan/Diloco/pretrain_gpt.py", line 329, in <module>
    pretrain(
  File "/pscratch/sd/s/syfan/Diloco/megatron/training/training.py", line 598, in pretrain
    initialize_megatron(
  File "/pscratch/sd/s/syfan/Diloco/megatron/training/initialize.py", line 90, in initialize_megatron
    initialize_megatron(
  File "/pscratch/sd/s/syfan/Diloco/megatron/training/initialize.py", line 90, in initialize_megatron
    set_global_variables(args)
  File "/pscratch/sd/s/syfan/Diloco/megatron/training/global_vars.py", line 94, in set_global_variables
    set_global_variables(args)
  File "/pscratch/sd/s/syfan/Diloco/megatron/training/global_vars.py", line 94, in set_global_variables
    init_num_microbatches_calculator(
  File "/pscratch/sd/s/syfan/Diloco/megatron/core/num_microbatches_calculator.py", line 90, in init_num_microbatches_calculator
    init_num_microbatches_calculator(
  File "/pscratch/sd/s/syfan/Diloco/megatron/core/num_microbatches_calculator.py", line 90, in init_num_microbatches_calculator
    _configure_global_num_microbatches_calculator(
  File "/pscratch/sd/s/syfan/Diloco/megatron/core/num_microbatches_calculator.py", line 181, in _configure_global_num_microbatches_calculator
    _configure_global_num_microbatches_calculator(
  File "/pscratch/sd/s/syfan/Diloco/megatron/core/num_microbatches_calculator.py", line 181, in _configure_global_num_microbatches_calculator
    _GLOBAL_NUM_MICROBATCHES_CALCULATOR = _build_num_microbatches_calculator(
                                          ^^^^^^^^^^^^^^^^^^^^^^^^^^    ^^_GLOBAL_NUM_MICROBATCHES_CALCULATOR = _build_num_microbatches_calculator(^^
^^^^^
        File "/pscratch/sd/s/syfan/Diloco/megatron/core/num_microbatches_calculator.py", line 220, in _build_num_microbatches_calculator
                                    ^^^^^^^^^^^^^^^^^^^^^^^^^^^^^^^^^^^
  File "/pscratch/sd/s/syfan/Diloco/megatron/core/num_microbatches_calculator.py", line 220, in _build_num_microbatches_calculator
    num_microbatches_calculator = ConstantNumMicroBatchesCalculator(
                                  ^^^^^^^^^^^^^^^^^^^^^^^^^^^^^^^^    ^num_microbatches_calculator = ConstantNumMicroBatchesCalculator(^

     File "/pscratch/sd/s/syfan/Diloco/megatron/core/num_microbatches_calculator.py", line 340, in __init__
                               ^^^^^^^^^^^^^^^^^^^^^^^^^^^^^^^^^^
  File "/pscratch/sd/s/syfan/Diloco/megatron/core/num_microbatches_calculator.py", line 340, in __init__
    assert global_batch_size % micro_batch_times_data_parallel_size == 0, (
    assert global_batch_size % micro_batch_times_data_parallel_size == 0, (
           ^ ^ ^ ^ ^  ^ ^ ^ ^ ^ ^^^^^^^^^^^^^^^^^^^^^^^^^^^^^^^^^^^^^^^^^^^^^^^^^^^^^^^^^^^^^^^^^^^^^^^^^^^^^^^^^^^^^^^^^^^^^^^^^^^^^
AssertionError: global batch size (512) is not divisible by micro batch size (16) times data parallel size (64)^
^^^^^^^^^^
AssertionError: global batch size (512) is not divisible by micro batch size (16) times data parallel size (64)
Traceback (most recent call last):
  File "/pscratch/sd/s/syfan/Diloco/pretrain_gpt.py", line 329, in <module>
    pretrain(
  File "/pscratch/sd/s/syfan/Diloco/megatron/training/training.py", line 598, in pretrain
    initialize_megatron(
  File "/pscratch/sd/s/syfan/Diloco/megatron/training/initialize.py", line 90, in initialize_megatron
    set_global_variables(args)
  File "/pscratch/sd/s/syfan/Diloco/megatron/training/global_vars.py", line 94, in set_global_variables
    init_num_microbatches_calculator(
  File "/pscratch/sd/s/syfan/Diloco/megatron/core/num_microbatches_calculator.py", line 90, in init_num_microbatches_calculator
    _configure_global_num_microbatches_calculator(
  File "/pscratch/sd/s/syfan/Diloco/megatron/core/num_microbatches_calculator.py", line 181, in _configure_global_num_microbatches_calculator
    _GLOBAL_NUM_MICROBATCHES_CALCULATOR = _build_num_microbatches_calculator(
                                          ^^^^^^^^^^^^^^^^^^^^^^^^^^^^^^^^^^^
  File "/pscratch/sd/s/syfan/Diloco/megatron/core/num_microbatches_calculator.py", line 220, in _build_num_microbatches_calculator
    num_microbatches_calculator = ConstantNumMicroBatchesCalculator(
                                  ^^^^^^^^^^^^^^^^^^^^^^^^^^^^^^^^^^
  File "/pscratch/sd/s/syfan/Diloco/megatron/core/num_microbatches_calculator.py", line 340, in __init__
    assert global_batch_size % micro_batch_times_data_parallel_size == 0, (
           ^^^^^^^^^^^^^^^^^^^^^^^^^^^^^^^^^^^^^^^^^^^^^^^^^^^^^^^^^^^^^
AssertionError: global batch size (512) is not divisible by micro batch size (16) times data parallel size (64)
Traceback (most recent call last):
  File "/pscratch/sd/s/syfan/Diloco/pretrain_gpt.py", line 329, in <module>
    pretrain(
  File "/pscratch/sd/s/syfan/Diloco/megatron/training/training.py", line 598, in pretrain
Traceback (most recent call last):
  File "/pscratch/sd/s/syfan/Diloco/pretrain_gpt.py", line 329, in <module>
    initialize_megatron(
  File "/pscratch/sd/s/syfan/Diloco/megatron/training/initialize.py", line 90, in initialize_megatron
    pretrain(
  File "/pscratch/sd/s/syfan/Diloco/megatron/training/training.py", line 598, in pretrain
    set_global_variables(args)
  File "/pscratch/sd/s/syfan/Diloco/megatron/training/global_vars.py", line 94, in set_global_variables
    initialize_megatron(
  File "/pscratch/sd/s/syfan/Diloco/megatron/training/initialize.py", line 90, in initialize_megatron
    set_global_variables(args)
  File "/pscratch/sd/s/syfan/Diloco/megatron/training/global_vars.py", line 94, in set_global_variables
    init_num_microbatches_calculator(
  File "/pscratch/sd/s/syfan/Diloco/megatron/core/num_microbatches_calculator.py", line 90, in init_num_microbatches_calculator
    init_num_microbatches_calculator(
  File "/pscratch/sd/s/syfan/Diloco/megatron/core/num_microbatches_calculator.py", line 90, in init_num_microbatches_calculator
    _configure_global_num_microbatches_calculator(
  File "/pscratch/sd/s/syfan/Diloco/megatron/core/num_microbatches_calculator.py", line 181, in _configure_global_num_microbatches_calculator
    _configure_global_num_microbatches_calculator(
  File "/pscratch/sd/s/syfan/Diloco/megatron/core/num_microbatches_calculator.py", line 181, in _configure_global_num_microbatches_calculator
    _GLOBAL_NUM_MICROBATCHES_CALCULATOR = _build_num_microbatches_calculator(
                                          ^^^^^^^^^^^^^^^^^^^^^^^^^^^^^^    ^_GLOBAL_NUM_MICROBATCHES_CALCULATOR = _build_num_microbatches_calculator(^
^^^
    File "/pscratch/sd/s/syfan/Diloco/megatron/core/num_microbatches_calculator.py", line 220, in _build_num_microbatches_calculator
                                        ^^^^^^^^^^^^^^^^^^^^^^^^^^^^^^^^^^^
  File "/pscratch/sd/s/syfan/Diloco/megatron/core/num_microbatches_calculator.py", line 220, in _build_num_microbatches_calculator
    num_microbatches_calculator = ConstantNumMicroBatchesCalculator(
                                  ^^^^^^^^^^^^^^^^^^^^^^^^^^^^^^^^^^
  File "/pscratch/sd/s/syfan/Diloco/megatron/core/num_microbatches_calculator.py", line 340, in __init__
    num_microbatches_calculator = ConstantNumMicroBatchesCalculator(
                                  ^^^^^^^^^^^^^^^^^^^^^^^^^^^^^^^^^^
  File "/pscratch/sd/s/syfan/Diloco/megatron/core/num_microbatches_calculator.py", line 340, in __init__
    assert global_batch_size % micro_batch_times_data_parallel_size == 0, (
           ^^^^^^^^^^^^^^^^^^^^^^^^^^^^^^^^^^^^^^^^^^^^^^^^^^^^^^^^^^^^^
AssertionError: global batch size (512) is not divisible by micro batch size (16) times data parallel size (64)    
assert global_batch_size % micro_batch_times_data_parallel_size == 0, (
           ^^^^^^^^^^^^^^^^^^^^^^^^^^^^^^^^^^^^^^^^^^^^^^^^^^^^^^^^^^^^^
AssertionError: global batch size (512) is not divisible by micro batch size (16) times data parallel size (64)
Traceback (most recent call last):
  File "/pscratch/sd/s/syfan/Diloco/pretrain_gpt.py", line 329, in <module>
    pretrain(
  File "/pscratch/sd/s/syfan/Diloco/megatron/training/training.py", line 598, in pretrain
Traceback (most recent call last):
  File "/pscratch/sd/s/syfan/Diloco/pretrain_gpt.py", line 329, in <module>
    initialize_megatron(
  File "/pscratch/sd/s/syfan/Diloco/megatron/training/initialize.py", line 90, in initialize_megatron
    pretrain(
  File "/pscratch/sd/s/syfan/Diloco/megatron/training/training.py", line 598, in pretrain
    initialize_megatron(
  File "/pscratch/sd/s/syfan/Diloco/megatron/training/initialize.py", line 90, in initialize_megatron
    set_global_variables(args)
  File "/pscratch/sd/s/syfan/Diloco/megatron/training/global_vars.py", line 94, in set_global_variables
    set_global_variables(args)
  File "/pscratch/sd/s/syfan/Diloco/megatron/training/global_vars.py", line 94, in set_global_variables
    init_num_microbatches_calculator(
  File "/pscratch/sd/s/syfan/Diloco/megatron/core/num_microbatches_calculator.py", line 90, in init_num_microbatches_calculator
    init_num_microbatches_calculator(
  File "/pscratch/sd/s/syfan/Diloco/megatron/core/num_microbatches_calculator.py", line 90, in init_num_microbatches_calculator
    _configure_global_num_microbatches_calculator(
  File "/pscratch/sd/s/syfan/Diloco/megatron/core/num_microbatches_calculator.py", line 181, in _configure_global_num_microbatches_calculator
    _configure_global_num_microbatches_calculator(
  File "/pscratch/sd/s/syfan/Diloco/megatron/core/num_microbatches_calculator.py", line 181, in _configure_global_num_microbatches_calculator
    _GLOBAL_NUM_MICROBATCHES_CALCULATOR = _build_num_microbatches_calculator(
    _GLOBAL_NUM_MICROBATCHES_CALCULATOR = _build_num_microbatches_calculator( 
                                                                              ^ ^ ^ ^ ^ ^^^^^^^^^^^^^^^^^^^^^^^^^^^^^^^^^^^^^^^^^^^^^^^^^^^^^^^^^^^^
^^^^  File "/pscratch/sd/s/syfan/Diloco/megatron/core/num_microbatches_calculator.py", line 220, in _build_num_microbatches_calculator
^
  File "/pscratch/sd/s/syfan/Diloco/megatron/core/num_microbatches_calculator.py", line 220, in _build_num_microbatches_calculator
    num_microbatches_calculator = ConstantNumMicroBatchesCalculator(
     num_microbatches_calculator = ConstantNumMicroBatchesCalculator( 
                                                               ^ ^ ^ ^^^^^^^^^^^^^^^^^^^^^^^^^^^^^^^^^^^^^^^^^^^^^^^^^^^^^^^^^^^^^
^^^^  File "/pscratch/sd/s/syfan/Diloco/megatron/core/num_microbatches_calculator.py", line 340, in __init__

  File "/pscratch/sd/s/syfan/Diloco/megatron/core/num_microbatches_calculator.py", line 340, in __init__
        assert global_batch_size % micro_batch_times_data_parallel_size == 0, (assert global_batch_size % micro_batch_times_data_parallel_size == 0, (

                      ^^^^^^^^^^^^^^^^^^^^^^^^^^^^^^^^^^^^^^^^^^^^^^^^^^^^^^^^^^^^^^^^^^^^^^^^^^^^^^^^^^^^^^^^^^^^^^^^^^^^^^^^^^^^^^^^^^^^^^^^
^^
AssertionErrorAssertionError: : global batch size (512) is not divisible by micro batch size (16) times data parallel size (64)global batch size (512) is not divisible by micro batch size (16) times data parallel size (64)

Traceback (most recent call last):
  File "/pscratch/sd/s/syfan/Diloco/pretrain_gpt.py", line 329, in <module>
    pretrain(
  File "/pscratch/sd/s/syfan/Diloco/megatron/training/training.py", line 598, in pretrain
Traceback (most recent call last):
  File "/pscratch/sd/s/syfan/Diloco/pretrain_gpt.py", line 329, in <module>
    pretrain(
  File "/pscratch/sd/s/syfan/Diloco/megatron/training/training.py", line 598, in pretrain
    initialize_megatron(
  File "/pscratch/sd/s/syfan/Diloco/megatron/training/initialize.py", line 90, in initialize_megatron
    initialize_megatron(
  File "/pscratch/sd/s/syfan/Diloco/megatron/training/initialize.py", line 90, in initialize_megatron
    set_global_variables(args)
  File "/pscratch/sd/s/syfan/Diloco/megatron/training/global_vars.py", line 94, in set_global_variables
    set_global_variables(args)
  File "/pscratch/sd/s/syfan/Diloco/megatron/training/global_vars.py", line 94, in set_global_variables
    init_num_microbatches_calculator(
  File "/pscratch/sd/s/syfan/Diloco/megatron/core/num_microbatches_calculator.py", line 90, in init_num_microbatches_calculator
    init_num_microbatches_calculator(
  File "/pscratch/sd/s/syfan/Diloco/megatron/core/num_microbatches_calculator.py", line 90, in init_num_microbatches_calculator
    _configure_global_num_microbatches_calculator(
  File "/pscratch/sd/s/syfan/Diloco/megatron/core/num_microbatches_calculator.py", line 181, in _configure_global_num_microbatches_calculator
    _configure_global_num_microbatches_calculator(
  File "/pscratch/sd/s/syfan/Diloco/megatron/core/num_microbatches_calculator.py", line 181, in _configure_global_num_microbatches_calculator
    _GLOBAL_NUM_MICROBATCHES_CALCULATOR = _build_num_microbatches_calculator(
                                          ^^^^^^^^^^^^^^^^^^^^^^^^^^^^^^^^^^    ^
_GLOBAL_NUM_MICROBATCHES_CALCULATOR = _build_num_microbatches_calculator(
  File "/pscratch/sd/s/syfan/Diloco/megatron/core/num_microbatches_calculator.py", line 220, in _build_num_microbatches_calculator
                                          ^^^^^^^^^^^^^^^^^^^^^^^^^^^^^^^^^^^
  File "/pscratch/sd/s/syfan/Diloco/megatron/core/num_microbatches_calculator.py", line 220, in _build_num_microbatches_calculator
    num_microbatches_calculator = ConstantNumMicroBatchesCalculator(
                                  ^^^^^^^^^^^^^^^^^^^^^^^^^^^^^^^^^^
  File "/pscratch/sd/s/syfan/Diloco/megatron/core/num_microbatches_calculator.py", line 340, in __init__
    num_microbatches_calculator = ConstantNumMicroBatchesCalculator(
                                  ^^^^^^^^^^^^^^^^^^^^^^^^^^^^^^^^^^
  File "/pscratch/sd/s/syfan/Diloco/megatron/core/num_microbatches_calculator.py", line 340, in __init__
    assert global_batch_size % micro_batch_times_data_parallel_size == 0, (
    assert global_batch_size % micro_batch_times_data_parallel_size == 0, (
                    ^ ^ ^^^^^^^^^^^^^^^^^^^^^^^^^^^^^^^^^^^^^^^^^^^^^^^^^^^^^^^^^^^^^^^^^^^^^^^^^^^^^^^^^^^^^^^^^^^^^^^^^^^^^^^^^^^^^^^^^^^^^^
^^
AssertionError: global batch size (512) is not divisible by micro batch size (16) times data parallel size (64)
AssertionError: global batch size (512) is not divisible by micro batch size (16) times data parallel size (64)
Traceback (most recent call last):
  File "/pscratch/sd/s/syfan/Diloco/pretrain_gpt.py", line 329, in <module>
    pretrain(
  File "/pscratch/sd/s/syfan/Diloco/megatron/training/training.py", line 598, in pretrain
    initialize_megatron(
  File "/pscratch/sd/s/syfan/Diloco/megatron/training/initialize.py", line 90, in initialize_megatron
    set_global_variables(args)
  File "/pscratch/sd/s/syfan/Diloco/megatron/training/global_vars.py", line 94, in set_global_variables
    init_num_microbatches_calculator(
  File "/pscratch/sd/s/syfan/Diloco/megatron/core/num_microbatches_calculator.py", line 90, in init_num_microbatches_calculator
    _configure_global_num_microbatches_calculator(
  File "/pscratch/sd/s/syfan/Diloco/megatron/core/num_microbatches_calculator.py", line 181, in _configure_global_num_microbatches_calculator
    _GLOBAL_NUM_MICROBATCHES_CALCULATOR = _build_num_microbatches_calculator(
                                          ^^^^^^^^^^^^^^^^^^^^^^^^^^^^^^^^^^^
  File "/pscratch/sd/s/syfan/Diloco/megatron/core/num_microbatches_calculator.py", line 220, in _build_num_microbatches_calculator
    num_microbatches_calculator = ConstantNumMicroBatchesCalculator(
                                  ^^^^^^^^^^^^^^^^^^^^^^^^^^^^^^^^^^
  File "/pscratch/sd/s/syfan/Diloco/megatron/core/num_microbatches_calculator.py", line 340, in __init__
    assert global_batch_size % micro_batch_times_data_parallel_size == 0, (
           ^^^^^^^^^^^^^^^^^^^^^^^^^^^^^^^^^^^^^^^^^^^^^^^^^^^^^^^^^^^^^
AssertionError: global batch size (512) is not divisible by micro batch size (16) times data parallel size (64)
Traceback (most recent call last):
  File "/pscratch/sd/s/syfan/Diloco/pretrain_gpt.py", line 329, in <module>
    pretrain(
  File "/pscratch/sd/s/syfan/Diloco/megatron/training/training.py", line 598, in pretrain
    initialize_megatron(
  File "/pscratch/sd/s/syfan/Diloco/megatron/training/initialize.py", line 90, in initialize_megatron
    set_global_variables(args)
  File "/pscratch/sd/s/syfan/Diloco/megatron/training/global_vars.py", line 94, in set_global_variables
    init_num_microbatches_calculator(
  File "/pscratch/sd/s/syfan/Diloco/megatron/core/num_microbatches_calculator.py", line 90, in init_num_microbatches_calculator
    _configure_global_num_microbatches_calculator(
  File "/pscratch/sd/s/syfan/Diloco/megatron/core/num_microbatches_calculator.py", line 181, in _configure_global_num_microbatches_calculator
    _GLOBAL_NUM_MICROBATCHES_CALCULATOR = _build_num_microbatches_calculator(
                                          ^^^^^^^^^^^^^^^^^^^^^^^^^^^^^^^^^^^
  File "/pscratch/sd/s/syfan/Diloco/megatron/core/num_microbatches_calculator.py", line 220, in _build_num_microbatches_calculator
    num_microbatches_calculator = ConstantNumMicroBatchesCalculator(
                                  ^^^^^^^^^^^^^^^^^^^^^^^^^^^^^^^^^^
  File "/pscratch/sd/s/syfan/Diloco/megatron/core/num_microbatches_calculator.py", line 340, in __init__
    assert global_batch_size % micro_batch_times_data_parallel_size == 0, (
           ^^^^^^^^^^^^^^^^^^^^^^^^^^^^^^^^^^^^^^^^^^^^^^^^^^^^^^^^^^^^^
AssertionError: global batch size (512) is not divisible by micro batch size (16) times data parallel size (64)
Traceback (most recent call last):
  File "/pscratch/sd/s/syfan/Diloco/pretrain_gpt.py", line 329, in <module>
    pretrain(
  File "/pscratch/sd/s/syfan/Diloco/megatron/training/training.py", line 598, in pretrain
    initialize_megatron(
  File "/pscratch/sd/s/syfan/Diloco/megatron/training/initialize.py", line 90, in initialize_megatron
    set_global_variables(args)
  File "/pscratch/sd/s/syfan/Diloco/megatron/training/global_vars.py", line 94, in set_global_variables
    init_num_microbatches_calculator(
  File "/pscratch/sd/s/syfan/Diloco/megatron/core/num_microbatches_calculator.py", line 90, in init_num_microbatches_calculator
    _configure_global_num_microbatches_calculator(
  File "/pscratch/sd/s/syfan/Diloco/megatron/core/num_microbatches_calculator.py", line 181, in _configure_global_num_microbatches_calculator
    _GLOBAL_NUM_MICROBATCHES_CALCULATOR = _build_num_microbatches_calculator(
                                          ^^^^^^^^^^^^^^^^^^^^^^^^^^^^^^^^^^^
  File "/pscratch/sd/s/syfan/Diloco/megatron/core/num_microbatches_calculator.py", line 220, in _build_num_microbatches_calculator
    num_microbatches_calculator = ConstantNumMicroBatchesCalculator(
                                  ^^^^^^^^^^^^^^^^^^^^^^^^^^^^^^^^^^
  File "/pscratch/sd/s/syfan/Diloco/megatron/core/num_microbatches_calculator.py", line 340, in __init__
    assert global_batch_size % micro_batch_times_data_parallel_size == 0, (
           ^^^^^^^^^^^^^^^^^^^^^^^^^^^^^^^^^^^^^^^^^^^^^^^^^^^^^^^^^^^^^
AssertionError: global batch size (512) is not divisible by micro batch size (16) times data parallel size (64)
Traceback (most recent call last):
  File "/pscratch/sd/s/syfan/Diloco/pretrain_gpt.py", line 329, in <module>
    pretrain(
  File "/pscratch/sd/s/syfan/Diloco/megatron/training/training.py", line 598, in pretrain
    initialize_megatron(
  File "/pscratch/sd/s/syfan/Diloco/megatron/training/initialize.py", line 90, in initialize_megatron
    set_global_variables(args)
  File "/pscratch/sd/s/syfan/Diloco/megatron/training/global_vars.py", line 94, in set_global_variables
    init_num_microbatches_calculator(
  File "/pscratch/sd/s/syfan/Diloco/megatron/core/num_microbatches_calculator.py", line 90, in init_num_microbatches_calculator
    _configure_global_num_microbatches_calculator(
  File "/pscratch/sd/s/syfan/Diloco/megatron/core/num_microbatches_calculator.py", line 181, in _configure_global_num_microbatches_calculator
    _GLOBAL_NUM_MICROBATCHES_CALCULATOR = _build_num_microbatches_calculator(
                                          ^^^^^^^^^^^^^^^^^^^^^^^^^^^^^^^^^^^
  File "/pscratch/sd/s/syfan/Diloco/megatron/core/num_microbatches_calculator.py", line 220, in _build_num_microbatches_calculator
    num_microbatches_calculator = ConstantNumMicroBatchesCalculator(
                                  ^^^^^^^^^^^^^^^^^^^^^^^^^^^^^^^^^^
  File "/pscratch/sd/s/syfan/Diloco/megatron/core/num_microbatches_calculator.py", line 340, in __init__
    assert global_batch_size % micro_batch_times_data_parallel_size == 0, (
           ^^^^^^^^^^^^^^^^^^^^^^^^^^^^^^^^^^^^^^^^^^^^^^^^^^^^^^^^^^^^^
AssertionError: global batch size (512) is not divisible by micro batch size (16) times data parallel size (64)
Traceback (most recent call last):
  File "/pscratch/sd/s/syfan/Diloco/pretrain_gpt.py", line 329, in <module>
    pretrain(
  File "/pscratch/sd/s/syfan/Diloco/megatron/training/training.py", line 598, in pretrain
Traceback (most recent call last):
  File "/pscratch/sd/s/syfan/Diloco/pretrain_gpt.py", line 329, in <module>
Traceback (most recent call last):
  File "/pscratch/sd/s/syfan/Diloco/pretrain_gpt.py", line 329, in <module>
    pretrain(
  File "/pscratch/sd/s/syfan/Diloco/megatron/training/training.py", line 598, in pretrain
    pretrain(
  File "/pscratch/sd/s/syfan/Diloco/megatron/training/training.py", line 598, in pretrain
    initialize_megatron(
    initialize_megatron(
  File "/pscratch/sd/s/syfan/Diloco/megatron/training/initialize.py", line 90, in initialize_megatron
  File "/pscratch/sd/s/syfan/Diloco/megatron/training/initialize.py", line 90, in initialize_megatron
    initialize_megatron(
  File "/pscratch/sd/s/syfan/Diloco/megatron/training/initialize.py", line 90, in initialize_megatron
    set_global_variables(args)
      File "/pscratch/sd/s/syfan/Diloco/megatron/training/global_vars.py", line 94, in set_global_variables
set_global_variables(args)
  File "/pscratch/sd/s/syfan/Diloco/megatron/training/global_vars.py", line 94, in set_global_variables
    set_global_variables(args)
  File "/pscratch/sd/s/syfan/Diloco/megatron/training/global_vars.py", line 94, in set_global_variables
        init_num_microbatches_calculator(init_num_microbatches_calculator(

  File "/pscratch/sd/s/syfan/Diloco/megatron/core/num_microbatches_calculator.py", line 90, in init_num_microbatches_calculator
  File "/pscratch/sd/s/syfan/Diloco/megatron/core/num_microbatches_calculator.py", line 90, in init_num_microbatches_calculator
    init_num_microbatches_calculator(
  File "/pscratch/sd/s/syfan/Diloco/megatron/core/num_microbatches_calculator.py", line 90, in init_num_microbatches_calculator
    _configure_global_num_microbatches_calculator(
      File "/pscratch/sd/s/syfan/Diloco/megatron/core/num_microbatches_calculator.py", line 181, in _configure_global_num_microbatches_calculator
_configure_global_num_microbatches_calculator(
  File "/pscratch/sd/s/syfan/Diloco/megatron/core/num_microbatches_calculator.py", line 181, in _configure_global_num_microbatches_calculator
    _configure_global_num_microbatches_calculator(
  File "/pscratch/sd/s/syfan/Diloco/megatron/core/num_microbatches_calculator.py", line 181, in _configure_global_num_microbatches_calculator
        _GLOBAL_NUM_MICROBATCHES_CALCULATOR = _build_num_microbatches_calculator(
_GLOBAL_NUM_MICROBATCHES_CALCULATOR = _build_num_microbatches_calculator(
                                                                                  ^_GLOBAL_NUM_MICROBATCHES_CALCULATOR = _build_num_microbatches_calculator( ^
 ^ ^  ^  ^^ ^^ ^^ ^^ ^^ ^^ ^^ ^^ ^^ ^^ ^^^ ^^ ^^^ ^^ ^^ ^^ ^^  ^^ ^^ ^^ ^^ ^^ ^^ ^^ ^^^ ^^ ^^ 
   ^   File "/pscratch/sd/s/syfan/Diloco/megatron/core/num_microbatches_calculator.py", line 220, in _build_num_microbatches_calculator
^ ^ ^ ^ ^ ^ ^ 
  ^^^^  File "/pscratch/sd/s/syfan/Diloco/megatron/core/num_microbatches_calculator.py", line 220, in _build_num_microbatches_calculator
^^^^^^^^^^^^^^^^^^^^^^^^^^^^^^^
  File "/pscratch/sd/s/syfan/Diloco/megatron/core/num_microbatches_calculator.py", line 220, in _build_num_microbatches_calculator
    num_microbatches_calculator = ConstantNumMicroBatchesCalculator(
                            num_microbatches_calculator = ConstantNumMicroBatchesCalculator( 
                ^ ^ ^ ^     ^num_microbatches_calculator = ConstantNumMicroBatchesCalculator( ^
 ^ ^  ^  ^ ^  ^  ^  ^  ^  ^  ^  ^  ^   ^   ^  ^  ^  ^  ^  ^  ^  ^  ^^ ^^ ^^ ^^ ^^ ^^ 
^ ^ ^ ^   File "/pscratch/sd/s/syfan/Diloco/megatron/core/num_microbatches_calculator.py", line 340, in __init__
 ^^^^^^^^^^^^^^^^^^^^^^^^^^^^^^^^^^^^^^^^^^^^^^
^^^^^  File "/pscratch/sd/s/syfan/Diloco/megatron/core/num_microbatches_calculator.py", line 340, in __init__
^^^^^^^
  File "/pscratch/sd/s/syfan/Diloco/megatron/core/num_microbatches_calculator.py", line 340, in __init__
            assert global_batch_size % micro_batch_times_data_parallel_size == 0, (assert global_batch_size % micro_batch_times_data_parallel_size == 0, (assert global_batch_size % micro_batch_times_data_parallel_size == 0, (


                               ^  ^^^^^^^^^^^^^^^^^^^^^^^^^^^^^^^^^^^^^^^^^^^^^^^^^^^^^^^^^^^^^^^^^^^^^^^^^^^^^^^^^^^^^^^^^^^^^^^^^^^^^^^^^^^^^^^^^^^^^^^^^^^^^^^^^^^^^^^^^^^^^^^^^^^^^^^^^^^^^^^^^^^^^^^^^^^^^^^^^^^^^^


AssertionErrorAssertionError: AssertionError: global batch size (512) is not divisible by micro batch size (16) times data parallel size (64): global batch size (512) is not divisible by micro batch size (16) times data parallel size (64)
global batch size (512) is not divisible by micro batch size (16) times data parallel size (64)

Traceback (most recent call last):
  File "/pscratch/sd/s/syfan/Diloco/pretrain_gpt.py", line 329, in <module>
Traceback (most recent call last):
  File "/pscratch/sd/s/syfan/Diloco/pretrain_gpt.py", line 329, in <module>
    pretrain(
  File "/pscratch/sd/s/syfan/Diloco/megatron/training/training.py", line 598, in pretrain
    pretrain(
  File "/pscratch/sd/s/syfan/Diloco/megatron/training/training.py", line 598, in pretrain
    initialize_megatron(
  File "/pscratch/sd/s/syfan/Diloco/megatron/training/initialize.py", line 90, in initialize_megatron
    initialize_megatron(
  File "/pscratch/sd/s/syfan/Diloco/megatron/training/initialize.py", line 90, in initialize_megatron
    set_global_variables(args)
  File "/pscratch/sd/s/syfan/Diloco/megatron/training/global_vars.py", line 94, in set_global_variables
    set_global_variables(args)
  File "/pscratch/sd/s/syfan/Diloco/megatron/training/global_vars.py", line 94, in set_global_variables
    init_num_microbatches_calculator(
  File "/pscratch/sd/s/syfan/Diloco/megatron/core/num_microbatches_calculator.py", line 90, in init_num_microbatches_calculator
    init_num_microbatches_calculator(
  File "/pscratch/sd/s/syfan/Diloco/megatron/core/num_microbatches_calculator.py", line 90, in init_num_microbatches_calculator
    _configure_global_num_microbatches_calculator(
  File "/pscratch/sd/s/syfan/Diloco/megatron/core/num_microbatches_calculator.py", line 181, in _configure_global_num_microbatches_calculator
    _configure_global_num_microbatches_calculator(
  File "/pscratch/sd/s/syfan/Diloco/megatron/core/num_microbatches_calculator.py", line 181, in _configure_global_num_microbatches_calculator
    _GLOBAL_NUM_MICROBATCHES_CALCULATOR = _build_num_microbatches_calculator(
                                          ^^^^^^^^^^^^^^^^^^^^^^^^    ^_GLOBAL_NUM_MICROBATCHES_CALCULATOR = _build_num_microbatches_calculator(^
^^^^^^^ ^ ^ 
       File "/pscratch/sd/s/syfan/Diloco/megatron/core/num_microbatches_calculator.py", line 220, in _build_num_microbatches_calculator
                                  ^^^^^^^^^^^^^^^^^^^^^^^^^^^^^^^^^^^
  File "/pscratch/sd/s/syfan/Diloco/megatron/core/num_microbatches_calculator.py", line 220, in _build_num_microbatches_calculator
    num_microbatches_calculator = ConstantNumMicroBatchesCalculator(
                                  ^^^^^^^^^^^^^^^^^^^^^^^^^^^^^^^^^^
  File "/pscratch/sd/s/syfan/Diloco/megatron/core/num_microbatches_calculator.py", line 340, in __init__
    num_microbatches_calculator = ConstantNumMicroBatchesCalculator(
                                  ^^^^^^^^^^^^^^^^^^^^^^^^^^^^^^^^^^
  File "/pscratch/sd/s/syfan/Diloco/megatron/core/num_microbatches_calculator.py", line 340, in __init__
    assert global_batch_size % micro_batch_times_data_parallel_size == 0, (
    assert global_batch_size % micro_batch_times_data_parallel_size == 0, (
           ^^^^^^ ^^ ^^ ^^^^^ ^ ^ ^ ^ ^ ^ ^ ^^^^^^^^^^^^^^^^^^^^^^^^^^^^^^^^^^^^^^^^^^^^^^^^^^^^^^^^^^^^^^^^^^^^^^^^^^^^
^^^AssertionError^: ^global batch size (512) is not divisible by micro batch size (16) times data parallel size (64)^
^^^^^^^^^^^^^^^^^^
AssertionError: global batch size (512) is not divisible by micro batch size (16) times data parallel size (64)
Traceback (most recent call last):
  File "/pscratch/sd/s/syfan/Diloco/pretrain_gpt.py", line 329, in <module>
    pretrain(
  File "/pscratch/sd/s/syfan/Diloco/megatron/training/training.py", line 598, in pretrain
    initialize_megatron(
  File "/pscratch/sd/s/syfan/Diloco/megatron/training/initialize.py", line 90, in initialize_megatron
    set_global_variables(args)
  File "/pscratch/sd/s/syfan/Diloco/megatron/training/global_vars.py", line 94, in set_global_variables
    init_num_microbatches_calculator(
  File "/pscratch/sd/s/syfan/Diloco/megatron/core/num_microbatches_calculator.py", line 90, in init_num_microbatches_calculator
    _configure_global_num_microbatches_calculator(
  File "/pscratch/sd/s/syfan/Diloco/megatron/core/num_microbatches_calculator.py", line 181, in _configure_global_num_microbatches_calculator
    _GLOBAL_NUM_MICROBATCHES_CALCULATOR = _build_num_microbatches_calculator(
                                          ^^^^^^^^^^^^^^^^^^^^^^^^^^^^^^^^^^^
  File "/pscratch/sd/s/syfan/Diloco/megatron/core/num_microbatches_calculator.py", line 220, in _build_num_microbatches_calculator
    num_microbatches_calculator = ConstantNumMicroBatchesCalculator(
                                  ^^^^^^^^^^^^^^^^^^^^^^^^^^^^^^^^^^
  File "/pscratch/sd/s/syfan/Diloco/megatron/core/num_microbatches_calculator.py", line 340, in __init__
    assert global_batch_size % micro_batch_times_data_parallel_size == 0, (
           ^^^^^^^^^^^^^^^^^^^^^^^^^^^^^^^^^^^^^^^^^^^^^^^^^^^^^^^^^^^^^
AssertionError: global batch size (512) is not divisible by micro batch size (16) times data parallel size (64)
Traceback (most recent call last):
  File "/pscratch/sd/s/syfan/Diloco/pretrain_gpt.py", line 329, in <module>
    pretrain(
  File "/pscratch/sd/s/syfan/Diloco/megatron/training/training.py", line 598, in pretrain
    initialize_megatron(
  File "/pscratch/sd/s/syfan/Diloco/megatron/training/initialize.py", line 90, in initialize_megatron
    set_global_variables(args)
  File "/pscratch/sd/s/syfan/Diloco/megatron/training/global_vars.py", line 94, in set_global_variables
    init_num_microbatches_calculator(
  File "/pscratch/sd/s/syfan/Diloco/megatron/core/num_microbatches_calculator.py", line 90, in init_num_microbatches_calculator
    _configure_global_num_microbatches_calculator(
  File "/pscratch/sd/s/syfan/Diloco/megatron/core/num_microbatches_calculator.py", line 181, in _configure_global_num_microbatches_calculator
    _GLOBAL_NUM_MICROBATCHES_CALCULATOR = _build_num_microbatches_calculator(
                                          ^^^^^^^^^^^^^^^^^^^^^^^^^^^^^^^^^^^
  File "/pscratch/sd/s/syfan/Diloco/megatron/core/num_microbatches_calculator.py", line 220, in _build_num_microbatches_calculator
    num_microbatches_calculator = ConstantNumMicroBatchesCalculator(
                                  ^^^^^^^^^^^^^^^^^^^^^^^^^^^^^^^^^^
  File "/pscratch/sd/s/syfan/Diloco/megatron/core/num_microbatches_calculator.py", line 340, in __init__
    assert global_batch_size % micro_batch_times_data_parallel_size == 0, (
           ^^^^^^^^^^^^^^^^^^^^^^^^^^^^^^^^^^^^^^^^^^^^^^^^^^^^^^^^^^^^^
AssertionError: global batch size (512) is not divisible by micro batch size (16) times data parallel size (64)
Traceback (most recent call last):
  File "/pscratch/sd/s/syfan/Diloco/pretrain_gpt.py", line 329, in <module>
    pretrain(
  File "/pscratch/sd/s/syfan/Diloco/megatron/training/training.py", line 598, in pretrain
    initialize_megatron(
  File "/pscratch/sd/s/syfan/Diloco/megatron/training/initialize.py", line 90, in initialize_megatron
    set_global_variables(args)
  File "/pscratch/sd/s/syfan/Diloco/megatron/training/global_vars.py", line 94, in set_global_variables
    init_num_microbatches_calculator(
  File "/pscratch/sd/s/syfan/Diloco/megatron/core/num_microbatches_calculator.py", line 90, in init_num_microbatches_calculator
    _configure_global_num_microbatches_calculator(
  File "/pscratch/sd/s/syfan/Diloco/megatron/core/num_microbatches_calculator.py", line 181, in _configure_global_num_microbatches_calculator
    _GLOBAL_NUM_MICROBATCHES_CALCULATOR = _build_num_microbatches_calculator(
                                          ^^^^^^^^^^^^^^^^^^^^^^^^^^^^^^^^^^^
  File "/pscratch/sd/s/syfan/Diloco/megatron/core/num_microbatches_calculator.py", line 220, in _build_num_microbatches_calculator
    num_microbatches_calculator = ConstantNumMicroBatchesCalculator(
                                  ^^^^^^^^^^^^^^^^^^^^^^^^^^^^^^^^^^
  File "/pscratch/sd/s/syfan/Diloco/megatron/core/num_microbatches_calculator.py", line 340, in __init__
    assert global_batch_size % micro_batch_times_data_parallel_size == 0, (
           ^^^^^^^^^^^^^^^^^^^^^^^^^^^^^^^^^^^^^^^^^^^^^^^^^^^^^^^^^^^^^
AssertionError: global batch size (512) is not divisible by micro batch size (16) times data parallel size (64)
Traceback (most recent call last):
  File "/pscratch/sd/s/syfan/Diloco/pretrain_gpt.py", line 329, in <module>
    pretrain(
  File "/pscratch/sd/s/syfan/Diloco/megatron/training/training.py", line 598, in pretrain
Traceback (most recent call last):
  File "/pscratch/sd/s/syfan/Diloco/pretrain_gpt.py", line 329, in <module>
    pretrain(
  File "/pscratch/sd/s/syfan/Diloco/megatron/training/training.py", line 598, in pretrain
    initialize_megatron(
  File "/pscratch/sd/s/syfan/Diloco/megatron/training/initialize.py", line 90, in initialize_megatron
    initialize_megatron(
  File "/pscratch/sd/s/syfan/Diloco/megatron/training/initialize.py", line 90, in initialize_megatron
    set_global_variables(args)
  File "/pscratch/sd/s/syfan/Diloco/megatron/training/global_vars.py", line 94, in set_global_variables
    set_global_variables(args)
  File "/pscratch/sd/s/syfan/Diloco/megatron/training/global_vars.py", line 94, in set_global_variables
    init_num_microbatches_calculator(
  File "/pscratch/sd/s/syfan/Diloco/megatron/core/num_microbatches_calculator.py", line 90, in init_num_microbatches_calculator
    init_num_microbatches_calculator(
  File "/pscratch/sd/s/syfan/Diloco/megatron/core/num_microbatches_calculator.py", line 90, in init_num_microbatches_calculator
Traceback (most recent call last):
  File "/pscratch/sd/s/syfan/Diloco/pretrain_gpt.py", line 329, in <module>
    pretrain(
  File "/pscratch/sd/s/syfan/Diloco/megatron/training/training.py", line 598, in pretrain
    _configure_global_num_microbatches_calculator(
  File "/pscratch/sd/s/syfan/Diloco/megatron/core/num_microbatches_calculator.py", line 181, in _configure_global_num_microbatches_calculator
    _configure_global_num_microbatches_calculator(
  File "/pscratch/sd/s/syfan/Diloco/megatron/core/num_microbatches_calculator.py", line 181, in _configure_global_num_microbatches_calculator
    _GLOBAL_NUM_MICROBATCHES_CALCULATOR = _build_num_microbatches_calculator(
                                          ^^^^^^^^^^^^^^^^^^    ^^_GLOBAL_NUM_MICROBATCHES_CALCULATOR = _build_num_microbatches_calculator(^
^^^^^^ ^ ^ ^ ^ ^ ^ ^ ^ 
       File "/pscratch/sd/s/syfan/Diloco/megatron/core/num_microbatches_calculator.py", line 220, in _build_num_microbatches_calculator
                            ^^^^^^^^^^^^^^^^^^^^^^^^^^^^^^^^^^^
  File "/pscratch/sd/s/syfan/Diloco/megatron/core/num_microbatches_calculator.py", line 220, in _build_num_microbatches_calculator
    num_microbatches_calculator = ConstantNumMicroBatchesCalculator(
                                  ^^^^^    ^num_microbatches_calculator = ConstantNumMicroBatchesCalculator(^
^^^ ^ ^ ^ ^ ^ ^ ^ ^ ^ ^ ^ ^ ^ ^ ^ ^ ^ ^ ^ ^ ^ ^ ^ ^ 
       File "/pscratch/sd/s/syfan/Diloco/megatron/core/num_microbatches_calculator.py", line 340, in __init__
    ^^^^^^^^^^^^^^^^^^^^^^^^^^^^^^^^^^
  File "/pscratch/sd/s/syfan/Diloco/megatron/core/num_microbatches_calculator.py", line 340, in __init__
    assert global_batch_size % micro_batch_times_data_parallel_size == 0, (
    assert global_batch_size % micro_batch_times_data_parallel_size == 0, (
                ^ ^ ^ ^ ^ ^ ^^^^^^^^^^^^^^^^^^^^^^^^^^^^^^^^^^^^^^^^^^^^^^^^^^^^^^^^^^^^^^^^^^^^^^^^^^^^^^^^^^^^^^^^^^^^^^^^^^^^^^^^
^^^^AssertionError^: ^global batch size (512) is not divisible by micro batch size (16) times data parallel size (64)^^
^^^^
AssertionError: global batch size (512) is not divisible by micro batch size (16) times data parallel size (64)
    initialize_megatron(
  File "/pscratch/sd/s/syfan/Diloco/megatron/training/initialize.py", line 90, in initialize_megatron
    set_global_variables(args)
  File "/pscratch/sd/s/syfan/Diloco/megatron/training/global_vars.py", line 94, in set_global_variables
    init_num_microbatches_calculator(
  File "/pscratch/sd/s/syfan/Diloco/megatron/core/num_microbatches_calculator.py", line 90, in init_num_microbatches_calculator
    _configure_global_num_microbatches_calculator(
  File "/pscratch/sd/s/syfan/Diloco/megatron/core/num_microbatches_calculator.py", line 181, in _configure_global_num_microbatches_calculator
    _GLOBAL_NUM_MICROBATCHES_CALCULATOR = _build_num_microbatches_calculator(
                                          ^^^^^^^^^^^^^^^^^^^^^^^^^^^^^^^^^^^
  File "/pscratch/sd/s/syfan/Diloco/megatron/core/num_microbatches_calculator.py", line 220, in _build_num_microbatches_calculator
    num_microbatches_calculator = ConstantNumMicroBatchesCalculator(
                                  ^^^^^^^^^^^^^^^^^^^^^^^^^^^^^^^^^^
  File "/pscratch/sd/s/syfan/Diloco/megatron/core/num_microbatches_calculator.py", line 340, in __init__
    assert global_batch_size % micro_batch_times_data_parallel_size == 0, (
           ^^^^^^^^^^^^^^^^^^^^^^^^^^^^^^^^^^^^^^^^^^^^^^^^^^^^^^^^^^^^^
AssertionError: global batch size (512) is not divisible by micro batch size (16) times data parallel size (64)
Traceback (most recent call last):
  File "/pscratch/sd/s/syfan/Diloco/pretrain_gpt.py", line 329, in <module>
    pretrain(
  File "/pscratch/sd/s/syfan/Diloco/megatron/training/training.py", line 598, in pretrain
    initialize_megatron(
  File "/pscratch/sd/s/syfan/Diloco/megatron/training/initialize.py", line 90, in initialize_megatron
    set_global_variables(args)
  File "/pscratch/sd/s/syfan/Diloco/megatron/training/global_vars.py", line 94, in set_global_variables
    init_num_microbatches_calculator(
  File "/pscratch/sd/s/syfan/Diloco/megatron/core/num_microbatches_calculator.py", line 90, in init_num_microbatches_calculator
    _configure_global_num_microbatches_calculator(
  File "/pscratch/sd/s/syfan/Diloco/megatron/core/num_microbatches_calculator.py", line 181, in _configure_global_num_microbatches_calculator
    _GLOBAL_NUM_MICROBATCHES_CALCULATOR = _build_num_microbatches_calculator(
W0728 13:48:09.723000 2307154 site-packages/torch/distributed/elastic/multiprocessing/api.py:897] Sending process 2307232 closing signal SIGTERM
                                          ^^^^^^^^^^^^^^^^^^^^^^^^^^^^^^^^^^^
  File "/pscratch/sd/s/syfan/Diloco/megatron/core/num_microbatches_calculator.py", line 220, in _build_num_microbatches_calculator
    num_microbatches_calculator = ConstantNumMicroBatchesCalculator(
                                  ^^^^^^^^^^^^^^^^^^^^^^^^^^^^^^^^^^
  File "/pscratch/sd/s/syfan/Diloco/megatron/core/num_microbatches_calculator.py", line 340, in __init__
    assert global_batch_size % micro_batch_times_data_parallel_size == 0, (
           ^^^^^^^^^^^^^^^^^^^^^^^^^^^^^^^^^^^^^^^^^^^^^^^^^^^^^^^^^^^^^
AssertionError: global batch size (512) is not divisible by micro batch size (16) times data parallel size (64)
W0728 13:48:09.724000 2307154 site-packages/torch/distributed/elastic/multiprocessing/api.py:897] Sending process 2307234 closing signal SIGTERM
Traceback (most recent call last):
  File "/pscratch/sd/s/syfan/Diloco/pretrain_gpt.py", line 329, in <module>
    pretrain(
  File "/pscratch/sd/s/syfan/Diloco/megatron/training/training.py", line 598, in pretrain
using world size: 64, data-parallel size: 64, context-parallel size: 1, hierarchical context-parallel sizes: Nonetensor-model-parallel size: 1, encoder-tensor-model-parallel size: 0, pipeline-model-parallel size: 1, encoder-pipeline-model-parallel size: 0
Number of virtual stages per pipeline stage: None
accumulate and all-reduce gradients in fp32 for bfloat16 data type.
using torch.bfloat16 for parameters ...
------------------------ arguments ------------------------
Traceback (most recent call last):
  File "/pscratch/sd/s/syfan/Diloco/pretrain_gpt.py", line 329, in <module>
  account_for_embedding_in_pipeline_split ......... False
  account_for_loss_in_pipeline_split .............. False
  accumulate_allreduce_grads_in_fp32 .............. True
  adam_beta1 ...................................... 0.9
  adam_beta2 ...................................... 0.999
  adam_eps ........................................ 1e-08
  add_bias_linear ................................. True
  add_position_embedding .......................... True
  add_qkv_bias .................................... True
  adlr_autoresume ................................. False
  adlr_autoresume_interval ........................ 1000
  align_grad_reduce ............................... True
  align_param_gather .............................. False
  app_tag_run_name ................................ None
    pretrain(
  app_tag_run_version ............................. 0.0.0
  apply_layernorm_1p .............................. False
  apply_query_key_layer_scaling ................... False
  apply_residual_connection_post_layernorm ........ False
  apply_rope_fusion ............................... False
  async_save ...................................... None
  async_tensor_model_parallel_allreduce ........... True
  attention_backend ............................... AttnBackend.auto
  attention_dropout ............................... 0.1
  attention_softmax_in_fp32 ....................... False
  auto_detect_ckpt_format ......................... False
  barrier_with_L1_time ............................ True
  File "/pscratch/sd/s/syfan/Diloco/megatron/training/training.py", line 598, in pretrain
  bert_binary_head ................................ True
  bert_embedder_type .............................. megatron
  bert_load ....................................... None
  bf16 ............................................ True
  bias_dropout_fusion ............................. True
  bias_gelu_fusion ................................ True
  bias_swiglu_fusion .............................. True
  biencoder_projection_dim ........................ 0
  biencoder_shared_query_context_model ............ False
    initialize_megatron(
  File "/pscratch/sd/s/syfan/Diloco/megatron/training/initialize.py", line 90, in initialize_megatron
  block_data_path ................................. None
  calc_ft_timeouts ................................ False
  calculate_per_token_loss ........................ False
  check_for_large_grads ........................... False
  check_for_nan_in_loss_and_grad .................. True
  check_for_spiky_loss ............................ False
  check_weight_hash_across_dp_replicas_interval ... None
  ckpt_assume_constant_structure .................. False
    initialize_megatron(
  File "/pscratch/sd/s/syfan/Diloco/megatron/training/initialize.py", line 90, in initialize_megatron
  ckpt_convert_format ............................. None
  ckpt_convert_save ............................... None
  ckpt_convert_update_legacy_dist_opt_format ...... False
  ckpt_format ..................................... torch
  ckpt_fully_parallel_load ........................ False
  ckpt_fully_parallel_save ........................ True
  ckpt_fully_parallel_save_deprecated ............. False
  ckpt_step ....................................... None
  classes_fraction ................................ 1.0
  clip_grad ....................................... 1.0
  clone_scatter_output_in_embedding ............... True
  config_logger_dir ............................... 
  consumed_train_samples .......................... 0
  consumed_valid_samples .......................... 0
  context_parallel_size ........................... 1
  cp_comm_type .................................... ['p2p']
  create_attention_mask_in_dataloader ............. True
  cross_entropy_loss_fusion ....................... False
    set_global_variables(args)
  cuda_graph_scope ................................ full
  cuda_graph_warmup_steps ......................... 3
  data_args_path .................................. None
  data_cache_path ................................. None
  data_parallel_random_init ....................... False
  data_parallel_sharding_strategy ................. no_shard
  File "/pscratch/sd/s/syfan/Diloco/megatron/training/global_vars.py", line 94, in set_global_variables
  data_parallel_size .............................. 64
  data_path ....................................... ['/pscratch/sd/s/syfan/Diloco/data/my-gpt2_text_document']
  data_per_class_fraction ......................... 1.0
  data_sharding ................................... True
  dataloader_type ................................. single
  ddp_average_in_collective ....................... False
  ddp_bucket_size ................................. None
  ddp_num_buckets ................................. None
    set_global_variables(args)
  ddp_pad_buckets_for_high_nccl_busbw ............. False
  decoder_first_pipeline_num_layers ............... None
  decoder_last_pipeline_num_layers ................ None
  decoder_num_layers .............................. None
  decoder_seq_length .............................. None
  decoupled_lr .................................... None
  File "/pscratch/sd/s/syfan/Diloco/megatron/training/global_vars.py", line 94, in set_global_variables
  decoupled_min_lr ................................ None
  decrease_batch_size_if_needed ................... False
  defer_embedding_wgrad_compute ................... False
  deprecated_use_mcore_models ..................... False
  deterministic_mode .............................. False
  dino_bottleneck_size ............................ 256
  dino_freeze_last_layer .......................... 1
    init_num_microbatches_calculator(
  dino_head_hidden_size ........................... 2048
  dino_local_crops_number ......................... 10
  dino_local_img_size ............................. 96
  dino_norm_last_layer ............................ False
  dino_teacher_temp ............................... 0.07
  dino_warmup_teacher_temp ........................ 0.04
  File "/pscratch/sd/s/syfan/Diloco/megatron/core/num_microbatches_calculator.py", line 90, in init_num_microbatches_calculator
  dino_warmup_teacher_temp_epochs ................. 30
  disable_straggler_on_startup .................... False
  dist_ckpt_format_deprecated ..................... None
  dist_ckpt_strictness ............................ assume_ok_unexpected
  distribute_saved_activations .................... False
    init_num_microbatches_calculator(
  distributed_backend ............................. nccl
  distributed_timeout_minutes ..................... 10
  embedding_path .................................. None
  empty_unused_memory_level ....................... 0
  enable_cuda_graph ............................... False
  enable_ft_package ............................... False
  enable_gloo_process_groups ...................... True
  File "/pscratch/sd/s/syfan/Diloco/megatron/core/num_microbatches_calculator.py", line 90, in init_num_microbatches_calculator
  enable_one_logger ............................... True
  encoder_num_layers .............................. 12
  encoder_pipeline_model_parallel_size ............ 0
  encoder_seq_length .............................. 1024
  encoder_tensor_model_parallel_size .............. 0
  end_weight_decay ................................ 0.1
  eod_mask_loss ................................... False
  error_injection_rate ............................ 0
  error_injection_type ............................ transient_error
  eval_interval ................................... 1000
  eval_iters ...................................... 10
  evidence_data_path .............................. None
  exit_duration_in_mins ........................... None
  exit_interval ................................... None
  exit_on_missing_checkpoint ...................... False
  exit_signal_handler ............................. False
  exp_avg_dtype ................................... torch.float32
  exp_avg_sq_dtype ................................ torch.float32
    _configure_global_num_microbatches_calculator(
  expert_model_parallel_size ...................... 1
  expert_tensor_parallel_size ..................... 1
  external_cuda_graph ............................. False
  ffn_hidden_size ................................. 3072
  finetune ........................................ False
  first_last_layers_bf16 .......................... False
  flash_decode .................................... False
  File "/pscratch/sd/s/syfan/Diloco/megatron/core/num_microbatches_calculator.py", line 181, in _configure_global_num_microbatches_calculator
  fp16 ............................................ False
  fp16_lm_cross_entropy ........................... False
  fp32_residual_connection ........................ False
  fp8 ............................................. None
  fp8_amax_compute_algo ........................... most_recent
  fp8_amax_history_len ............................ 1
    _configure_global_num_microbatches_calculator(
  fp8_interval .................................... 1
  fp8_margin ...................................... 0
  fp8_param_gather ................................ False
  fp8_recipe ...................................... delayed
  fp8_wgrad ....................................... True
  global_batch_size ............................... 512
  File "/pscratch/sd/s/syfan/Diloco/megatron/core/num_microbatches_calculator.py", line 181, in _configure_global_num_microbatches_calculator
  grad_reduce_in_bf16 ............................. False
  gradient_accumulation_fusion .................... True
  gradient_reduce_div_fusion ...................... True
  group_query_attention ........................... False
  head_lr_mult .................................... 1.0
    _GLOBAL_NUM_MICROBATCHES_CALCULATOR = _build_num_microbatches_calculator(
  hidden_dropout .................................. 0.1
  hidden_size ..................................... 768
  hierarchical_context_parallel_sizes ............. None
  hybrid_attention_ratio .......................... 0.0
  hybrid_mlp_ratio ................................ 0.0
  hybrid_override_pattern ......................... None
  hysteresis ...................................... 2
                                          ^^^^^^^^^^^^^^^^^^^^^^^^^^^^^^    ^^_GLOBAL_NUM_MICROBATCHES_CALCULATOR = _build_num_microbatches_calculator(^
  ict_head_size ................................... None
  ict_load ........................................ None
  img_h ........................................... 224
  img_w ........................................... 224
  indexer_batch_size .............................. 128
  indexer_log_interval ............................ 1000
  inference_batch_times_seqlen_threshold .......... -1
^^
  inference_dynamic_batching ...................... False
  inference_dynamic_batching_buffer_guaranteed_fraction  0.2
  inference_dynamic_batching_buffer_overflow_factor  None
  inference_dynamic_batching_buffer_size_gb ....... 40.0
  inference_dynamic_batching_max_requests_override  None
  inference_dynamic_batching_max_tokens_override .. None
  inference_max_batch_size ........................ 8
  inference_max_seq_length ........................ 2560
        File "/pscratch/sd/s/syfan/Diloco/megatron/core/num_microbatches_calculator.py", line 220, in _build_num_microbatches_calculator
  inference_rng_tracker ........................... False
  init_method_std ................................. 0.02
  init_method_xavier_uniform ...................... False
  init_model_with_meta_device ..................... False
  initial_loss_scale .............................. 4294967296
  is_hybrid_model ................................. False
  iter_per_epoch .................................. 1250
  iterations_to_skip .............................. []
                                    ^^^^^^^^^^^^^^^^^^^^^^^^^^^^^^^^^^^
  keep_fp8_transpose_cache_when_using_custom_fsdp . False
  kv_channels ..................................... 64
  kv_lora_rank .................................... 32
  lazy_mpu_init ................................... None
  load ............................................ /pscratch/sd/s/syfan/Diloco/checkpoints
  File "/pscratch/sd/s/syfan/Diloco/megatron/core/num_microbatches_calculator.py", line 220, in _build_num_microbatches_calculator
  local_rank ...................................... 0
  log_interval .................................... 10
  log_loss_scale_to_tensorboard ................... True
  log_memory_to_tensorboard ....................... False
  log_num_zeros_in_grad ........................... False
  log_params_norm ................................. False
  log_progress .................................... False
    num_microbatches_calculator = ConstantNumMicroBatchesCalculator(
  log_straggler ................................... False
  log_throughput .................................. False
  log_timers_to_tensorboard ....................... False
  log_validation_ppl_to_tensorboard ............... False
  log_world_size_to_tensorboard ................... False
                                  ^^^^^^^^^^^^^^^^^^^^^^^^^^^^^^^^^^
  logging_level ................................... None
  loss_scale ...................................... None
  loss_scale_window ............................... 1000
  lr .............................................. 0.0004
  lr_decay_iters .................................. 100000
  lr_decay_samples ................................ None
  lr_decay_style .................................. cosine
  File "/pscratch/sd/s/syfan/Diloco/megatron/core/num_microbatches_calculator.py", line 340, in __init__
  lr_warmup_fraction .............................. None
  lr_warmup_init .................................. 0.0
  lr_warmup_iters ................................. 2000
  lr_warmup_samples ............................... 0
  lr_wsd_decay_iters .............................. None
  lr_wsd_decay_samples ............................ None
  lr_wsd_decay_style .............................. exponential
    num_microbatches_calculator = ConstantNumMicroBatchesCalculator(
  main_grads_dtype ................................ torch.float32
  main_params_dtype ............................... torch.float32
  make_vocab_size_divisible_by .................... 128
  mamba_head_dim .................................. 64
  mamba_num_groups ................................ 8
  mamba_state_dim ................................. 128
E0728 13:48:09.740000 2307154 site-packages/torch/distributed/elastic/multiprocessing/api.py:869] failed (exitcode: 1) local_rank: 0 (pid: 2307231) of binary: /global/common/software/nersc9/pytorch/2.6.0/bin/python3
  manual_gc ....................................... False
  manual_gc_eval .................................. True
  manual_gc_interval .............................. 0
  mask_factor ..................................... 1.0
  mask_prob ....................................... 0.15
  mask_type ....................................... random
  masked_softmax_fusion ........................... True
  max_position_embeddings ......................... 1024
                                  ^^^^^^^^^^^^^^^^^^^^^^^^^^^^^^^^^^
  max_tokens_to_oom ............................... 12000
  memory_snapshot_path ............................ snapshot.pickle
  merge_file ...................................... /pscratch/sd/s/syfan/Diloco/data/gpt2-merges.txt
  micro_batch_size ................................ 16
  microbatch_group_size_per_vp_stage .............. None
  min_loss_scale .................................. 1.0
  min_lr .......................................... 4e-05
  File "/pscratch/sd/s/syfan/Diloco/megatron/core/num_microbatches_calculator.py", line 340, in __init__
  mmap_bin_files .................................. True
  mock_data ....................................... False
  moe_aux_loss_coeff .............................. 0.0
  moe_enable_deepep ............................... False
  moe_expert_capacity_factor ...................... None
  moe_extended_tp ................................. False
  moe_ffn_hidden_size ............................. 3072
    assert global_batch_size % micro_batch_times_data_parallel_size == 0, (
  moe_grouped_gemm ................................ False
  moe_input_jitter_eps ............................ None
  moe_layer_freq .................................. 1
  moe_layer_recompute ............................. False
  moe_pad_expert_input_to_capacity ................ False
  moe_per_layer_logging ........................... False
    assert global_batch_size % micro_batch_times_data_parallel_size == 0, (
  moe_permute_fusion .............................. False
  moe_router_bias_update_rate ..................... 0.001
  moe_router_dtype ................................ None
  moe_router_enable_expert_bias ................... False
  moe_router_group_topk ........................... None
              ^ ^ ^ ^ ^ ^ ^ ^ ^^^^^^^^^^^^^^^^^^^^^^^^^^^^^^^^^^^^^^^^^^^^^^^^^^^^^^^^^^^^^^^^^^^^^^^^^^^^^^^^^^^^^^^^^^^^^^^^^^^^^^^^^^^
  moe_router_load_balancing_type .................. aux_loss
  moe_router_num_groups ........................... None
  moe_router_pre_softmax .......................... False
  moe_router_score_function ....................... softmax
^^^^AssertionError^: ^global batch size (512) is not divisible by micro batch size (16) times data parallel size (64)^

  moe_router_topk ................................. 2
  moe_router_topk_scaling_factor .................. None
  moe_shared_expert_intermediate_size ............. None
  moe_shared_expert_overlap ....................... False
  moe_token_dispatcher_type ....................... allgather
AssertionError: global batch size (512) is not divisible by micro batch size (16) times data parallel size (64)
  moe_token_drop_policy ........................... probs
  moe_use_legacy_grouped_gemm ..................... False
  moe_use_upcycling ............................... False
  moe_z_loss_coeff ................................ None
  mrope_section ................................... None
  mscale .......................................... 1.0
  mscale_all_dim .................................. 1.0
  mtp_loss_scaling_factor ......................... 0.1
  mtp_num_layers .................................. None
  multi_latent_attention .......................... False
  nccl_communicator_config_path ................... None
  no_load_optim ................................... None
  no_load_rng ..................................... None
  no_persist_layer_norm ........................... False
  no_save_optim ................................... None
  no_save_rng ..................................... None
  non_persistent_ckpt_type ........................ None
  non_persistent_global_ckpt_dir .................. None
  non_persistent_local_ckpt_algo .................. fully_parallel
  non_persistent_local_ckpt_dir ................... None
  non_persistent_save_interval .................... None
  norm_epsilon .................................... 1e-05
  normalization ................................... LayerNorm
  num_attention_heads ............................. 12
  num_channels .................................... 3
  num_classes ..................................... 1000
  num_dataset_builder_threads ..................... 1
  num_distributed_optimizer_instances ............. 1
  num_experts ..................................... None
  num_layers ...................................... 12
  num_layers_at_end_in_bf16 ....................... 1
  num_layers_at_start_in_bf16 ..................... 1
  num_layers_per_virtual_pipeline_stage ........... None
  num_query_groups ................................ 1
  num_virtual_stages_per_pipeline_rank ............ None
  num_workers ..................................... 2
  one_logger_async ................................ False
  one_logger_project .............................. megatron-lm
  one_logger_run_name ............................. None
  onnx_safe ....................................... None
  openai_gelu ..................................... False
  optimizer ....................................... adam
  optimizer_cpu_offload ........................... False
  optimizer_offload_fraction ...................... 1.0
  outer_optimizer ................................. pytorch_nesterov
  outer_sync_interval ............................. 50
  output_bert_embeddings .......................... False
  overlap_cpu_optimizer_d2h_h2d ................... False
  overlap_grad_reduce ............................. False
  overlap_p2p_comm ................................ False
  overlap_p2p_comm_warmup_flush ................... False
  overlap_param_gather ............................ False
  overlap_param_gather_with_optimizer_step ........ False
  override_opt_param_scheduler .................... False
  params_dtype .................................... torch.bfloat16
  patch_dim ....................................... 16
  per_split_data_args_path ........................ None
  perform_initialization .......................... True
  pin_cpu_grads ................................... True
  pin_cpu_params .................................. True
  pipeline_model_parallel_comm_backend ............ None
  pipeline_model_parallel_size .................... 1
  pipeline_model_parallel_split_rank .............. None
  position_embedding_type ......................... learned_absolute
  pretrained_checkpoint ........................... None
  profile ......................................... False
  profile_ranks ................................... [0]
  profile_step_end ................................ 12
  profile_step_start .............................. 10
  q_lora_rank ..................................... None
  qk_head_dim ..................................... 128
  qk_layernorm .................................... False
  qk_pos_emb_head_dim ............................. 64
  query_in_block_prob ............................. 0.1
  rampup_batch_size ............................... None
  rank ............................................ 0
  recompute_granularity ........................... None
  recompute_method ................................ None
  recompute_num_layers ............................ None
  record_memory_history ........................... False
  relative_attention_max_distance ................. 128
  relative_attention_num_buckets .................. 32
  replication ..................................... False
  replication_factor .............................. 2
  replication_jump ................................ None
  rerun_mode ...................................... disabled
  reset_attention_mask ............................ False
  reset_position_ids .............................. False
  result_rejected_tracker_filename ................ None
  retriever_report_topk_accuracies ................ []
  retriever_score_scaling ......................... False
  retriever_seq_length ............................ 256
  retro_add_retriever ............................. False
  retro_attention_gate ............................ 1
  retro_cyclic_train_iters ........................ None
  retro_encoder_attention_dropout ................. 0.1
  retro_encoder_hidden_dropout .................... 0.1
  retro_encoder_layers ............................ 2
  retro_num_neighbors ............................. 2
  retro_num_retrieved_chunks ...................... 2
  retro_project_dir ............................... None
  retro_verify_neighbor_count ..................... True
  rope_scaling_factor ............................. 8.0
  rotary_base ..................................... 10000
  rotary_interleaved .............................. False
  rotary_percent .................................. 1.0
  rotary_scaling_factor ........................... 1.0
  rotary_seq_len_interpolation_factor ............. None
  run_workload_inspector_server ................... False
  s3_cache_path ................................... None
  sample_rate ..................................... 1.0
  save ............................................ /pscratch/sd/s/syfan/Diloco/checkpoints
  save_interval ................................... 1000
  scatter_gather_tensors_in_pipeline .............. True
  seed ............................................ 1234
  seq_length ...................................... 1024
  sequence_parallel ............................... False
  sgd_momentum .................................... 0.9
  short_seq_prob .................................. 0.1
  skip_train ...................................... False
  skipped_train_samples ........................... 0
  spec ............................................ None
  split ........................................... 949,50,1
  squared_relu .................................... False
  start_weight_decay .............................. 0.1
  straggler_ctrlr_port ............................ 65535
  straggler_minmax_count .......................... 1
  suggested_communication_unit_size ............... 400000000
  swiglu .......................................... False
  swin_backbone_type .............................. tiny
  te_rng_tracker .................................. False
  tensor_model_parallel_size ...................... 1
  tensorboard_dir ................................. /pscratch/sd/s/syfan/Diloco/logs
  tensorboard_log_interval ........................ 1
  tensorboard_queue_size .......................... 1000
  test_data_path .................................. None
  test_mode ....................................... False
  tiktoken_num_special_tokens ..................... 1000
  tiktoken_pattern ................................ None
  tiktoken_special_tokens ......................... None
  timing_log_level ................................ 0
  timing_log_option ............................... minmax
  titles_data_path ................................ None
  tokenizer_model ................................. None
  tokenizer_type .................................. GPT2BPETokenizer
  tp_comm_bootstrap_backend ....................... nccl
  tp_comm_bulk_dgrad .............................. True
  tp_comm_bulk_wgrad .............................. True
  tp_comm_overlap ................................. False
  tp_comm_overlap_ag .............................. True
  tp_comm_overlap_cfg ............................. None
  tp_comm_overlap_rs .............................. True
  tp_comm_overlap_rs_dgrad ........................ False
  tp_comm_split_ag ................................ True
  tp_comm_split_rs ................................ True
  train_data_path ................................. None
  train_iters ..................................... 100000
  train_samples ................................... None
  train_sync_interval ............................. None
  transformer_impl ................................ local
  transformer_pipeline_model_parallel_size ........ 1
  untie_embeddings_and_output_weights ............. False
  use_checkpoint_args ............................. False
  use_checkpoint_opt_param_scheduler .............. False
  use_cpu_initialization .......................... None
  use_custom_fsdp ................................. False
  use_dist_ckpt ................................... False
  use_dist_ckpt_deprecated ........................ False
  use_distributed_optimizer ....................... False
  use_flash_attn .................................. False
  use_legacy_models ............................... True
  use_mp_args_from_checkpoint_args ................ False
  use_one_sent_docs ............................... False
  use_persistent_ckpt_worker ...................... False
  use_precision_aware_optimizer ................... False
  use_pytorch_profiler ............................ False
  use_ring_exchange_p2p ........................... False
  use_rope_scaling ................................ False
  use_rotary_position_embeddings .................. False
  use_tokenizer_model_from_checkpoint_args ........ True
  use_torch_fsdp2 ................................. False
  use_torch_optimizer_for_cpu_offload ............. False
  use_tp_pp_dp_mapping ............................ False
  v_head_dim ...................................... 128
  valid_data_path ................................. None
  variable_seq_lengths ............................ False
  virtual_pipeline_model_parallel_size ............ None
  vision_backbone_type ............................ vit
  vision_pretraining .............................. False
  vision_pretraining_type ......................... classify
  vocab_extra_ids ................................. 0
  vocab_file ...................................... /pscratch/sd/s/syfan/Diloco/data/gpt2-vocab.json
  vocab_size ...................................... None
  wandb_exp_name .................................. 
  wandb_project ................................... 
  wandb_save_dir .................................. 
  weight_decay .................................... 0.1
  weight_decay_incr_style ......................... constant
  wgrad_deferral_limit ............................ 0
  world_size ...................................... 64
  yaml_cfg ........................................ None
-------------------- end of arguments ---------------------
Traceback (most recent call last):
  File "/pscratch/sd/s/syfan/Diloco/pretrain_gpt.py", line 329, in <module>
    pretrain(
  File "/pscratch/sd/s/syfan/Diloco/megatron/training/training.py", line 598, in pretrain
    initialize_megatron(
  File "/pscratch/sd/s/syfan/Diloco/megatron/training/initialize.py", line 90, in initialize_megatron
    set_global_variables(args)
  File "/pscratch/sd/s/syfan/Diloco/megatron/training/global_vars.py", line 94, in set_global_variables
    init_num_microbatches_calculator(
  File "/pscratch/sd/s/syfan/Diloco/megatron/core/num_microbatches_calculator.py", line 90, in init_num_microbatches_calculator
    _configure_global_num_microbatches_calculator(
  File "/pscratch/sd/s/syfan/Diloco/megatron/core/num_microbatches_calculator.py", line 181, in _configure_global_num_microbatches_calculator
    _GLOBAL_NUM_MICROBATCHES_CALCULATOR = _build_num_microbatches_calculator(
                                          ^^^^^^^^^^^^^^^^^^^^^^^^^^^^^^^^^^^
  File "/pscratch/sd/s/syfan/Diloco/megatron/core/num_microbatches_calculator.py", line 220, in _build_num_microbatches_calculator
    num_microbatches_calculator = ConstantNumMicroBatchesCalculator(
                                  ^^^^^^^^^^^^^^^^^^^^^^^^^^^^^^^^^^
  File "/pscratch/sd/s/syfan/Diloco/megatron/core/num_microbatches_calculator.py", line 340, in __init__
    assert global_batch_size % micro_batch_times_data_parallel_size == 0, (
           ^^^^^^^^^^^^^^^^^^^^^^^^^^^^^^^^^^^^^^^^^^^^^^^^^^^^^^^^^^^^^
AssertionError: global batch size (512) is not divisible by micro batch size (16) times data parallel size (64)
Traceback (most recent call last):
  File "/pscratch/sd/s/syfan/Diloco/pretrain_gpt.py", line 329, in <module>
Traceback (most recent call last):
  File "/pscratch/sd/s/syfan/Diloco/pretrain_gpt.py", line 329, in <module>
    pretrain(
  File "/pscratch/sd/s/syfan/Diloco/megatron/training/training.py", line 598, in pretrain
    pretrain(
  File "/pscratch/sd/s/syfan/Diloco/megatron/training/training.py", line 598, in pretrain
    initialize_megatron(
  File "/pscratch/sd/s/syfan/Diloco/megatron/training/initialize.py", line 90, in initialize_megatron
    initialize_megatron(
  File "/pscratch/sd/s/syfan/Diloco/megatron/training/initialize.py", line 90, in initialize_megatron
    set_global_variables(args)
  File "/pscratch/sd/s/syfan/Diloco/megatron/training/global_vars.py", line 94, in set_global_variables
    set_global_variables(args)
  File "/pscratch/sd/s/syfan/Diloco/megatron/training/global_vars.py", line 94, in set_global_variables
    init_num_microbatches_calculator(
  File "/pscratch/sd/s/syfan/Diloco/megatron/core/num_microbatches_calculator.py", line 90, in init_num_microbatches_calculator
    init_num_microbatches_calculator(
  File "/pscratch/sd/s/syfan/Diloco/megatron/core/num_microbatches_calculator.py", line 90, in init_num_microbatches_calculator
    _configure_global_num_microbatches_calculator(
  File "/pscratch/sd/s/syfan/Diloco/megatron/core/num_microbatches_calculator.py", line 181, in _configure_global_num_microbatches_calculator
    _configure_global_num_microbatches_calculator(
  File "/pscratch/sd/s/syfan/Diloco/megatron/core/num_microbatches_calculator.py", line 181, in _configure_global_num_microbatches_calculator
    _GLOBAL_NUM_MICROBATCHES_CALCULATOR = _build_num_microbatches_calculator(
                                          ^^^^^^^^^^^^^^^^^^^^^^^^^^^^^    ^^_GLOBAL_NUM_MICROBATCHES_CALCULATOR = _build_num_microbatches_calculator(^
^^^
      File "/pscratch/sd/s/syfan/Diloco/megatron/core/num_microbatches_calculator.py", line 220, in _build_num_microbatches_calculator
                                      ^^^^^^^^^^^^^^^^^^^^^^^^^^^^^^^^^^^
  File "/pscratch/sd/s/syfan/Diloco/megatron/core/num_microbatches_calculator.py", line 220, in _build_num_microbatches_calculator
    num_microbatches_calculator = ConstantNumMicroBatchesCalculator(
                                  ^^^^^^^^^^^^^^^^^^^^^^^^^^^^^^^^^    ^num_microbatches_calculator = ConstantNumMicroBatchesCalculator(

   File "/pscratch/sd/s/syfan/Diloco/megatron/core/num_microbatches_calculator.py", line 340, in __init__
                                 ^^^^^^^^^^^^^^^^^^^^^^^^^^^^^^^^^^
  File "/pscratch/sd/s/syfan/Diloco/megatron/core/num_microbatches_calculator.py", line 340, in __init__
    assert global_batch_size % micro_batch_times_data_parallel_size == 0, (
           ^^^^^^^^^^^^^^^^^^^^^^^^^^^^^^^^^^^^^^^^^^^^^    ^assert global_batch_size % micro_batch_times_data_parallel_size == 0, (^
^^^^^^^^^^^^^^
AssertionError: global batch size (512) is not divisible by micro batch size (16) times data parallel size (64) 
          ^^^^^^^^^^^^^^^^^^^^^^^^^^^^^^^^^^^^^^^^^^^^^^^^^^^^^^^^^^^^^
AssertionError: global batch size (512) is not divisible by micro batch size (16) times data parallel size (64)
Traceback (most recent call last):
  File "/pscratch/sd/s/syfan/Diloco/pretrain_gpt.py", line 329, in <module>
    pretrain(
  File "/pscratch/sd/s/syfan/Diloco/megatron/training/training.py", line 598, in pretrain
Traceback (most recent call last):
  File "/pscratch/sd/s/syfan/Diloco/pretrain_gpt.py", line 329, in <module>
    pretrain(
  File "/pscratch/sd/s/syfan/Diloco/megatron/training/training.py", line 598, in pretrain
Traceback (most recent call last):
  File "/pscratch/sd/s/syfan/Diloco/pretrain_gpt.py", line 329, in <module>
    pretrain(
  File "/pscratch/sd/s/syfan/Diloco/megatron/training/training.py", line 598, in pretrain
        initialize_megatron(initialize_megatron(

  File "/pscratch/sd/s/syfan/Diloco/megatron/training/initialize.py", line 90, in initialize_megatron
  File "/pscratch/sd/s/syfan/Diloco/megatron/training/initialize.py", line 90, in initialize_megatron
    initialize_megatron(
  File "/pscratch/sd/s/syfan/Diloco/megatron/training/initialize.py", line 90, in initialize_megatron
    set_global_variables(args)
  File "/pscratch/sd/s/syfan/Diloco/megatron/training/global_vars.py", line 94, in set_global_variables
    set_global_variables(args)
  File "/pscratch/sd/s/syfan/Diloco/megatron/training/global_vars.py", line 94, in set_global_variables
    set_global_variables(args)
  File "/pscratch/sd/s/syfan/Diloco/megatron/training/global_vars.py", line 94, in set_global_variables
        init_num_microbatches_calculator(init_num_microbatches_calculator(

  File "/pscratch/sd/s/syfan/Diloco/megatron/core/num_microbatches_calculator.py", line 90, in init_num_microbatches_calculator
  File "/pscratch/sd/s/syfan/Diloco/megatron/core/num_microbatches_calculator.py", line 90, in init_num_microbatches_calculator
    init_num_microbatches_calculator(
  File "/pscratch/sd/s/syfan/Diloco/megatron/core/num_microbatches_calculator.py", line 90, in init_num_microbatches_calculator
    _configure_global_num_microbatches_calculator(
    _configure_global_num_microbatches_calculator(
  File "/pscratch/sd/s/syfan/Diloco/megatron/core/num_microbatches_calculator.py", line 181, in _configure_global_num_microbatches_calculator
  File "/pscratch/sd/s/syfan/Diloco/megatron/core/num_microbatches_calculator.py", line 181, in _configure_global_num_microbatches_calculator
    _configure_global_num_microbatches_calculator(
  File "/pscratch/sd/s/syfan/Diloco/megatron/core/num_microbatches_calculator.py", line 181, in _configure_global_num_microbatches_calculator
    _GLOBAL_NUM_MICROBATCHES_CALCULATOR = _build_num_microbatches_calculator(
    _GLOBAL_NUM_MICROBATCHES_CALCULATOR = _build_num_microbatches_calculator(
                                                                                        ^^^_GLOBAL_NUM_MICROBATCHES_CALCULATOR = _build_num_microbatches_calculator(^^
^^^^^^^^^ ^^ ^^ ^^ ^^ ^^ ^^ ^^ ^ ^^ ^ ^ ^ ^ ^ ^ ^^ ^ ^^ ^ ^^ ^^ ^ ^^ ^^ ^^ ^ ^^ ^ ^^ ^^ ^^ 
 ^ ^ ^   File "/pscratch/sd/s/syfan/Diloco/megatron/core/num_microbatches_calculator.py", line 220, in _build_num_microbatches_calculator
^ ^ ^ 
   ^^  File "/pscratch/sd/s/syfan/Diloco/megatron/core/num_microbatches_calculator.py", line 220, in _build_num_microbatches_calculator
^^^^^^^^^^^^^^^^^^^^^^^^^^^^^^^^^
  File "/pscratch/sd/s/syfan/Diloco/megatron/core/num_microbatches_calculator.py", line 220, in _build_num_microbatches_calculator
    num_microbatches_calculator = ConstantNumMicroBatchesCalculator(
                  num_microbatches_calculator = ConstantNumMicroBatchesCalculator( 
                                     ^ ^ ^ ^ ^ ^ ^ ^ ^ ^ ^ ^ ^     ^num_microbatches_calculator = ConstantNumMicroBatchesCalculator( 
^ ^ ^ ^^ ^^ ^^ ^^ ^^ ^^ ^^ ^^ ^^ ^^ ^^ ^^ ^ ^^ ^^ ^^  ^^
 ^ ^ ^   File "/pscratch/sd/s/syfan/Diloco/megatron/core/num_microbatches_calculator.py", line 340, in __init__
^ ^ ^ ^ ^ ^ ^ ^ ^ ^ ^ ^ ^^^^^^
^^^^  File "/pscratch/sd/s/syfan/Diloco/megatron/core/num_microbatches_calculator.py", line 340, in __init__
^^^^^^^^^^^^^^^^^^^^^^^^^^^
  File "/pscratch/sd/s/syfan/Diloco/megatron/core/num_microbatches_calculator.py", line 340, in __init__
        assert global_batch_size % micro_batch_times_data_parallel_size == 0, (assert global_batch_size % micro_batch_times_data_parallel_size == 0, (    

assert global_batch_size % micro_batch_times_data_parallel_size == 0, (
                                 ^^^^^^^^^^^^^^^^^^^^^^^^^^^^^^^^^^^^^^^^^^^^^^^^^^^^^^^^^^^^^^^^^^^^^^^^^^^^^^^^^^^^^^^^^^^^^^^^^^^^^^^^^^^^^^^^^^^^^^^^^^^^^^^^^^^^^^^^^^^^^^^^^^^^^^^^^^^^^^^^^^^^^^^^^^^^^^^^^^^^^^^


AssertionErrorAssertionError: AssertionError: global batch size (512) is not divisible by micro batch size (16) times data parallel size (64): 
global batch size (512) is not divisible by micro batch size (16) times data parallel size (64)global batch size (512) is not divisible by micro batch size (16) times data parallel size (64)

Traceback (most recent call last):
  File "/pscratch/sd/s/syfan/Diloco/pretrain_gpt.py", line 329, in <module>
    pretrain(
  File "/pscratch/sd/s/syfan/Diloco/megatron/training/training.py", line 598, in pretrain
    initialize_megatron(
  File "/pscratch/sd/s/syfan/Diloco/megatron/training/initialize.py", line 90, in initialize_megatron
    set_global_variables(args)
  File "/pscratch/sd/s/syfan/Diloco/megatron/training/global_vars.py", line 94, in set_global_variables
    init_num_microbatches_calculator(
  File "/pscratch/sd/s/syfan/Diloco/megatron/core/num_microbatches_calculator.py", line 90, in init_num_microbatches_calculator
    _configure_global_num_microbatches_calculator(
  File "/pscratch/sd/s/syfan/Diloco/megatron/core/num_microbatches_calculator.py", line 181, in _configure_global_num_microbatches_calculator
    _GLOBAL_NUM_MICROBATCHES_CALCULATOR = _build_num_microbatches_calculator(
                                          ^^^^^^^^^^^^^^^^^^^^^^^^^^^^^^^^^^^
  File "/pscratch/sd/s/syfan/Diloco/megatron/core/num_microbatches_calculator.py", line 220, in _build_num_microbatches_calculator
    num_microbatches_calculator = ConstantNumMicroBatchesCalculator(
                                  ^^^^^^^^^^^^^^^^^^^^^^^^^^^^^^^^^^
  File "/pscratch/sd/s/syfan/Diloco/megatron/core/num_microbatches_calculator.py", line 340, in __init__
    assert global_batch_size % micro_batch_times_data_parallel_size == 0, (
           ^^^^^^^^^^^^^^^^^^^^^^^^^^^^^^^^^^^^^^^^^^^^^^^^^^^^^^^^^^^^^
AssertionError: global batch size (512) is not divisible by micro batch size (16) times data parallel size (64)
Traceback (most recent call last):
  File "/pscratch/sd/s/syfan/Diloco/pretrain_gpt.py", line 329, in <module>
    pretrain(
  File "/pscratch/sd/s/syfan/Diloco/megatron/training/training.py", line 598, in pretrain
    initialize_megatron(
  File "/pscratch/sd/s/syfan/Diloco/megatron/training/initialize.py", line 90, in initialize_megatron
    set_global_variables(args)
  File "/pscratch/sd/s/syfan/Diloco/megatron/training/global_vars.py", line 94, in set_global_variables
    init_num_microbatches_calculator(
  File "/pscratch/sd/s/syfan/Diloco/megatron/core/num_microbatches_calculator.py", line 90, in init_num_microbatches_calculator
    _configure_global_num_microbatches_calculator(
  File "/pscratch/sd/s/syfan/Diloco/megatron/core/num_microbatches_calculator.py", line 181, in _configure_global_num_microbatches_calculator
    _GLOBAL_NUM_MICROBATCHES_CALCULATOR = _build_num_microbatches_calculator(
                                          ^^^^^^^^^^^^^^^^^^^^^^^^^^^^^^^^^^^
  File "/pscratch/sd/s/syfan/Diloco/megatron/core/num_microbatches_calculator.py", line 220, in _build_num_microbatches_calculator
    num_microbatches_calculator = ConstantNumMicroBatchesCalculator(
                                  ^^^^^^^^^^^^^^^^^^^^^^^^^^^^^^^^^^
  File "/pscratch/sd/s/syfan/Diloco/megatron/core/num_microbatches_calculator.py", line 340, in __init__
    assert global_batch_size % micro_batch_times_data_parallel_size == 0, (
           ^^^^^^^^^^^^^^^^^^^^^^^^^^^^^^^^^^^^^^^^^^^^^^^^^^^^^^^^^^^^^
AssertionError: global batch size (512) is not divisible by micro batch size (16) times data parallel size (64)
Traceback (most recent call last):
  File "/pscratch/sd/s/syfan/Diloco/pretrain_gpt.py", line 329, in <module>
    pretrain(
  File "/pscratch/sd/s/syfan/Diloco/megatron/training/training.py", line 598, in pretrain
    initialize_megatron(
  File "/pscratch/sd/s/syfan/Diloco/megatron/training/initialize.py", line 90, in initialize_megatron
    set_global_variables(args)
  File "/pscratch/sd/s/syfan/Diloco/megatron/training/global_vars.py", line 94, in set_global_variables
    init_num_microbatches_calculator(
  File "/pscratch/sd/s/syfan/Diloco/megatron/core/num_microbatches_calculator.py", line 90, in init_num_microbatches_calculator
    _configure_global_num_microbatches_calculator(
  File "/pscratch/sd/s/syfan/Diloco/megatron/core/num_microbatches_calculator.py", line 181, in _configure_global_num_microbatches_calculator
    _GLOBAL_NUM_MICROBATCHES_CALCULATOR = _build_num_microbatches_calculator(
                                          ^^^^^^^^^^^^^^^^^^^^^^^^^^^^^^^^^^^
  File "/pscratch/sd/s/syfan/Diloco/megatron/core/num_microbatches_calculator.py", line 220, in _build_num_microbatches_calculator
    num_microbatches_calculator = ConstantNumMicroBatchesCalculator(
                                  ^^^^^^^^^^^^^^^^^^^^^^^^^^^^^^^^^^
  File "/pscratch/sd/s/syfan/Diloco/megatron/core/num_microbatches_calculator.py", line 340, in __init__
    assert global_batch_size % micro_batch_times_data_parallel_size == 0, (
           ^^^^^^^^^^^^^^^^^^^^^^^^^^^^^^^^^^^^^^^^^^^^^^^^^^^^^^^^^^^^^
AssertionError: global batch size (512) is not divisible by micro batch size (16) times data parallel size (64)
Traceback (most recent call last):
  File "<frozen runpy>", line 198, in _run_module_as_main
  File "<frozen runpy>", line 88, in _run_code
  File "/global/common/software/nersc9/pytorch/2.6.0/lib/python3.12/site-packages/torch/distributed/run.py", line 922, in <module>
    main()
  File "/global/common/software/nersc9/pytorch/2.6.0/lib/python3.12/site-packages/torch/distributed/elastic/multiprocessing/errors/__init__.py", line 355, in wrapper
    return f(*args, **kwargs)
           ^^^^^^^^^^^^^^^^^^
  File "/global/common/software/nersc9/pytorch/2.6.0/lib/python3.12/site-packages/torch/distributed/run.py", line 918, in main
    run(args)
  File "/global/common/software/nersc9/pytorch/2.6.0/lib/python3.12/site-packages/torch/distributed/run.py", line 909, in run
    elastic_launch(
  File "/global/common/software/nersc9/pytorch/2.6.0/lib/python3.12/site-packages/torch/distributed/launcher/api.py", line 138, in __call__
    return launch_agent(self._config, self._entrypoint, list(args))
           ^^^^^^^^^^^^^^^^^^^^^^^^^^^^^^^^^^^^^^^^^^^^^^^^^^^^^^^^
  File "/global/common/software/nersc9/pytorch/2.6.0/lib/python3.12/site-packages/torch/distributed/launcher/api.py", line 269, in launch_agent
    raise ChildFailedError(
torch.distributed.elastic.multiprocessing.errors.ChildFailedError: 
============================================================
/pscratch/sd/s/syfan/Diloco/pretrain_gpt.py FAILED
------------------------------------------------------------
Failures:
[1]:
  time      : 2025-07-28_13:48:09
  host      : nid001585-hsn0
  rank      : 26 (local_rank: 2)
  exitcode  : 1 (pid: 2307233)
  error_file: <N/A>
  traceback : To enable traceback see: https://pytorch.org/docs/stable/elastic/errors.html
------------------------------------------------------------
Root Cause (first observed failure):
[0]:
  time      : 2025-07-28_13:48:09
  host      : nid001585-hsn0
  rank      : 24 (local_rank: 0)
  exitcode  : 1 (pid: 2307231)
  error_file: <N/A>
  traceback : To enable traceback see: https://pytorch.org/docs/stable/elastic/errors.html
============================================================
Traceback (most recent call last):
  File "/pscratch/sd/s/syfan/Diloco/pretrain_gpt.py", line 329, in <module>
    pretrain(
  File "/pscratch/sd/s/syfan/Diloco/megatron/training/training.py", line 598, in pretrain
    initialize_megatron(
  File "/pscratch/sd/s/syfan/Diloco/megatron/training/initialize.py", line 90, in initialize_megatron
    set_global_variables(args)
  File "/pscratch/sd/s/syfan/Diloco/megatron/training/global_vars.py", line 94, in set_global_variables
    init_num_microbatches_calculator(
  File "/pscratch/sd/s/syfan/Diloco/megatron/core/num_microbatches_calculator.py", line 90, in init_num_microbatches_calculator
    _configure_global_num_microbatches_calculator(
  File "/pscratch/sd/s/syfan/Diloco/megatron/core/num_microbatches_calculator.py", line 181, in _configure_global_num_microbatches_calculator
    _GLOBAL_NUM_MICROBATCHES_CALCULATOR = _build_num_microbatches_calculator(
                                          ^^^^^^^^^^^^^^^^^^^^^^^^^^^^^^^^^^^
  File "/pscratch/sd/s/syfan/Diloco/megatron/core/num_microbatches_calculator.py", line 220, in _build_num_microbatches_calculator
    num_microbatches_calculator = ConstantNumMicroBatchesCalculator(
                                  ^^^^^^^^^^^^^^^^^^^^^^^^^^^^^^^^^^
  File "/pscratch/sd/s/syfan/Diloco/megatron/core/num_microbatches_calculator.py", line 340, in __init__
    assert global_batch_size % micro_batch_times_data_parallel_size == 0, (
           ^^^^^^^^^^^^^^^^^^^^^^^^^^^^^^^^^^^^^^^^^^^^^^^^^^^^^^^^^^^^^
AssertionError: global batch size (512) is not divisible by micro batch size (16) times data parallel size (64)
Traceback (most recent call last):
  File "/pscratch/sd/s/syfan/Diloco/pretrain_gpt.py", line 329, in <module>
    pretrain(
  File "/pscratch/sd/s/syfan/Diloco/megatron/training/training.py", line 598, in pretrain
    initialize_megatron(
  File "/pscratch/sd/s/syfan/Diloco/megatron/training/initialize.py", line 90, in initialize_megatron
    set_global_variables(args)
  File "/pscratch/sd/s/syfan/Diloco/megatron/training/global_vars.py", line 94, in set_global_variables
    init_num_microbatches_calculator(
  File "/pscratch/sd/s/syfan/Diloco/megatron/core/num_microbatches_calculator.py", line 90, in init_num_microbatches_calculator
    _configure_global_num_microbatches_calculator(
  File "/pscratch/sd/s/syfan/Diloco/megatron/core/num_microbatches_calculator.py", line 181, in _configure_global_num_microbatches_calculator
    _GLOBAL_NUM_MICROBATCHES_CALCULATOR = _build_num_microbatches_calculator(
                                          ^^^^^^^^^^^^^^^^^^^^^^^^^^^^^^^^^^^
  File "/pscratch/sd/s/syfan/Diloco/megatron/core/num_microbatches_calculator.py", line 220, in _build_num_microbatches_calculator
    num_microbatches_calculator = ConstantNumMicroBatchesCalculator(
                                  ^^^^^^^^^^^^^^^^^^^^^^^^^^^^^^^^^^
  File "/pscratch/sd/s/syfan/Diloco/megatron/core/num_microbatches_calculator.py", line 340, in __init__
    assert global_batch_size % micro_batch_times_data_parallel_size == 0, (
           ^^^^^^^^^^^^^^^^^^^^^^^^^^^^^^^^^^^^^^^^^^^^^^^^^^^^^^^^^^^^^
AssertionError: global batch size (512) is not divisible by micro batch size (16) times data parallel size (64)
E0728 13:48:09.820000 958548 site-packages/torch/distributed/elastic/multiprocessing/api.py:869] failed (exitcode: 1) local_rank: 0 (pid: 958623) of binary: /global/common/software/nersc9/pytorch/2.6.0/bin/python3
Traceback (most recent call last):
  File "/pscratch/sd/s/syfan/Diloco/pretrain_gpt.py", line 329, in <module>
    pretrain(
  File "/pscratch/sd/s/syfan/Diloco/megatron/training/training.py", line 598, in pretrain
    initialize_megatron(
  File "/pscratch/sd/s/syfan/Diloco/megatron/training/initialize.py", line 90, in initialize_megatron
    set_global_variables(args)
  File "/pscratch/sd/s/syfan/Diloco/megatron/training/global_vars.py", line 94, in set_global_variables
    init_num_microbatches_calculator(
  File "/pscratch/sd/s/syfan/Diloco/megatron/core/num_microbatches_calculator.py", line 90, in init_num_microbatches_calculator
    _configure_global_num_microbatches_calculator(
  File "/pscratch/sd/s/syfan/Diloco/megatron/core/num_microbatches_calculator.py", line 181, in _configure_global_num_microbatches_calculator
    _GLOBAL_NUM_MICROBATCHES_CALCULATOR = _build_num_microbatches_calculator(
                                          ^^^^^^^^^^^^^^^^^^^^^^^^^^^^^^^^^^^
  File "/pscratch/sd/s/syfan/Diloco/megatron/core/num_microbatches_calculator.py", line 220, in _build_num_microbatches_calculator
    num_microbatches_calculator = ConstantNumMicroBatchesCalculator(
                                  ^^^^^^^^^^^^^^^^^^^^^^^^^^^^^^^^^^
  File "/pscratch/sd/s/syfan/Diloco/megatron/core/num_microbatches_calculator.py", line 340, in __init__
    assert global_batch_size % micro_batch_times_data_parallel_size == 0, (
           ^^^^^^^^^^^^^^^^^^^^^^^^^^^^^^^^^^^^^^^^^^^^^^^^^^^^^^^^^^^^^
AssertionError: global batch size (512) is not divisible by micro batch size (16) times data parallel size (64)
Traceback (most recent call last):
  File "<frozen runpy>", line 198, in _run_module_as_main
  File "<frozen runpy>", line 88, in _run_code
  File "/global/common/software/nersc9/pytorch/2.6.0/lib/python3.12/site-packages/torch/distributed/run.py", line 922, in <module>
    main()
  File "/global/common/software/nersc9/pytorch/2.6.0/lib/python3.12/site-packages/torch/distributed/elastic/multiprocessing/errors/__init__.py", line 355, in wrapper
    return f(*args, **kwargs)
           ^^^^^^^^^^^^^^^^^^
  File "/global/common/software/nersc9/pytorch/2.6.0/lib/python3.12/site-packages/torch/distributed/run.py", line 918, in main
    run(args)
  File "/global/common/software/nersc9/pytorch/2.6.0/lib/python3.12/site-packages/torch/distributed/run.py", line 909, in run
    elastic_launch(
  File "/global/common/software/nersc9/pytorch/2.6.0/lib/python3.12/site-packages/torch/distributed/launcher/api.py", line 138, in __call__
    return launch_agent(self._config, self._entrypoint, list(args))
           ^^^^^^^^^^^^^^^^^^^^^^^^^^^^^^^^^^^^^^^^^^^^^^^^^^^^^^^^
  File "/global/common/software/nersc9/pytorch/2.6.0/lib/python3.12/site-packages/torch/distributed/launcher/api.py", line 269, in launch_agent
    raise ChildFailedError(
torch.distributed.elastic.multiprocessing.errors.ChildFailedError: 
============================================================
/pscratch/sd/s/syfan/Diloco/pretrain_gpt.py FAILED
------------------------------------------------------------
Failures:
[1]:
  time      : 2025-07-28_13:48:09
  host      : nid001761-hsn0
  rank      : 37 (local_rank: 1)
  exitcode  : 1 (pid: 958624)
  error_file: <N/A>
  traceback : To enable traceback see: https://pytorch.org/docs/stable/elastic/errors.html
[2]:
  time      : 2025-07-28_13:48:09
  host      : nid001761-hsn0
  rank      : 38 (local_rank: 2)
  exitcode  : 1 (pid: 958625)
  error_file: <N/A>
  traceback : To enable traceback see: https://pytorch.org/docs/stable/elastic/errors.html
[3]:
  time      : 2025-07-28_13:48:09
  host      : nid001761-hsn0
  rank      : 39 (local_rank: 3)
  exitcode  : 1 (pid: 958626)
  error_file: <N/A>
  traceback : To enable traceback see: https://pytorch.org/docs/stable/elastic/errors.html
------------------------------------------------------------
Root Cause (first observed failure):
[0]:
  time      : 2025-07-28_13:48:09
  host      : nid001761-hsn0
  rank      : 36 (local_rank: 0)
  exitcode  : 1 (pid: 958623)
  error_file: <N/A>
  traceback : To enable traceback see: https://pytorch.org/docs/stable/elastic/errors.html
============================================================
Traceback (most recent call last):
  File "/pscratch/sd/s/syfan/Diloco/pretrain_gpt.py", line 329, in <module>
    pretrain(
  File "/pscratch/sd/s/syfan/Diloco/megatron/training/training.py", line 598, in pretrain
    initialize_megatron(
  File "/pscratch/sd/s/syfan/Diloco/megatron/training/initialize.py", line 90, in initialize_megatron
    set_global_variables(args)
  File "/pscratch/sd/s/syfan/Diloco/megatron/training/global_vars.py", line 94, in set_global_variables
Traceback (most recent call last):
  File "/pscratch/sd/s/syfan/Diloco/pretrain_gpt.py", line 329, in <module>
    init_num_microbatches_calculator(
  File "/pscratch/sd/s/syfan/Diloco/megatron/core/num_microbatches_calculator.py", line 90, in init_num_microbatches_calculator
    _configure_global_num_microbatches_calculator(
  File "/pscratch/sd/s/syfan/Diloco/megatron/core/num_microbatches_calculator.py", line 181, in _configure_global_num_microbatches_calculator
Traceback (most recent call last):
    pretrain(
  File "/pscratch/sd/s/syfan/Diloco/pretrain_gpt.py", line 329, in <module>
  File "/pscratch/sd/s/syfan/Diloco/megatron/training/training.py", line 598, in pretrain
    _GLOBAL_NUM_MICROBATCHES_CALCULATOR = _build_num_microbatches_calculator(
                                          ^^^^^^^^^^^^^^^^^^^^^^^^^^^^^^^^^^^
  File "/pscratch/sd/s/syfan/Diloco/megatron/core/num_microbatches_calculator.py", line 220, in _build_num_microbatches_calculator
    pretrain(
  File "/pscratch/sd/s/syfan/Diloco/megatron/training/training.py", line 598, in pretrain
    num_microbatches_calculator = ConstantNumMicroBatchesCalculator(
                                  ^^^^^^^^^^^^^^^^^^^^^^^^^^^^^^^^^^
  File "/pscratch/sd/s/syfan/Diloco/megatron/core/num_microbatches_calculator.py", line 340, in __init__
    assert global_batch_size % micro_batch_times_data_parallel_size == 0, (
           ^^^^^^^^^^^^^^^^^^^^^^^^^^^^^^^^^^^^^^^^^^^^^^^^^^^^^^^^^^^^^
AssertionError: global batch size (512) is not divisible by micro batch size (16) times data parallel size (64)
Traceback (most recent call last):
  File "/pscratch/sd/s/syfan/Diloco/pretrain_gpt.py", line 329, in <module>
    pretrain(
  File "/pscratch/sd/s/syfan/Diloco/megatron/training/training.py", line 598, in pretrain
    initialize_megatron(
    initialize_megatron(
  File "/pscratch/sd/s/syfan/Diloco/megatron/training/initialize.py", line 90, in initialize_megatron
  File "/pscratch/sd/s/syfan/Diloco/megatron/training/initialize.py", line 90, in initialize_megatron
    initialize_megatron(
  File "/pscratch/sd/s/syfan/Diloco/megatron/training/initialize.py", line 90, in initialize_megatron
        set_global_variables(args)set_global_variables(args)

  File "/pscratch/sd/s/syfan/Diloco/megatron/training/global_vars.py", line 94, in set_global_variables
  File "/pscratch/sd/s/syfan/Diloco/megatron/training/global_vars.py", line 94, in set_global_variables
    set_global_variables(args)
  File "/pscratch/sd/s/syfan/Diloco/megatron/training/global_vars.py", line 94, in set_global_variables
    init_num_microbatches_calculator(
  File "/pscratch/sd/s/syfan/Diloco/megatron/core/num_microbatches_calculator.py", line 90, in init_num_microbatches_calculator
    init_num_microbatches_calculator(
  File "/pscratch/sd/s/syfan/Diloco/megatron/core/num_microbatches_calculator.py", line 90, in init_num_microbatches_calculator
    init_num_microbatches_calculator(
  File "/pscratch/sd/s/syfan/Diloco/megatron/core/num_microbatches_calculator.py", line 90, in init_num_microbatches_calculator
        _configure_global_num_microbatches_calculator(_configure_global_num_microbatches_calculator(

  File "/pscratch/sd/s/syfan/Diloco/megatron/core/num_microbatches_calculator.py", line 181, in _configure_global_num_microbatches_calculator
  File "/pscratch/sd/s/syfan/Diloco/megatron/core/num_microbatches_calculator.py", line 181, in _configure_global_num_microbatches_calculator
    _configure_global_num_microbatches_calculator(
  File "/pscratch/sd/s/syfan/Diloco/megatron/core/num_microbatches_calculator.py", line 181, in _configure_global_num_microbatches_calculator
        _GLOBAL_NUM_MICROBATCHES_CALCULATOR = _build_num_microbatches_calculator(_GLOBAL_NUM_MICROBATCHES_CALCULATOR = _build_num_microbatches_calculator(

                                                                                  _GLOBAL_NUM_MICROBATCHES_CALCULATOR = _build_num_microbatches_calculator(   
  ^ ^^^^^^ ^^ ^^ ^^ ^^^^ ^^ ^ ^^ ^^^ ^^ ^^ ^^ ^^ ^^ ^^ ^^ ^^ ^^ ^^ ^^ ^^ ^^^ ^^ ^^ ^^ ^^ ^^ ^^ ^^ 
 ^ ^ ^  File "/pscratch/sd/s/syfan/Diloco/megatron/core/num_microbatches_calculator.py", line 220, in _build_num_microbatches_calculator
 ^ 
      File "/pscratch/sd/s/syfan/Diloco/megatron/core/num_microbatches_calculator.py", line 220, in _build_num_microbatches_calculator
    ^^^^^^^^^^^^^^^^^^^^^^^^^^^^^^^^^^^
  File "/pscratch/sd/s/syfan/Diloco/megatron/core/num_microbatches_calculator.py", line 220, in _build_num_microbatches_calculator
    num_microbatches_calculator = ConstantNumMicroBatchesCalculator(
        num_microbatches_calculator = ConstantNumMicroBatchesCalculator( 
                                                          num_microbatches_calculator = ConstantNumMicroBatchesCalculator(  
^ ^ ^  ^  ^   ^  ^  ^ ^^ ^^ ^^ ^^ ^^ ^^ ^^ ^^ ^^^ ^^ ^^ ^^ ^^ ^^ ^^ ^^ ^^ ^ ^^^ ^^ ^^ ^^ ^^ ^ ^^ ^^ 
^ ^^^^  File "/pscratch/sd/s/syfan/Diloco/megatron/core/num_microbatches_calculator.py", line 340, in __init__
^^^^^^^^^^
^^^^^^  File "/pscratch/sd/s/syfan/Diloco/megatron/core/num_microbatches_calculator.py", line 340, in __init__
^^^^^^^^^^^^^^^^^^^^^
  File "/pscratch/sd/s/syfan/Diloco/megatron/core/num_microbatches_calculator.py", line 340, in __init__
        assert global_batch_size % micro_batch_times_data_parallel_size == 0, (assert global_batch_size % micro_batch_times_data_parallel_size == 0, (

    assert global_batch_size % micro_batch_times_data_parallel_size == 0, (
                        ^  ^  ^ ^  ^  ^^^^^^^^^^^^^^^^^^^^^^^^^^^^^^^^^^^^^^^^^^^^^^^^^^^^^^^^^^^^^^^^^^^^^^^^^^^^^^^^^^^^^^^^^^^^^^^^^^^^^^^^^^^^^^^^^^^^^^^^^^^^^^^^^^^^^^^^^^^^^^^^^^^^^^^^^^^^^^^^^^^^^
^^^^^^^^AssertionError^^: ^
global batch size (512) is not divisible by micro batch size (16) times data parallel size (64)^^

AssertionError: AssertionErrorglobal batch size (512) is not divisible by micro batch size (16) times data parallel size (64): 
global batch size (512) is not divisible by micro batch size (16) times data parallel size (64)
Traceback (most recent call last):
  File "/pscratch/sd/s/syfan/Diloco/pretrain_gpt.py", line 329, in <module>
    pretrain(
  File "/pscratch/sd/s/syfan/Diloco/megatron/training/training.py", line 598, in pretrain
    initialize_megatron(
  File "/pscratch/sd/s/syfan/Diloco/megatron/training/initialize.py", line 90, in initialize_megatron
    set_global_variables(args)
  File "/pscratch/sd/s/syfan/Diloco/megatron/training/global_vars.py", line 94, in set_global_variables
    init_num_microbatches_calculator(
  File "/pscratch/sd/s/syfan/Diloco/megatron/core/num_microbatches_calculator.py", line 90, in init_num_microbatches_calculator
    _configure_global_num_microbatches_calculator(
  File "/pscratch/sd/s/syfan/Diloco/megatron/core/num_microbatches_calculator.py", line 181, in _configure_global_num_microbatches_calculator
    _GLOBAL_NUM_MICROBATCHES_CALCULATOR = _build_num_microbatches_calculator(
                                          ^^^^^^^^^^^^^^^^^^^^^^^^^^^^^^^^^^^
  File "/pscratch/sd/s/syfan/Diloco/megatron/core/num_microbatches_calculator.py", line 220, in _build_num_microbatches_calculator
    num_microbatches_calculator = ConstantNumMicroBatchesCalculator(
                                  ^^^^^^^^^^^^^^^^^^^^^^^^^^^^^^^^^^
  File "/pscratch/sd/s/syfan/Diloco/megatron/core/num_microbatches_calculator.py", line 340, in __init__
    assert global_batch_size % micro_batch_times_data_parallel_size == 0, (
           ^^^^^^^^^^^^^^^^^^^^^^^^^^^^^^^^^^^^^^^^^^^^^^^^^^^^^^^^^^^^^
AssertionError: global batch size (512) is not divisible by micro batch size (16) times data parallel size (64)
Traceback (most recent call last):
  File "/pscratch/sd/s/syfan/Diloco/pretrain_gpt.py", line 329, in <module>
    pretrain(
  File "/pscratch/sd/s/syfan/Diloco/megatron/training/training.py", line 598, in pretrain
    initialize_megatron(
  File "/pscratch/sd/s/syfan/Diloco/megatron/training/initialize.py", line 90, in initialize_megatron
    set_global_variables(args)
  File "/pscratch/sd/s/syfan/Diloco/megatron/training/global_vars.py", line 94, in set_global_variables
    init_num_microbatches_calculator(
  File "/pscratch/sd/s/syfan/Diloco/megatron/core/num_microbatches_calculator.py", line 90, in init_num_microbatches_calculator
    _configure_global_num_microbatches_calculator(
  File "/pscratch/sd/s/syfan/Diloco/megatron/core/num_microbatches_calculator.py", line 181, in _configure_global_num_microbatches_calculator
    _GLOBAL_NUM_MICROBATCHES_CALCULATOR = _build_num_microbatches_calculator(
                                          ^^^^^^^^^^^^^^^^^^^^^^^^^^^^^^^^^^^
  File "/pscratch/sd/s/syfan/Diloco/megatron/core/num_microbatches_calculator.py", line 220, in _build_num_microbatches_calculator
    num_microbatches_calculator = ConstantNumMicroBatchesCalculator(
                                  ^^^^^^^^^^^^^^^^^^^^^^^^^^^^^^^^^^
  File "/pscratch/sd/s/syfan/Diloco/megatron/core/num_microbatches_calculator.py", line 340, in __init__
    assert global_batch_size % micro_batch_times_data_parallel_size == 0, (
W0728 13:48:09.921000 1614424 site-packages/torch/distributed/elastic/multiprocessing/api.py:897] Sending process 1614500 closing signal SIGTERM
           ^^^^^^^^^^^^^^^^^^^^^^^^^^^^^^^^^^^^^^^^^^^^^^^^^^^^^^^^^^^^^
AssertionError: global batch size (512) is not divisible by micro batch size (16) times data parallel size (64)
W0728 13:48:09.922000 1614424 site-packages/torch/distributed/elastic/multiprocessing/api.py:897] Sending process 1614502 closing signal SIGTERM
W0728 13:48:09.923000 1614424 site-packages/torch/distributed/elastic/multiprocessing/api.py:897] Sending process 1614503 closing signal SIGTERM
E0728 13:48:09.962000 1614424 site-packages/torch/distributed/elastic/multiprocessing/api.py:869] failed (exitcode: 1) local_rank: 1 (pid: 1614501) of binary: /global/common/software/nersc9/pytorch/2.6.0/bin/python3
Traceback (most recent call last):
  File "<frozen runpy>", line 198, in _run_module_as_main
  File "<frozen runpy>", line 88, in _run_code
  File "/global/common/software/nersc9/pytorch/2.6.0/lib/python3.12/site-packages/torch/distributed/run.py", line 922, in <module>
    main()
  File "/global/common/software/nersc9/pytorch/2.6.0/lib/python3.12/site-packages/torch/distributed/elastic/multiprocessing/errors/__init__.py", line 355, in wrapper
    return f(*args, **kwargs)
           ^^^^^^^^^^^^^^^^^^
  File "/global/common/software/nersc9/pytorch/2.6.0/lib/python3.12/site-packages/torch/distributed/run.py", line 918, in main
    run(args)
  File "/global/common/software/nersc9/pytorch/2.6.0/lib/python3.12/site-packages/torch/distributed/run.py", line 909, in run
    elastic_launch(
  File "/global/common/software/nersc9/pytorch/2.6.0/lib/python3.12/site-packages/torch/distributed/launcher/api.py", line 138, in __call__
    return launch_agent(self._config, self._entrypoint, list(args))
           ^^^^^^^^^^^^^^^^^^^^^^^^^^^^^^^^^^^^^^^^^^^^^^^^^^^^^^^^
  File "/global/common/software/nersc9/pytorch/2.6.0/lib/python3.12/site-packages/torch/distributed/launcher/api.py", line 269, in launch_agent
    raise ChildFailedError(
torch.distributed.elastic.multiprocessing.errors.ChildFailedError: 
============================================================
/pscratch/sd/s/syfan/Diloco/pretrain_gpt.py FAILED
------------------------------------------------------------
Failures:
  <NO_OTHER_FAILURES>
------------------------------------------------------------
Root Cause (first observed failure):
[0]:
  time      : 2025-07-28_13:48:09
  host      : nid003397-hsn0
  rank      : 45 (local_rank: 1)
  exitcode  : 1 (pid: 1614501)
  error_file: <N/A>
  traceback : To enable traceback see: https://pytorch.org/docs/stable/elastic/errors.html
============================================================
W0728 13:48:10.023000 2317416 site-packages/torch/distributed/elastic/multiprocessing/api.py:897] Sending process 2317514 closing signal SIGTERM
W0728 13:48:10.023000 515989 site-packages/torch/distributed/elastic/multiprocessing/api.py:897] Sending process 516065 closing signal SIGTERM
W0728 13:48:10.024000 515989 site-packages/torch/distributed/elastic/multiprocessing/api.py:897] Sending process 516067 closing signal SIGTERM
W0728 13:48:10.025000 2317416 site-packages/torch/distributed/elastic/multiprocessing/api.py:897] Sending process 2317515 closing signal SIGTERM
W0728 13:48:10.026000 2317416 site-packages/torch/distributed/elastic/multiprocessing/api.py:897] Sending process 2317516 closing signal SIGTERM
E0728 13:48:10.056000 515989 site-packages/torch/distributed/elastic/multiprocessing/api.py:869] failed (exitcode: 1) local_rank: 1 (pid: 516066) of binary: /global/common/software/nersc9/pytorch/2.6.0/bin/python3
Traceback (most recent call last):
  File "<frozen runpy>", line 198, in _run_module_as_main
  File "<frozen runpy>", line 88, in _run_code
  File "/global/common/software/nersc9/pytorch/2.6.0/lib/python3.12/site-packages/torch/distributed/run.py", line 922, in <module>
    main()
  File "/global/common/software/nersc9/pytorch/2.6.0/lib/python3.12/site-packages/torch/distributed/elastic/multiprocessing/errors/__init__.py", line 355, in wrapper
    return f(*args, **kwargs)
           ^^^^^^^^^^^^^^^^^^
  File "/global/common/software/nersc9/pytorch/2.6.0/lib/python3.12/site-packages/torch/distributed/run.py", line 918, in main
    run(args)
  File "/global/common/software/nersc9/pytorch/2.6.0/lib/python3.12/site-packages/torch/distributed/run.py", line 909, in run
    elastic_launch(
  File "/global/common/software/nersc9/pytorch/2.6.0/lib/python3.12/site-packages/torch/distributed/launcher/api.py", line 138, in __call__
    return launch_agent(self._config, self._entrypoint, list(args))
           ^^^^^^^^^^^^^^^^^^^^^^^^^^^^^^^^^^^^^^^^^^^^^^^^^^^^^^^^
  File "/global/common/software/nersc9/pytorch/2.6.0/lib/python3.12/site-packages/torch/distributed/launcher/api.py", line 269, in launch_agent
    raise ChildFailedError(
torch.distributed.elastic.multiprocessing.errors.ChildFailedError: 
============================================================
/pscratch/sd/s/syfan/Diloco/pretrain_gpt.py FAILED
------------------------------------------------------------
Failures:
[1]:
  time      : 2025-07-28_13:48:10
  host      : nid003797-hsn0
  rank      : 59 (local_rank: 3)
  exitcode  : 1 (pid: 516068)
  error_file: <N/A>
  traceback : To enable traceback see: https://pytorch.org/docs/stable/elastic/errors.html
------------------------------------------------------------
Root Cause (first observed failure):
[0]:
  time      : 2025-07-28_13:48:10
  host      : nid003797-hsn0
  rank      : 57 (local_rank: 1)
  exitcode  : 1 (pid: 516066)
  error_file: <N/A>
  traceback : To enable traceback see: https://pytorch.org/docs/stable/elastic/errors.html
============================================================
E0728 13:48:10.090000 2317416 site-packages/torch/distributed/elastic/multiprocessing/api.py:869] failed (exitcode: 1) local_rank: 0 (pid: 2317513) of binary: /global/common/software/nersc9/pytorch/2.6.0/bin/python3
Traceback (most recent call last):
  File "<frozen runpy>", line 198, in _run_module_as_main
  File "<frozen runpy>", line 88, in _run_code
  File "/global/common/software/nersc9/pytorch/2.6.0/lib/python3.12/site-packages/torch/distributed/run.py", line 922, in <module>
    main()
  File "/global/common/software/nersc9/pytorch/2.6.0/lib/python3.12/site-packages/torch/distributed/elastic/multiprocessing/errors/__init__.py", line 355, in wrapper
    return f(*args, **kwargs)
           ^^^^^^^^^^^^^^^^^^
  File "/global/common/software/nersc9/pytorch/2.6.0/lib/python3.12/site-packages/torch/distributed/run.py", line 918, in main
    run(args)
  File "/global/common/software/nersc9/pytorch/2.6.0/lib/python3.12/site-packages/torch/distributed/run.py", line 909, in run
    elastic_launch(
  File "/global/common/software/nersc9/pytorch/2.6.0/lib/python3.12/site-packages/torch/distributed/launcher/api.py", line 138, in __call__
    return launch_agent(self._config, self._entrypoint, list(args))
           ^^^^^^^^^^^^^^^^^^^^^^^^^^^^^^^^^^^^^^^^^^^^^^^^^^^^^^^^
  File "/global/common/software/nersc9/pytorch/2.6.0/lib/python3.12/site-packages/torch/distributed/launcher/api.py", line 269, in launch_agent
    raise ChildFailedError(
torch.distributed.elastic.multiprocessing.errors.ChildFailedError: 
============================================================
/pscratch/sd/s/syfan/Diloco/pretrain_gpt.py FAILED
------------------------------------------------------------
Failures:
  <NO_OTHER_FAILURES>
------------------------------------------------------------
Root Cause (first observed failure):
[0]:
  time      : 2025-07-28_13:48:10
  host      : nid001673-hsn0
  rank      : 32 (local_rank: 0)
  exitcode  : 1 (pid: 2317513)
  error_file: <N/A>
  traceback : To enable traceback see: https://pytorch.org/docs/stable/elastic/errors.html
============================================================
Traceback (most recent call last):
  File "/pscratch/sd/s/syfan/Diloco/pretrain_gpt.py", line 329, in <module>
    pretrain(
  File "/pscratch/sd/s/syfan/Diloco/megatron/training/training.py", line 598, in pretrain
Traceback (most recent call last):
  File "/pscratch/sd/s/syfan/Diloco/pretrain_gpt.py", line 329, in <module>
    pretrain(
  File "/pscratch/sd/s/syfan/Diloco/megatron/training/training.py", line 598, in pretrain
Traceback (most recent call last):
  File "/pscratch/sd/s/syfan/Diloco/pretrain_gpt.py", line 329, in <module>
Traceback (most recent call last):
  File "/pscratch/sd/s/syfan/Diloco/pretrain_gpt.py", line 329, in <module>
    pretrain(
  File "/pscratch/sd/s/syfan/Diloco/megatron/training/training.py", line 598, in pretrain
    pretrain(
  File "/pscratch/sd/s/syfan/Diloco/megatron/training/training.py", line 598, in pretrain
    initialize_megatron(
    initialize_megatron(
  File "/pscratch/sd/s/syfan/Diloco/megatron/training/initialize.py", line 90, in initialize_megatron
  File "/pscratch/sd/s/syfan/Diloco/megatron/training/initialize.py", line 90, in initialize_megatron
    initialize_megatron(
  File "/pscratch/sd/s/syfan/Diloco/megatron/training/initialize.py", line 90, in initialize_megatron
    initialize_megatron(
  File "/pscratch/sd/s/syfan/Diloco/megatron/training/initialize.py", line 90, in initialize_megatron
            set_global_variables(args)set_global_variables(args)set_global_variables(args)


  File "/pscratch/sd/s/syfan/Diloco/megatron/training/global_vars.py", line 94, in set_global_variables
  File "/pscratch/sd/s/syfan/Diloco/megatron/training/global_vars.py", line 94, in set_global_variables
  File "/pscratch/sd/s/syfan/Diloco/megatron/training/global_vars.py", line 94, in set_global_variables
    set_global_variables(args)
  File "/pscratch/sd/s/syfan/Diloco/megatron/training/global_vars.py", line 94, in set_global_variables
            init_num_microbatches_calculator(init_num_microbatches_calculator(init_num_microbatches_calculator(


  File "/pscratch/sd/s/syfan/Diloco/megatron/core/num_microbatches_calculator.py", line 90, in init_num_microbatches_calculator
  File "/pscratch/sd/s/syfan/Diloco/megatron/core/num_microbatches_calculator.py", line 90, in init_num_microbatches_calculator
  File "/pscratch/sd/s/syfan/Diloco/megatron/core/num_microbatches_calculator.py", line 90, in init_num_microbatches_calculator
    init_num_microbatches_calculator(
  File "/pscratch/sd/s/syfan/Diloco/megatron/core/num_microbatches_calculator.py", line 90, in init_num_microbatches_calculator
    _configure_global_num_microbatches_calculator(
          File "/pscratch/sd/s/syfan/Diloco/megatron/core/num_microbatches_calculator.py", line 181, in _configure_global_num_microbatches_calculator
_configure_global_num_microbatches_calculator(_configure_global_num_microbatches_calculator(

  File "/pscratch/sd/s/syfan/Diloco/megatron/core/num_microbatches_calculator.py", line 181, in _configure_global_num_microbatches_calculator
  File "/pscratch/sd/s/syfan/Diloco/megatron/core/num_microbatches_calculator.py", line 181, in _configure_global_num_microbatches_calculator
    _configure_global_num_microbatches_calculator(
  File "/pscratch/sd/s/syfan/Diloco/megatron/core/num_microbatches_calculator.py", line 181, in _configure_global_num_microbatches_calculator
    _GLOBAL_NUM_MICROBATCHES_CALCULATOR = _build_num_microbatches_calculator(
                                          ^^^^^^^^^^^^^^^^^^^^^^^^^^^^^^^^^^^
    _GLOBAL_NUM_MICROBATCHES_CALCULATOR = _build_num_microbatches_calculator(
  File "/pscratch/sd/s/syfan/Diloco/megatron/core/num_microbatches_calculator.py", line 220, in _build_num_microbatches_calculator
                                          ^^^^^^^^^^^^^^^^^^^^^^^^^^^^^^^^^^^
  File "/pscratch/sd/s/syfan/Diloco/megatron/core/num_microbatches_calculator.py", line 220, in _build_num_microbatches_calculator
    _GLOBAL_NUM_MICROBATCHES_CALCULATOR = _build_num_microbatches_calculator(
                                          ^^^^^^^    ^^_GLOBAL_NUM_MICROBATCHES_CALCULATOR = _build_num_microbatches_calculator(^
^^^^    ^ num_microbatches_calculator = ConstantNumMicroBatchesCalculator(^ ^
 ^ ^ ^ ^  ^  ^  ^ ^  ^  ^   ^ ^  ^  ^  ^  ^ ^  ^      
 num_microbatches_calculator = ConstantNumMicroBatchesCalculator(  
    File "/pscratch/sd/s/syfan/Diloco/megatron/core/num_microbatches_calculator.py", line 220, in _build_num_microbatches_calculator
                                                      ^  ^^ ^^ ^^ ^^^ ^^ ^^ ^^ ^^ ^^ ^^ ^^ ^^ ^^ ^^ ^^ ^^^^^^^^^^^^^^^^^^^^^^^^^^^^^^^^^^^^^^^^^^^^^^    ^^^num_microbatches_calculator = ConstantNumMicroBatchesCalculator(^
^
^^^  File "/pscratch/sd/s/syfan/Diloco/megatron/core/num_microbatches_calculator.py", line 340, in __init__
 ^^ 
^ ^ ^ ^  File "/pscratch/sd/s/syfan/Diloco/megatron/core/num_microbatches_calculator.py", line 220, in _build_num_microbatches_calculator
 ^ ^ ^ ^ ^ ^ ^ ^ ^ ^ ^ 
       File "/pscratch/sd/s/syfan/Diloco/megatron/core/num_microbatches_calculator.py", line 340, in __init__
            ^^^^^^^^^^^^^^^^^^^^^^^^^^^^^^^^^^
  File "/pscratch/sd/s/syfan/Diloco/megatron/core/num_microbatches_calculator.py", line 340, in __init__
    num_microbatches_calculator = ConstantNumMicroBatchesCalculator(
                                  ^^^^^^^^^^^^^^^^^^^^^^^^^^^^^^^^^^
  File "/pscratch/sd/s/syfan/Diloco/megatron/core/num_microbatches_calculator.py", line 340, in __init__
        assert global_batch_size % micro_batch_times_data_parallel_size == 0, (    assert global_batch_size % micro_batch_times_data_parallel_size == 0, (
assert global_batch_size % micro_batch_times_data_parallel_size == 0, (
    
assert global_batch_size % micro_batch_times_data_parallel_size == 0, (
                                        ^^ ^^^  ^^^ ^^^^^^^^^^^^^^^^^^^^^^^^^^^^^^^^^^^^^^^^^^^^^^^^^^^^^^^^^^^^^^^^^^^^^^^^^^^^^^^^^^^^^^^^^^^^^^^^^^^^^^^^^^^^^^^^^^^^^^^^^^^^^^^^^^^^^^^^^^^^^^^^^^^^^^^^^^^^^^^^^^^^^^^^^^^^^^^^^^^^^^^^^^^^^^^^^^^^^^^^^^^^^^^^^^^^^^^^^^^^^^^
^^^^^^AssertionError
^^: ^global batch size (512) is not divisible by micro batch size (16) times data parallel size (64)^AssertionError^^
: 
^global batch size (512) is not divisible by micro batch size (16) times data parallel size (64)

AssertionError: AssertionErrorglobal batch size (512) is not divisible by micro batch size (16) times data parallel size (64): 
global batch size (512) is not divisible by micro batch size (16) times data parallel size (64)
Traceback (most recent call last):
  File "/pscratch/sd/s/syfan/Diloco/pretrain_gpt.py", line 329, in <module>
    pretrain(
Traceback (most recent call last):
  File "/pscratch/sd/s/syfan/Diloco/megatron/training/training.py", line 598, in pretrain
  File "/pscratch/sd/s/syfan/Diloco/pretrain_gpt.py", line 329, in <module>
Traceback (most recent call last):
  File "/pscratch/sd/s/syfan/Diloco/pretrain_gpt.py", line 329, in <module>
    pretrain(
  File "/pscratch/sd/s/syfan/Diloco/megatron/training/training.py", line 598, in pretrain
    pretrain(
  File "/pscratch/sd/s/syfan/Diloco/megatron/training/training.py", line 598, in pretrain
Traceback (most recent call last):
  File "/pscratch/sd/s/syfan/Diloco/pretrain_gpt.py", line 329, in <module>
    pretrain(
  File "/pscratch/sd/s/syfan/Diloco/megatron/training/training.py", line 598, in pretrain
        initialize_megatron(initialize_megatron(

  File "/pscratch/sd/s/syfan/Diloco/megatron/training/initialize.py", line 90, in initialize_megatron
  File "/pscratch/sd/s/syfan/Diloco/megatron/training/initialize.py", line 90, in initialize_megatron
    initialize_megatron(
  File "/pscratch/sd/s/syfan/Diloco/megatron/training/initialize.py", line 90, in initialize_megatron
    initialize_megatron(
  File "/pscratch/sd/s/syfan/Diloco/megatron/training/initialize.py", line 90, in initialize_megatron
    set_global_variables(args)    
set_global_variables(args)
    set_global_variables(args)
  File "/pscratch/sd/s/syfan/Diloco/megatron/training/global_vars.py", line 94, in set_global_variables
  File "/pscratch/sd/s/syfan/Diloco/megatron/training/global_vars.py", line 94, in set_global_variables
  File "/pscratch/sd/s/syfan/Diloco/megatron/training/global_vars.py", line 94, in set_global_variables
    set_global_variables(args)
  File "/pscratch/sd/s/syfan/Diloco/megatron/training/global_vars.py", line 94, in set_global_variables
        init_num_microbatches_calculator(init_num_microbatches_calculator(
    
init_num_microbatches_calculator(
  File "/pscratch/sd/s/syfan/Diloco/megatron/core/num_microbatches_calculator.py", line 90, in init_num_microbatches_calculator
  File "/pscratch/sd/s/syfan/Diloco/megatron/core/num_microbatches_calculator.py", line 90, in init_num_microbatches_calculator
  File "/pscratch/sd/s/syfan/Diloco/megatron/core/num_microbatches_calculator.py", line 90, in init_num_microbatches_calculator
    init_num_microbatches_calculator(
  File "/pscratch/sd/s/syfan/Diloco/megatron/core/num_microbatches_calculator.py", line 90, in init_num_microbatches_calculator
        _configure_global_num_microbatches_calculator(_configure_global_num_microbatches_calculator(
    
_configure_global_num_microbatches_calculator(
  File "/pscratch/sd/s/syfan/Diloco/megatron/core/num_microbatches_calculator.py", line 181, in _configure_global_num_microbatches_calculator
  File "/pscratch/sd/s/syfan/Diloco/megatron/core/num_microbatches_calculator.py", line 181, in _configure_global_num_microbatches_calculator
  File "/pscratch/sd/s/syfan/Diloco/megatron/core/num_microbatches_calculator.py", line 181, in _configure_global_num_microbatches_calculator
    _configure_global_num_microbatches_calculator(
  File "/pscratch/sd/s/syfan/Diloco/megatron/core/num_microbatches_calculator.py", line 181, in _configure_global_num_microbatches_calculator
    _GLOBAL_NUM_MICROBATCHES_CALCULATOR = _build_num_microbatches_calculator(
        _GLOBAL_NUM_MICROBATCHES_CALCULATOR = _build_num_microbatches_calculator(_GLOBAL_NUM_MICROBATCHES_CALCULATOR = _build_num_microbatches_calculator(

                                                                                                                ^^^^^^^^^^ ^^^^ ^^ ^^^ ^^ ^^ ^^ ^^ ^^ ^^^ ^^ ^^ ^^ ^^ ^^^^^^^    ^^^_GLOBAL_NUM_MICROBATCHES_CALCULATOR = _build_num_microbatches_calculator(^^^
^^^^^^^^^^^ ^^^ ^^^ ^^^ ^^ ^^ ^^^ ^^ ^
^ ^
  ^  File "/pscratch/sd/s/syfan/Diloco/megatron/core/num_microbatches_calculator.py", line 220, in _build_num_microbatches_calculator
 ^  File "/pscratch/sd/s/syfan/Diloco/megatron/core/num_microbatches_calculator.py", line 220, in _build_num_microbatches_calculator
 ^ ^ ^ ^ ^ ^ ^ ^ ^^ ^ ^ ^ ^ ^ ^ ^ ^ 
       File "/pscratch/sd/s/syfan/Diloco/megatron/core/num_microbatches_calculator.py", line 220, in _build_num_microbatches_calculator
       ^^^^^^^^^^^^^^^^^^^^^^^^^^^^^^^^^^^
  File "/pscratch/sd/s/syfan/Diloco/megatron/core/num_microbatches_calculator.py", line 220, in _build_num_microbatches_calculator
    num_microbatches_calculator = ConstantNumMicroBatchesCalculator(
                                  ^^^^^^^^^^^^^^^^^^^^^^^^^^^^^^^^^^
  File "/pscratch/sd/s/syfan/Diloco/megatron/core/num_microbatches_calculator.py", line 340, in __init__
    num_microbatches_calculator = ConstantNumMicroBatchesCalculator(
                                  ^^^^^^^^^^^^^^^^^^^^^^^^^^^^^^^^^^
  File "/pscratch/sd/s/syfan/Diloco/megatron/core/num_microbatches_calculator.py", line 340, in __init__
    num_microbatches_calculator = ConstantNumMicroBatchesCalculator(
                                  ^^^^^^^^^^^^^^^^^^^^^^^^^^^^^^^^^^
  File "/pscratch/sd/s/syfan/Diloco/megatron/core/num_microbatches_calculator.py", line 340, in __init__
    num_microbatches_calculator = ConstantNumMicroBatchesCalculator(
                                  ^^^^^^^^^^^^^^^^^^^^^^^^^^^^^^^^^^
  File "/pscratch/sd/s/syfan/Diloco/megatron/core/num_microbatches_calculator.py", line 340, in __init__
    assert global_batch_size % micro_batch_times_data_parallel_size == 0, (
    assert global_batch_size % micro_batch_times_data_parallel_size == 0, (
        assert global_batch_size % micro_batch_times_data_parallel_size == 0, (assert global_batch_size % micro_batch_times_data_parallel_size == 0, (

                    ^   ^   ^ ^   ^^  ^^  ^^^ ^ ^^  ^^ ^ ^^  ^^  ^^^^^^^^^^^^^^^^^^^^^^^^^^^^^^^^^^^^^^^^^^^^^^^^^^^^^^^^^^^^^^^^^^^^^^^^^^^^^^^^^^^^^^^^^^^^^^^^^^^^^^^^^^^^^^^^^^^^^^^^^^^^^^^^^^^^^^^^^^^^^^^^^^^^^^^^^^^^^^^^^^^^^^^^^^^^^^^^^^^^^^^^^^^
^^^^^^^^^^^AssertionError^^^: ^^^global batch size (512) is not divisible by micro batch size (16) times data parallel size (64)^^^
^^^^^^^^
^^^^^^^^AssertionError

: global batch size (512) is not divisible by micro batch size (16) times data parallel size (64)
AssertionErrorAssertionError: : global batch size (512) is not divisible by micro batch size (16) times data parallel size (64)global batch size (512) is not divisible by micro batch size (16) times data parallel size (64)

Traceback (most recent call last):
  File "/pscratch/sd/s/syfan/Diloco/pretrain_gpt.py", line 329, in <module>
    pretrain(
  File "/pscratch/sd/s/syfan/Diloco/megatron/training/training.py", line 598, in pretrain
    initialize_megatron(
  File "/pscratch/sd/s/syfan/Diloco/megatron/training/initialize.py", line 90, in initialize_megatron
    set_global_variables(args)
  File "/pscratch/sd/s/syfan/Diloco/megatron/training/global_vars.py", line 94, in set_global_variables
    init_num_microbatches_calculator(
  File "/pscratch/sd/s/syfan/Diloco/megatron/core/num_microbatches_calculator.py", line 90, in init_num_microbatches_calculator
    _configure_global_num_microbatches_calculator(
  File "/pscratch/sd/s/syfan/Diloco/megatron/core/num_microbatches_calculator.py", line 181, in _configure_global_num_microbatches_calculator
    _GLOBAL_NUM_MICROBATCHES_CALCULATOR = _build_num_microbatches_calculator(
                                          ^^^^^^^^^^^^^^^^^^^^^^^^^^^^^^^^^^^
  File "/pscratch/sd/s/syfan/Diloco/megatron/core/num_microbatches_calculator.py", line 220, in _build_num_microbatches_calculator
    num_microbatches_calculator = ConstantNumMicroBatchesCalculator(
                                  ^^^^^^^^^^^^^^^^^^^^^^^^^^^^^^^^^^
  File "/pscratch/sd/s/syfan/Diloco/megatron/core/num_microbatches_calculator.py", line 340, in __init__
    assert global_batch_size % micro_batch_times_data_parallel_size == 0, (
           ^^^^^^^^^^^^^^^^^^^^^^^^^^^^^^^^^^^^^^^^^^^^^^^^^^^^^^^^^^^^^
AssertionError: global batch size (512) is not divisible by micro batch size (16) times data parallel size (64)
Traceback (most recent call last):
  File "/pscratch/sd/s/syfan/Diloco/pretrain_gpt.py", line 329, in <module>
    pretrain(
  File "/pscratch/sd/s/syfan/Diloco/megatron/training/training.py", line 598, in pretrain
    initialize_megatron(
  File "/pscratch/sd/s/syfan/Diloco/megatron/training/initialize.py", line 90, in initialize_megatron
    set_global_variables(args)
  File "/pscratch/sd/s/syfan/Diloco/megatron/training/global_vars.py", line 94, in set_global_variables
    init_num_microbatches_calculator(
  File "/pscratch/sd/s/syfan/Diloco/megatron/core/num_microbatches_calculator.py", line 90, in init_num_microbatches_calculator
    _configure_global_num_microbatches_calculator(
  File "/pscratch/sd/s/syfan/Diloco/megatron/core/num_microbatches_calculator.py", line 181, in _configure_global_num_microbatches_calculator
    _GLOBAL_NUM_MICROBATCHES_CALCULATOR = _build_num_microbatches_calculator(
                                          ^^^^^^^^^^^^^^^^^^^^^^^^^^^^^^^^^^^
  File "/pscratch/sd/s/syfan/Diloco/megatron/core/num_microbatches_calculator.py", line 220, in _build_num_microbatches_calculator
    num_microbatches_calculator = ConstantNumMicroBatchesCalculator(
                                  ^^^^^^^^^^^^^^^^^^^^^^^^^^^^^^^^^^
  File "/pscratch/sd/s/syfan/Diloco/megatron/core/num_microbatches_calculator.py", line 340, in __init__
    assert global_batch_size % micro_batch_times_data_parallel_size == 0, (
           ^^^^^^^^^^^^^^^^^^^^^^^^^^^^^^^^^^^^^^^^^^^^^^^^^^^^^^^^^^^^^
AssertionError: global batch size (512) is not divisible by micro batch size (16) times data parallel size (64)
Traceback (most recent call last):
  File "/pscratch/sd/s/syfan/Diloco/pretrain_gpt.py", line 329, in <module>
    pretrain(
  File "/pscratch/sd/s/syfan/Diloco/megatron/training/training.py", line 598, in pretrain
    initialize_megatron(
  File "/pscratch/sd/s/syfan/Diloco/megatron/training/initialize.py", line 90, in initialize_megatron
    set_global_variables(args)
  File "/pscratch/sd/s/syfan/Diloco/megatron/training/global_vars.py", line 94, in set_global_variables
    init_num_microbatches_calculator(
  File "/pscratch/sd/s/syfan/Diloco/megatron/core/num_microbatches_calculator.py", line 90, in init_num_microbatches_calculator
    _configure_global_num_microbatches_calculator(
  File "/pscratch/sd/s/syfan/Diloco/megatron/core/num_microbatches_calculator.py", line 181, in _configure_global_num_microbatches_calculator
    _GLOBAL_NUM_MICROBATCHES_CALCULATOR = _build_num_microbatches_calculator(
                                          ^^^^^^^^^^^^^^^^^^^^^^^^^^^^^^^^^^^
  File "/pscratch/sd/s/syfan/Diloco/megatron/core/num_microbatches_calculator.py", line 220, in _build_num_microbatches_calculator
    num_microbatches_calculator = ConstantNumMicroBatchesCalculator(
                                  ^^^^^^^^^^^^^^^^^^^^^^^^^^^^^^^^^^
  File "/pscratch/sd/s/syfan/Diloco/megatron/core/num_microbatches_calculator.py", line 340, in __init__
    assert global_batch_size % micro_batch_times_data_parallel_size == 0, (
           ^^^^^^^^^^^^^^^^^^^^^^^^^^^^^^^^^^^^^^^^^^^^^^^^^^^^^^^^^^^^^
AssertionError: global batch size (512) is not divisible by micro batch size (16) times data parallel size (64)
Traceback (most recent call last):
  File "/pscratch/sd/s/syfan/Diloco/pretrain_gpt.py", line 329, in <module>
    pretrain(
  File "/pscratch/sd/s/syfan/Diloco/megatron/training/training.py", line 598, in pretrain
    initialize_megatron(
  File "/pscratch/sd/s/syfan/Diloco/megatron/training/initialize.py", line 90, in initialize_megatron
    set_global_variables(args)
  File "/pscratch/sd/s/syfan/Diloco/megatron/training/global_vars.py", line 94, in set_global_variables
    init_num_microbatches_calculator(
  File "/pscratch/sd/s/syfan/Diloco/megatron/core/num_microbatches_calculator.py", line 90, in init_num_microbatches_calculator
    _configure_global_num_microbatches_calculator(
  File "/pscratch/sd/s/syfan/Diloco/megatron/core/num_microbatches_calculator.py", line 181, in _configure_global_num_microbatches_calculator
    _GLOBAL_NUM_MICROBATCHES_CALCULATOR = _build_num_microbatches_calculator(
                                          ^^^^^^^^^^^^^^^^^^^^^^^^^^^^^^^^^^^
  File "/pscratch/sd/s/syfan/Diloco/megatron/core/num_microbatches_calculator.py", line 220, in _build_num_microbatches_calculator
    num_microbatches_calculator = ConstantNumMicroBatchesCalculator(
                                  ^^^^^^^^^^^^^^^^^^^^^^^^^^^^^^^^^^
  File "/pscratch/sd/s/syfan/Diloco/megatron/core/num_microbatches_calculator.py", line 340, in __init__
    assert global_batch_size % micro_batch_times_data_parallel_size == 0, (
           ^^^^^^^^^^^^^^^^^^^^^^^^^^^^^^^^^^^^^^^^^^^^^^^^^^^^^^^^^^^^^
AssertionError: global batch size (512) is not divisible by micro batch size (16) times data parallel size (64)
W0728 13:48:10.621000 760618 site-packages/torch/distributed/elastic/multiprocessing/api.py:897] Sending process 760698 closing signal SIGTERM
W0728 13:48:10.623000 760618 site-packages/torch/distributed/elastic/multiprocessing/api.py:897] Sending process 760701 closing signal SIGTERM
W0728 13:48:10.624000 1376840 site-packages/torch/distributed/elastic/multiprocessing/api.py:897] Sending process 1376938 closing signal SIGTERM
E0728 13:48:10.640000 1376840 site-packages/torch/distributed/elastic/multiprocessing/api.py:869] failed (exitcode: 1) local_rank: 1 (pid: 1376939) of binary: /global/common/software/nersc9/pytorch/2.6.0/bin/python3
E0728 13:48:10.656000 760618 site-packages/torch/distributed/elastic/multiprocessing/api.py:869] failed (exitcode: 1) local_rank: 1 (pid: 760699) of binary: /global/common/software/nersc9/pytorch/2.6.0/bin/python3
Traceback (most recent call last):
  File "<frozen runpy>", line 198, in _run_module_as_main
  File "<frozen runpy>", line 88, in _run_code
  File "/global/common/software/nersc9/pytorch/2.6.0/lib/python3.12/site-packages/torch/distributed/run.py", line 922, in <module>
    main()
  File "/global/common/software/nersc9/pytorch/2.6.0/lib/python3.12/site-packages/torch/distributed/elastic/multiprocessing/errors/__init__.py", line 355, in wrapper
    return f(*args, **kwargs)
           ^^^^^^^^^^^^^^^^^^
  File "/global/common/software/nersc9/pytorch/2.6.0/lib/python3.12/site-packages/torch/distributed/run.py", line 918, in main
    run(args)
  File "/global/common/software/nersc9/pytorch/2.6.0/lib/python3.12/site-packages/torch/distributed/run.py", line 909, in run
    elastic_launch(
  File "/global/common/software/nersc9/pytorch/2.6.0/lib/python3.12/site-packages/torch/distributed/launcher/api.py", line 138, in __call__
    return launch_agent(self._config, self._entrypoint, list(args))
           ^^^^^^^^^^^^^^^^^^^^^^^^^^^^^^^^^^^^^^^^^^^^^^^^^^^^^^^^
  File "/global/common/software/nersc9/pytorch/2.6.0/lib/python3.12/site-packages/torch/distributed/launcher/api.py", line 269, in launch_agent
    raise ChildFailedError(
torch.distributed.elastic.multiprocessing.errors.ChildFailedError: 
============================================================
/pscratch/sd/s/syfan/Diloco/pretrain_gpt.py FAILED
------------------------------------------------------------
Failures:
[1]:
  time      : 2025-07-28_13:48:10
  host      : nid003800-hsn0
  rank      : 62 (local_rank: 2)
  exitcode  : 1 (pid: 1376940)
  error_file: <N/A>
  traceback : To enable traceback see: https://pytorch.org/docs/stable/elastic/errors.html
[2]:
  time      : 2025-07-28_13:48:10
  host      : nid003800-hsn0
  rank      : 63 (local_rank: 3)
  exitcode  : 1 (pid: 1376941)
  error_file: <N/A>
  traceback : To enable traceback see: https://pytorch.org/docs/stable/elastic/errors.html
------------------------------------------------------------
Root Cause (first observed failure):
[0]:
  time      : 2025-07-28_13:48:10
  host      : nid003800-hsn0
  rank      : 61 (local_rank: 1)
  exitcode  : 1 (pid: 1376939)
  error_file: <N/A>
  traceback : To enable traceback see: https://pytorch.org/docs/stable/elastic/errors.html
============================================================
Traceback (most recent call last):
  File "<frozen runpy>", line 198, in _run_module_as_main
  File "<frozen runpy>", line 88, in _run_code
  File "/global/common/software/nersc9/pytorch/2.6.0/lib/python3.12/site-packages/torch/distributed/run.py", line 922, in <module>
    main()
  File "/global/common/software/nersc9/pytorch/2.6.0/lib/python3.12/site-packages/torch/distributed/elastic/multiprocessing/errors/__init__.py", line 355, in wrapper
    return f(*args, **kwargs)
           ^^^^^^^^^^^^^^^^^^
  File "/global/common/software/nersc9/pytorch/2.6.0/lib/python3.12/site-packages/torch/distributed/run.py", line 918, in main
    run(args)
  File "/global/common/software/nersc9/pytorch/2.6.0/lib/python3.12/site-packages/torch/distributed/run.py", line 909, in run
    elastic_launch(
  File "/global/common/software/nersc9/pytorch/2.6.0/lib/python3.12/site-packages/torch/distributed/launcher/api.py", line 138, in __call__
    return launch_agent(self._config, self._entrypoint, list(args))
           ^^^^^^^^^^^^^^^^^^^^^^^^^^^^^^^^^^^^^^^^^^^^^^^^^^^^^^^^
  File "/global/common/software/nersc9/pytorch/2.6.0/lib/python3.12/site-packages/torch/distributed/launcher/api.py", line 269, in launch_agent
    raise ChildFailedError(
torch.distributed.elastic.multiprocessing.errors.ChildFailedError: 
============================================================
/pscratch/sd/s/syfan/Diloco/pretrain_gpt.py FAILED
------------------------------------------------------------
Failures:
  <NO_OTHER_FAILURES>
------------------------------------------------------------
Root Cause (first observed failure):
[0]:
  time      : 2025-07-28_13:48:10
  host      : nid001561-hsn0
  rank      : 21 (local_rank: 1)
  exitcode  : 1 (pid: 760699)
  error_file: <N/A>
  traceback : To enable traceback see: https://pytorch.org/docs/stable/elastic/errors.html
============================================================
W0728 13:48:10.725000 123858 site-packages/torch/distributed/elastic/multiprocessing/api.py:897] Sending process 123936 closing signal SIGTERM
E0728 13:48:10.727000 123858 site-packages/torch/distributed/elastic/multiprocessing/api.py:869] failed (exitcode: 1) local_rank: 0 (pid: 123934) of binary: /global/common/software/nersc9/pytorch/2.6.0/bin/python3
Traceback (most recent call last):
  File "<frozen runpy>", line 198, in _run_module_as_main
  File "<frozen runpy>", line 88, in _run_code
  File "/global/common/software/nersc9/pytorch/2.6.0/lib/python3.12/site-packages/torch/distributed/run.py", line 922, in <module>
    main()
  File "/global/common/software/nersc9/pytorch/2.6.0/lib/python3.12/site-packages/torch/distributed/elastic/multiprocessing/errors/__init__.py", line 355, in wrapper
    return f(*args, **kwargs)
           ^^^^^^^^^^^^^^^^^^
  File "/global/common/software/nersc9/pytorch/2.6.0/lib/python3.12/site-packages/torch/distributed/run.py", line 918, in main
    run(args)
  File "/global/common/software/nersc9/pytorch/2.6.0/lib/python3.12/site-packages/torch/distributed/run.py", line 909, in run
    elastic_launch(
  File "/global/common/software/nersc9/pytorch/2.6.0/lib/python3.12/site-packages/torch/distributed/launcher/api.py", line 138, in __call__
    return launch_agent(self._config, self._entrypoint, list(args))
           ^^^^^^^^^^^^^^^^^^^^^^^^^^^^^^^^^^^^^^^^^^^^^^^^^^^^^^^^
  File "/global/common/software/nersc9/pytorch/2.6.0/lib/python3.12/site-packages/torch/distributed/launcher/api.py", line 269, in launch_agent
    raise ChildFailedError(
torch.distributed.elastic.multiprocessing.errors.ChildFailedError: 
============================================================
/pscratch/sd/s/syfan/Diloco/pretrain_gpt.py FAILED
------------------------------------------------------------
Failures:
[1]:
  time      : 2025-07-28_13:48:10
  host      : nid001661-hsn0
  rank      : 29 (local_rank: 1)
  exitcode  : 1 (pid: 123935)
  error_file: <N/A>
  traceback : To enable traceback see: https://pytorch.org/docs/stable/elastic/errors.html
[2]:
  time      : 2025-07-28_13:48:10
  host      : nid001661-hsn0
  rank      : 31 (local_rank: 3)
  exitcode  : 1 (pid: 123937)
  error_file: <N/A>
  traceback : To enable traceback see: https://pytorch.org/docs/stable/elastic/errors.html
------------------------------------------------------------
Root Cause (first observed failure):
[0]:
  time      : 2025-07-28_13:48:10
  host      : nid001661-hsn0
  rank      : 28 (local_rank: 0)
  exitcode  : 1 (pid: 123934)
  error_file: <N/A>
  traceback : To enable traceback see: https://pytorch.org/docs/stable/elastic/errors.html
============================================================
W0728 13:48:10.819000 420565 site-packages/torch/distributed/elastic/multiprocessing/api.py:897] Sending process 420669 closing signal SIGTERM
W0728 13:48:10.820000 420565 site-packages/torch/distributed/elastic/multiprocessing/api.py:897] Sending process 420671 closing signal SIGTERM
E0728 13:48:10.820000 2094401 site-packages/torch/distributed/elastic/multiprocessing/api.py:869] failed (exitcode: 1) local_rank: 0 (pid: 2094499) of binary: /global/common/software/nersc9/pytorch/2.6.0/bin/python3
E0728 13:48:10.823000 398638 site-packages/torch/distributed/elastic/multiprocessing/api.py:869] failed (exitcode: 1) local_rank: 0 (pid: 398713) of binary: /global/common/software/nersc9/pytorch/2.6.0/bin/python3
Traceback (most recent call last):
  File "<frozen runpy>", line 198, in _run_module_as_main
  File "<frozen runpy>", line 88, in _run_code
  File "/global/common/software/nersc9/pytorch/2.6.0/lib/python3.12/site-packages/torch/distributed/run.py", line 922, in <module>
    main()
  File "/global/common/software/nersc9/pytorch/2.6.0/lib/python3.12/site-packages/torch/distributed/elastic/multiprocessing/errors/__init__.py", line 355, in wrapper
    return f(*args, **kwargs)
           ^^^^^^^^^^^^^^^^^^
  File "/global/common/software/nersc9/pytorch/2.6.0/lib/python3.12/site-packages/torch/distributed/run.py", line 918, in main
    run(args)
  File "/global/common/software/nersc9/pytorch/2.6.0/lib/python3.12/site-packages/torch/distributed/run.py", line 909, in run
    elastic_launch(
  File "/global/common/software/nersc9/pytorch/2.6.0/lib/python3.12/site-packages/torch/distributed/launcher/api.py", line 138, in __call__
    return launch_agent(self._config, self._entrypoint, list(args))
           ^^^^^^^^^^^^^^^^^^^^^^^^^^^^^^^^^^^^^^^^^^^^^^^^^^^^^^^^
  File "/global/common/software/nersc9/pytorch/2.6.0/lib/python3.12/site-packages/torch/distributed/launcher/api.py", line 269, in launch_agent
    raise ChildFailedError(
torch.distributed.elastic.multiprocessing.errors.ChildFailedError: 
============================================================
/pscratch/sd/s/syfan/Diloco/pretrain_gpt.py FAILED
------------------------------------------------------------
Failures:
[1]:
  time      : 2025-07-28_13:48:10
  host      : nid001353-hsn0
  rank      : 5 (local_rank: 1)
  exitcode  : 1 (pid: 398714)
  error_file: <N/A>
  traceback : To enable traceback see: https://pytorch.org/docs/stable/elastic/errors.html
[2]:
  time      : 2025-07-28_13:48:10
  host      : nid001353-hsn0
  rank      : 6 (local_rank: 2)
  exitcode  : 1 (pid: 398715)
  error_file: <N/A>
  traceback : To enable traceback see: https://pytorch.org/docs/stable/elastic/errors.html
[3]:
  time      : 2025-07-28_13:48:10
  host      : nid001353-hsn0
  rank      : 7 (local_rank: 3)
  exitcode  : 1 (pid: 398716)
  error_file: <N/A>
  traceback : To enable traceback see: https://pytorch.org/docs/stable/elastic/errors.html
------------------------------------------------------------
Root Cause (first observed failure):
[0]:
  time      : 2025-07-28_13:48:10
  host      : nid001353-hsn0
  rank      : 4 (local_rank: 0)
  exitcode  : 1 (pid: 398713)
  error_file: <N/A>
  traceback : To enable traceback see: https://pytorch.org/docs/stable/elastic/errors.html
============================================================
Traceback (most recent call last):
  File "<frozen runpy>", line 198, in _run_module_as_main
  File "<frozen runpy>", line 88, in _run_code
  File "/global/common/software/nersc9/pytorch/2.6.0/lib/python3.12/site-packages/torch/distributed/run.py", line 922, in <module>
    main()
  File "/global/common/software/nersc9/pytorch/2.6.0/lib/python3.12/site-packages/torch/distributed/elastic/multiprocessing/errors/__init__.py", line 355, in wrapper
    return f(*args, **kwargs)
           ^^^^^^^^^^^^^^^^^^
  File "/global/common/software/nersc9/pytorch/2.6.0/lib/python3.12/site-packages/torch/distributed/run.py", line 918, in main
    run(args)
  File "/global/common/software/nersc9/pytorch/2.6.0/lib/python3.12/site-packages/torch/distributed/run.py", line 909, in run
    elastic_launch(
  File "/global/common/software/nersc9/pytorch/2.6.0/lib/python3.12/site-packages/torch/distributed/launcher/api.py", line 138, in __call__
    return launch_agent(self._config, self._entrypoint, list(args))
           ^^^^^^^^^^^^^^^^^^^^^^^^^^^^^^^^^^^^^^^^^^^^^^^^^^^^^^^^
  File "/global/common/software/nersc9/pytorch/2.6.0/lib/python3.12/site-packages/torch/distributed/launcher/api.py", line 269, in launch_agent
    raise ChildFailedError(
torch.distributed.elastic.multiprocessing.errors.ChildFailedError: 
============================================================
/pscratch/sd/s/syfan/Diloco/pretrain_gpt.py FAILED
------------------------------------------------------------
Failures:
[1]:
  time      : 2025-07-28_13:48:10
  host      : nid001429-hsn0
  rank      : 13 (local_rank: 1)
  exitcode  : 1 (pid: 2094500)
  error_file: <N/A>
  traceback : To enable traceback see: https://pytorch.org/docs/stable/elastic/errors.html
[2]:
  time      : 2025-07-28_13:48:10
  host      : nid001429-hsn0
  rank      : 14 (local_rank: 2)
  exitcode  : 1 (pid: 2094501)
  error_file: <N/A>
  traceback : To enable traceback see: https://pytorch.org/docs/stable/elastic/errors.html
[3]:
  time      : 2025-07-28_13:48:10
  host      : nid001429-hsn0
  rank      : 15 (local_rank: 3)
  exitcode  : 1 (pid: 2094502)
  error_file: <N/A>
  traceback : To enable traceback see: https://pytorch.org/docs/stable/elastic/errors.html
------------------------------------------------------------
Root Cause (first observed failure):
[0]:
  time      : 2025-07-28_13:48:10
  host      : nid001429-hsn0
  rank      : 12 (local_rank: 0)
  exitcode  : 1 (pid: 2094499)
  error_file: <N/A>
  traceback : To enable traceback see: https://pytorch.org/docs/stable/elastic/errors.html
============================================================
E0728 13:48:10.884000 420565 site-packages/torch/distributed/elastic/multiprocessing/api.py:869] failed (exitcode: 1) local_rank: 1 (pid: 420670) of binary: /global/common/software/nersc9/pytorch/2.6.0/bin/python3
Traceback (most recent call last):
  File "<frozen runpy>", line 198, in _run_module_as_main
  File "<frozen runpy>", line 88, in _run_code
  File "/global/common/software/nersc9/pytorch/2.6.0/lib/python3.12/site-packages/torch/distributed/run.py", line 922, in <module>
    main()
  File "/global/common/software/nersc9/pytorch/2.6.0/lib/python3.12/site-packages/torch/distributed/elastic/multiprocessing/errors/__init__.py", line 355, in wrapper
    return f(*args, **kwargs)
           ^^^^^^^^^^^^^^^^^^
  File "/global/common/software/nersc9/pytorch/2.6.0/lib/python3.12/site-packages/torch/distributed/run.py", line 918, in main
    run(args)
  File "/global/common/software/nersc9/pytorch/2.6.0/lib/python3.12/site-packages/torch/distributed/run.py", line 909, in run
    elastic_launch(
  File "/global/common/software/nersc9/pytorch/2.6.0/lib/python3.12/site-packages/torch/distributed/launcher/api.py", line 138, in __call__
    return launch_agent(self._config, self._entrypoint, list(args))
           ^^^^^^^^^^^^^^^^^^^^^^^^^^^^^^^^^^^^^^^^^^^^^^^^^^^^^^^^
  File "/global/common/software/nersc9/pytorch/2.6.0/lib/python3.12/site-packages/torch/distributed/launcher/api.py", line 269, in launch_agent
    raise ChildFailedError(
torch.distributed.elastic.multiprocessing.errors.ChildFailedError: 
============================================================
/pscratch/sd/s/syfan/Diloco/pretrain_gpt.py FAILED
------------------------------------------------------------
Failures:
[1]:
  time      : 2025-07-28_13:48:10
  host      : nid001261-hsn0
  rank      : 3 (local_rank: 3)
  exitcode  : 1 (pid: 420672)
  error_file: <N/A>
  traceback : To enable traceback see: https://pytorch.org/docs/stable/elastic/errors.html
------------------------------------------------------------
Root Cause (first observed failure):
[0]:
  time      : 2025-07-28_13:48:10
  host      : nid001261-hsn0
  rank      : 1 (local_rank: 1)
  exitcode  : 1 (pid: 420670)
  error_file: <N/A>
  traceback : To enable traceback see: https://pytorch.org/docs/stable/elastic/errors.html
============================================================
E0728 13:48:10.921000 1863052 site-packages/torch/distributed/elastic/multiprocessing/api.py:869] failed (exitcode: 1) local_rank: 0 (pid: 1863151) of binary: /global/common/software/nersc9/pytorch/2.6.0/bin/python3
Traceback (most recent call last):
  File "<frozen runpy>", line 198, in _run_module_as_main
  File "<frozen runpy>", line 88, in _run_code
  File "/global/common/software/nersc9/pytorch/2.6.0/lib/python3.12/site-packages/torch/distributed/run.py", line 922, in <module>
    main()
  File "/global/common/software/nersc9/pytorch/2.6.0/lib/python3.12/site-packages/torch/distributed/elastic/multiprocessing/errors/__init__.py", line 355, in wrapper
    return f(*args, **kwargs)
           ^^^^^^^^^^^^^^^^^^
  File "/global/common/software/nersc9/pytorch/2.6.0/lib/python3.12/site-packages/torch/distributed/run.py", line 918, in main
    run(args)
  File "/global/common/software/nersc9/pytorch/2.6.0/lib/python3.12/site-packages/torch/distributed/run.py", line 909, in run
    elastic_launch(
  File "/global/common/software/nersc9/pytorch/2.6.0/lib/python3.12/site-packages/torch/distributed/launcher/api.py", line 138, in __call__
    return launch_agent(self._config, self._entrypoint, list(args))
           ^^^^^^^^^^^^^^^^^^^^^^^^^^^^^^^^^^^^^^^^^^^^^^^^^^^^^^^^
  File "/global/common/software/nersc9/pytorch/2.6.0/lib/python3.12/site-packages/torch/distributed/launcher/api.py", line 269, in launch_agent
    raise ChildFailedError(
torch.distributed.elastic.multiprocessing.errors.ChildFailedError: 
============================================================
/pscratch/sd/s/syfan/Diloco/pretrain_gpt.py FAILED
------------------------------------------------------------
Failures:
[1]:
  time      : 2025-07-28_13:48:10
  host      : nid001485-hsn0
  rank      : 17 (local_rank: 1)
  exitcode  : 1 (pid: 1863152)
  error_file: <N/A>
  traceback : To enable traceback see: https://pytorch.org/docs/stable/elastic/errors.html
[2]:
  time      : 2025-07-28_13:48:10
  host      : nid001485-hsn0
  rank      : 18 (local_rank: 2)
  exitcode  : 1 (pid: 1863153)
  error_file: <N/A>
  traceback : To enable traceback see: https://pytorch.org/docs/stable/elastic/errors.html
[3]:
  time      : 2025-07-28_13:48:10
  host      : nid001485-hsn0
  rank      : 19 (local_rank: 3)
  exitcode  : 1 (pid: 1863154)
  error_file: <N/A>
  traceback : To enable traceback see: https://pytorch.org/docs/stable/elastic/errors.html
------------------------------------------------------------
Root Cause (first observed failure):
[0]:
  time      : 2025-07-28_13:48:10
  host      : nid001485-hsn0
  rank      : 16 (local_rank: 0)
  exitcode  : 1 (pid: 1863151)
  error_file: <N/A>
  traceback : To enable traceback see: https://pytorch.org/docs/stable/elastic/errors.html
============================================================
E0728 13:48:11.023000 386683 site-packages/torch/distributed/elastic/multiprocessing/api.py:869] failed (exitcode: 1) local_rank: 0 (pid: 386781) of binary: /global/common/software/nersc9/pytorch/2.6.0/bin/python3
Traceback (most recent call last):
  File "<frozen runpy>", line 198, in _run_module_as_main
  File "<frozen runpy>", line 88, in _run_code
  File "/global/common/software/nersc9/pytorch/2.6.0/lib/python3.12/site-packages/torch/distributed/run.py", line 922, in <module>
    main()
  File "/global/common/software/nersc9/pytorch/2.6.0/lib/python3.12/site-packages/torch/distributed/elastic/multiprocessing/errors/__init__.py", line 355, in wrapper
    return f(*args, **kwargs)
           ^^^^^^^^^^^^^^^^^^
  File "/global/common/software/nersc9/pytorch/2.6.0/lib/python3.12/site-packages/torch/distributed/run.py", line 918, in main
    run(args)
  File "/global/common/software/nersc9/pytorch/2.6.0/lib/python3.12/site-packages/torch/distributed/run.py", line 909, in run
    elastic_launch(
  File "/global/common/software/nersc9/pytorch/2.6.0/lib/python3.12/site-packages/torch/distributed/launcher/api.py", line 138, in __call__
    return launch_agent(self._config, self._entrypoint, list(args))
           ^^^^^^^^^^^^^^^^^^^^^^^^^^^^^^^^^^^^^^^^^^^^^^^^^^^^^^^^
  File "/global/common/software/nersc9/pytorch/2.6.0/lib/python3.12/site-packages/torch/distributed/launcher/api.py", line 269, in launch_agent
    raise ChildFailedError(
torch.distributed.elastic.multiprocessing.errors.ChildFailedError: 
============================================================
/pscratch/sd/s/syfan/Diloco/pretrain_gpt.py FAILED
------------------------------------------------------------
Failures:
[1]:
  time      : 2025-07-28_13:48:11
  host      : nid001920-hsn0
  rank      : 41 (local_rank: 1)
  exitcode  : 1 (pid: 386782)
  error_file: <N/A>
  traceback : To enable traceback see: https://pytorch.org/docs/stable/elastic/errors.html
[2]:
  time      : 2025-07-28_13:48:11
  host      : nid001920-hsn0
  rank      : 42 (local_rank: 2)
  exitcode  : 1 (pid: 386783)
  error_file: <N/A>
  traceback : To enable traceback see: https://pytorch.org/docs/stable/elastic/errors.html
[3]:
  time      : 2025-07-28_13:48:11
  host      : nid001920-hsn0
  rank      : 43 (local_rank: 3)
  exitcode  : 1 (pid: 386784)
  error_file: <N/A>
  traceback : To enable traceback see: https://pytorch.org/docs/stable/elastic/errors.html
------------------------------------------------------------
Root Cause (first observed failure):
[0]:
  time      : 2025-07-28_13:48:11
  host      : nid001920-hsn0
  rank      : 40 (local_rank: 0)
  exitcode  : 1 (pid: 386781)
  error_file: <N/A>
  traceback : To enable traceback see: https://pytorch.org/docs/stable/elastic/errors.html
============================================================
W0728 13:48:11.222000 1865591 site-packages/torch/distributed/elastic/multiprocessing/api.py:897] Sending process 1865669 closing signal SIGTERM
W0728 13:48:11.223000 1865591 site-packages/torch/distributed/elastic/multiprocessing/api.py:897] Sending process 1865670 closing signal SIGTERM
W0728 13:48:11.224000 1865591 site-packages/torch/distributed/elastic/multiprocessing/api.py:897] Sending process 1865672 closing signal SIGTERM
E0728 13:48:11.319000 1865591 site-packages/torch/distributed/elastic/multiprocessing/api.py:869] failed (exitcode: 1) local_rank: 2 (pid: 1865671) of binary: /global/common/software/nersc9/pytorch/2.6.0/bin/python3
srun: error: nid003397: task 11: Exited with exit code 1
srun: Terminating StepId=41133309.0
Traceback (most recent call last):
  File "<frozen runpy>", line 198, in _run_module_as_main
  File "<frozen runpy>", line 88, in _run_code
  File "/global/common/software/nersc9/pytorch/2.6.0/lib/python3.12/site-packages/torch/distributed/run.py", line 922, in <module>
    main()
  File "/global/common/software/nersc9/pytorch/2.6.0/lib/python3.12/site-packages/torch/distributed/elastic/multiprocessing/errors/__init__.py", line 355, in wrapper
    return f(*args, **kwargs)
           ^^^^^^^^^^^^^^^^^^
  File "/global/common/software/nersc9/pytorch/2.6.0/lib/python3.12/site-packages/torch/distributed/run.py", line 918, in main
    run(args)
  File "/global/common/software/nersc9/pytorch/2.6.0/lib/python3.12/site-packages/torch/distributed/run.py", line 909, in run
    elastic_launch(
  File "/global/common/software/nersc9/pytorch/2.6.0/lib/python3.12/site-packages/torch/distributed/launcher/api.py", line 138, in __call__
    return launch_agent(self._config, self._entrypoint, list(args))
           ^^^^^^^^^^^^^^^^^^^^^^^^^^^^^^^^^^^^^^^^^^^^^^^^^^^^^^^^
  File "/global/common/software/nersc9/pytorch/2.6.0/lib/python3.12/site-packages/torch/distributed/launcher/api.py", line 269, in launch_agent
    raise ChildFailedError(
torch.distributed.elastic.multiprocessing.errors.ChildFailedError: 
============================================================
/pscratch/sd/s/syfan/Diloco/pretrain_gpt.py FAILED
------------------------------------------------------------
Failures:
  <NO_OTHER_FAILURES>
------------------------------------------------------------
Root Cause (first observed failure):
[0]:
  time      : 2025-07-28_13:48:11
  host      : nid003401-hsn0
  rank      : 54 (local_rank: 2)
  exitcode  : 1 (pid: 1865671)
  error_file: <N/A>
  traceback : To enable traceback see: https://pytorch.org/docs/stable/elastic/errors.html
============================================================
W0728 13:48:11.430000 2323962 site-packages/torch/distributed/elastic/multiprocessing/api.py:897] Sending process 2324058 closing signal SIGTERM
W0728 13:48:11.431000 2323962 site-packages/torch/distributed/elastic/multiprocessing/api.py:897] Sending process 2324060 closing signal SIGTERM
E0728 13:48:11.494000 2323962 site-packages/torch/distributed/elastic/multiprocessing/api.py:869] failed (exitcode: 1) local_rank: 1 (pid: 2324059) of binary: /global/common/software/nersc9/pytorch/2.6.0/bin/python3
Traceback (most recent call last):
  File "<frozen runpy>", line 198, in _run_module_as_main
  File "<frozen runpy>", line 88, in _run_code
  File "/global/common/software/nersc9/pytorch/2.6.0/lib/python3.12/site-packages/torch/distributed/run.py", line 922, in <module>
    main()
  File "/global/common/software/nersc9/pytorch/2.6.0/lib/python3.12/site-packages/torch/distributed/elastic/multiprocessing/errors/__init__.py", line 355, in wrapper
    return f(*args, **kwargs)
           ^^^^^^^^^^^^^^^^^^
  File "/global/common/software/nersc9/pytorch/2.6.0/lib/python3.12/site-packages/torch/distributed/run.py", line 918, in main
    run(args)
  File "/global/common/software/nersc9/pytorch/2.6.0/lib/python3.12/site-packages/torch/distributed/run.py", line 909, in run
    elastic_launch(
  File "/global/common/software/nersc9/pytorch/2.6.0/lib/python3.12/site-packages/torch/distributed/launcher/api.py", line 138, in __call__
    return launch_agent(self._config, self._entrypoint, list(args))
           ^^^^^^^^^^^^^^^^^^^^^^^^^^^^^^^^^^^^^^^^^^^^^^^^^^^^^^^^
  File "/global/common/software/nersc9/pytorch/2.6.0/lib/python3.12/site-packages/torch/distributed/launcher/api.py", line 269, in launch_agent
    raise ChildFailedError(
torch.distributed.elastic.multiprocessing.errors.ChildFailedError: 
============================================================
/pscratch/sd/s/syfan/Diloco/pretrain_gpt.py FAILED
------------------------------------------------------------
Failures:
[1]:
  time      : 2025-07-28_13:48:11
  host      : nid001417-hsn0
  rank      : 11 (local_rank: 3)
  exitcode  : 1 (pid: 2324061)
  error_file: <N/A>
  traceback : To enable traceback see: https://pytorch.org/docs/stable/elastic/errors.html
------------------------------------------------------------
Root Cause (first observed failure):
[0]:
  time      : 2025-07-28_13:48:11
  host      : nid001417-hsn0
  rank      : 9 (local_rank: 1)
  exitcode  : 1 (pid: 2324059)
  error_file: <N/A>
  traceback : To enable traceback see: https://pytorch.org/docs/stable/elastic/errors.html
============================================================
W0728 13:48:11.522000 512527 site-packages/torch/distributed/elastic/multiprocessing/api.py:897] Sending process 512607 closing signal SIGTERM
E0728 13:48:11.538000 512527 site-packages/torch/distributed/elastic/multiprocessing/api.py:869] failed (exitcode: 1) local_rank: 0 (pid: 512604) of binary: /global/common/software/nersc9/pytorch/2.6.0/bin/python3
W0728 13:48:11.576000 512527 site-packages/torch/distributed/elastic/rendezvous/dynamic_rendezvous.py:1284] The node 'nid003400-hsn0_512527_0' has failed to shutdown the rendezvous '41133309' due to an error of type RendezvousConnectionError.
[W728 13:48:11.926632802 TCPStore.cpp:106] [c10d] sendBytes failed on SocketImpl(fd=4, addr=[nid003400-hsn0]:35832, remote=[nid001261-hsn0]:29500): Broken pipe
Exception raised from sendBytes at /mscratch/sd/s/swowner/pytorch-build/pytorch/2.6.0/pytorch/torch/csrc/distributed/c10d/Utils.hpp:646 (most recent call first):
frame #0: c10::Error::Error(c10::SourceLocation, std::__cxx11::basic_string<char, std::char_traits<char>, std::allocator<char> >) + 0x80 (0x7fabb06d2560 in /global/common/software/nersc9/pytorch/2.6.0/lib/python3.12/site-packages/torch/lib/libc10.so)
frame #1: <unknown function> + 0x578cd55 (0x7faba7a70d55 in /global/common/software/nersc9/pytorch/2.6.0/lib/python3.12/site-packages/torch/lib/libtorch_cpu.so)
frame #2: <unknown function> + 0x578f01c (0x7faba7a7301c in /global/common/software/nersc9/pytorch/2.6.0/lib/python3.12/site-packages/torch/lib/libtorch_cpu.so)
frame #3: c10d::TCPStore::doWait(c10::ArrayRef<std::__cxx11::basic_string<char, std::char_traits<char>, std::allocator<char> > >, std::chrono::duration<long, std::ratio<1l, 1000l> >) + 0x1be (0x7faba7a6d22e in /global/common/software/nersc9/pytorch/2.6.0/lib/python3.12/site-packages/torch/lib/libtorch_cpu.so)
frame #4: c10d::TCPStore::doGet(std::__cxx11::basic_string<char, std::char_traits<char>, std::allocator<char> > const&) + 0x33 (0x7faba7a6d813 in /global/common/software/nersc9/pytorch/2.6.0/lib/python3.12/site-packages/torch/lib/libtorch_cpu.so)
frame #5: c10d::TCPStore::get(std::__cxx11::basic_string<char, std::char_traits<char>, std::allocator<char> > const&) + 0x114 (0x7faba7a6ea24 in /global/common/software/nersc9/pytorch/2.6.0/lib/python3.12/site-packages/torch/lib/libtorch_cpu.so)
frame #6: <unknown function> + 0xcbb195 (0x7fabaf62d195 in /global/common/software/nersc9/pytorch/2.6.0/lib/python3.12/site-packages/torch/lib/libtorch_python.so)
frame #7: <unknown function> + 0x43f34d (0x7fabaedb134d in /global/common/software/nersc9/pytorch/2.6.0/lib/python3.12/site-packages/torch/lib/libtorch_python.so)
frame #8: <unknown function> + 0x224988 (0x559d1d501988 in /global/common/software/nersc9/pytorch/2.6.0/bin/python3)
frame #9: _PyObject_MakeTpCall + 0x2c3 (0x559d1d4e1c53 in /global/common/software/nersc9/pytorch/2.6.0/bin/python3)
frame #10: <unknown function> + 0x251c37 (0x559d1d52ec37 in /global/common/software/nersc9/pytorch/2.6.0/bin/python3)
frame #11: <unknown function> + 0x113464 (0x559d1d3f0464 in /global/common/software/nersc9/pytorch/2.6.0/bin/python3)
frame #12: _PyObject_FastCallDictTstate + 0x1ee (0x559d1d4e47de in /global/common/software/nersc9/pytorch/2.6.0/bin/python3)
frame #13: _PyObject_Call_Prepend + 0xe9 (0x559d1d50fb49 in /global/common/software/nersc9/pytorch/2.6.0/bin/python3)
frame #14: <unknown function> + 0x30412b (0x559d1d5e112b in /global/common/software/nersc9/pytorch/2.6.0/bin/python3)
frame #15: _PyObject_Call + 0xb5 (0x559d1d512535 in /global/common/software/nersc9/pytorch/2.6.0/bin/python3)
frame #16: <unknown function> + 0x113464 (0x559d1d3f0464 in /global/common/software/nersc9/pytorch/2.6.0/bin/python3)
frame #17: PyEval_EvalCode + 0xa1 (0x559d1d598281 in /global/common/software/nersc9/pytorch/2.6.0/bin/python3)
frame #18: <unknown function> + 0x2d6a0e (0x559d1d5b3a0e in /global/common/software/nersc9/pytorch/2.6.0/bin/python3)
frame #19: <unknown function> + 0x21982b (0x559d1d4f682b in /global/common/software/nersc9/pytorch/2.6.0/bin/python3)
frame #20: PyObject_Vectorcall + 0x2e (0x559d1d4f65ce in /global/common/software/nersc9/pytorch/2.6.0/bin/python3)
frame #21: <unknown function> + 0x1127cf (0x559d1d3ef7cf in /global/common/software/nersc9/pytorch/2.6.0/bin/python3)
frame #22: <unknown function> + 0x2ebd18 (0x559d1d5c8d18 in /global/common/software/nersc9/pytorch/2.6.0/bin/python3)
frame #23: Py_RunMain + 0x3d1 (0x559d1d5c88c1 in /global/common/software/nersc9/pytorch/2.6.0/bin/python3)
frame #24: Py_BytesMain + 0x37 (0x559d1d5823c7 in /global/common/software/nersc9/pytorch/2.6.0/bin/python3)
frame #25: __libc_start_main + 0xef (0x7fabbd35a1fd in /lib64/libc.so.6)
frame #26: <unknown function> + 0x2a5271 (0x559d1d582271 in /global/common/software/nersc9/pytorch/2.6.0/bin/python3)

W0728 13:48:11.586000 512527 site-packages/torch/distributed/elastic/rendezvous/dynamic_rendezvous.py:1284] The node 'nid003400-hsn0_512527_0' has failed to shutdown the rendezvous '41133309' due to an error of type RendezvousConnectionError.
[W728 13:48:11.936582902 TCPStore.cpp:106] [c10d] sendBytes failed on SocketImpl(fd=4, addr=[nid003400-hsn0]:35832, remote=[nid001261-hsn0]:29500): Broken pipe
Exception raised from sendBytes at /mscratch/sd/s/swowner/pytorch-build/pytorch/2.6.0/pytorch/torch/csrc/distributed/c10d/Utils.hpp:646 (most recent call first):
frame #0: c10::Error::Error(c10::SourceLocation, std::__cxx11::basic_string<char, std::char_traits<char>, std::allocator<char> >) + 0x80 (0x7fabb06d2560 in /global/common/software/nersc9/pytorch/2.6.0/lib/python3.12/site-packages/torch/lib/libc10.so)
frame #1: <unknown function> + 0x578cd55 (0x7faba7a70d55 in /global/common/software/nersc9/pytorch/2.6.0/lib/python3.12/site-packages/torch/lib/libtorch_cpu.so)
frame #2: <unknown function> + 0x578f01c (0x7faba7a7301c in /global/common/software/nersc9/pytorch/2.6.0/lib/python3.12/site-packages/torch/lib/libtorch_cpu.so)
frame #3: c10d::TCPStore::doWait(c10::ArrayRef<std::__cxx11::basic_string<char, std::char_traits<char>, std::allocator<char> > >, std::chrono::duration<long, std::ratio<1l, 1000l> >) + 0x1be (0x7faba7a6d22e in /global/common/software/nersc9/pytorch/2.6.0/lib/python3.12/site-packages/torch/lib/libtorch_cpu.so)
frame #4: c10d::TCPStore::doGet(std::__cxx11::basic_string<char, std::char_traits<char>, std::allocator<char> > const&) + 0x33 (0x7faba7a6d813 in /global/common/software/nersc9/pytorch/2.6.0/lib/python3.12/site-packages/torch/lib/libtorch_cpu.so)
frame #5: c10d::TCPStore::get(std::__cxx11::basic_string<char, std::char_traits<char>, std::allocator<char> > const&) + 0x114 (0x7faba7a6ea24 in /global/common/software/nersc9/pytorch/2.6.0/lib/python3.12/site-packages/torch/lib/libtorch_cpu.so)
frame #6: <unknown function> + 0xcbb195 (0x7fabaf62d195 in /global/common/software/nersc9/pytorch/2.6.0/lib/python3.12/site-packages/torch/lib/libtorch_python.so)
frame #7: <unknown function> + 0x43f34d (0x7fabaedb134d in /global/common/software/nersc9/pytorch/2.6.0/lib/python3.12/site-packages/torch/lib/libtorch_python.so)
frame #8: <unknown function> + 0x224988 (0x559d1d501988 in /global/common/software/nersc9/pytorch/2.6.0/bin/python3)
frame #9: _PyObject_MakeTpCall + 0x2c3 (0x559d1d4e1c53 in /global/common/software/nersc9/pytorch/2.6.0/bin/python3)
frame #10: <unknown function> + 0x251c37 (0x559d1d52ec37 in /global/common/software/nersc9/pytorch/2.6.0/bin/python3)
frame #11: <unknown function> + 0x113464 (0x559d1d3f0464 in /global/common/software/nersc9/pytorch/2.6.0/bin/python3)
frame #12: _PyObject_FastCallDictTstate + 0x1ee (0x559d1d4e47de in /global/common/software/nersc9/pytorch/2.6.0/bin/python3)
frame #13: _PyObject_Call_Prepend + 0xe9 (0x559d1d50fb49 in /global/common/software/nersc9/pytorch/2.6.0/bin/python3)
frame #14: <unknown function> + 0x30412b (0x559d1d5e112b in /global/common/software/nersc9/pytorch/2.6.0/bin/python3)
frame #15: _PyObject_Call + 0xb5 (0x559d1d512535 in /global/common/software/nersc9/pytorch/2.6.0/bin/python3)
frame #16: <unknown function> + 0x113464 (0x559d1d3f0464 in /global/common/software/nersc9/pytorch/2.6.0/bin/python3)
frame #17: PyEval_EvalCode + 0xa1 (0x559d1d598281 in /global/common/software/nersc9/pytorch/2.6.0/bin/python3)
frame #18: <unknown function> + 0x2d6a0e (0x559d1d5b3a0e in /global/common/software/nersc9/pytorch/2.6.0/bin/python3)
frame #19: <unknown function> + 0x21982b (0x559d1d4f682b in /global/common/software/nersc9/pytorch/2.6.0/bin/python3)
frame #20: PyObject_Vectorcall + 0x2e (0x559d1d4f65ce in /global/common/software/nersc9/pytorch/2.6.0/bin/python3)
frame #21: <unknown function> + 0x1127cf (0x559d1d3ef7cf in /global/common/software/nersc9/pytorch/2.6.0/bin/python3)
frame #22: <unknown function> + 0x2ebd18 (0x559d1d5c8d18 in /global/common/software/nersc9/pytorch/2.6.0/bin/python3)
frame #23: Py_RunMain + 0x3d1 (0x559d1d5c88c1 in /global/common/software/nersc9/pytorch/2.6.0/bin/python3)
frame #24: Py_BytesMain + 0x37 (0x559d1d5823c7 in /global/common/software/nersc9/pytorch/2.6.0/bin/python3)
frame #25: __libc_start_main + 0xef (0x7fabbd35a1fd in /lib64/libc.so.6)
frame #26: <unknown function> + 0x2a5271 (0x559d1d582271 in /global/common/software/nersc9/pytorch/2.6.0/bin/python3)

W0728 13:48:11.594000 512527 site-packages/torch/distributed/elastic/rendezvous/dynamic_rendezvous.py:1284] The node 'nid003400-hsn0_512527_0' has failed to shutdown the rendezvous '41133309' due to an error of type RendezvousConnectionError.
Traceback (most recent call last):
  File "<frozen runpy>", line 198, in _run_module_as_main
  File "<frozen runpy>", line 88, in _run_code
  File "/global/common/software/nersc9/pytorch/2.6.0/lib/python3.12/site-packages/torch/distributed/run.py", line 922, in <module>
    main()
  File "/global/common/software/nersc9/pytorch/2.6.0/lib/python3.12/site-packages/torch/distributed/elastic/multiprocessing/errors/__init__.py", line 355, in wrapper
    return f(*args, **kwargs)
           ^^^^^^^^^^^^^^^^^^
  File "/global/common/software/nersc9/pytorch/2.6.0/lib/python3.12/site-packages/torch/distributed/run.py", line 918, in main
    run(args)
  File "/global/common/software/nersc9/pytorch/2.6.0/lib/python3.12/site-packages/torch/distributed/run.py", line 909, in run
    elastic_launch(
  File "/global/common/software/nersc9/pytorch/2.6.0/lib/python3.12/site-packages/torch/distributed/launcher/api.py", line 138, in __call__
    return launch_agent(self._config, self._entrypoint, list(args))
           ^^^^^^^^^^^^^^^^^^^^^^^^^^^^^^^^^^^^^^^^^^^^^^^^^^^^^^^^
  File "/global/common/software/nersc9/pytorch/2.6.0/lib/python3.12/site-packages/torch/distributed/launcher/api.py", line 269, in launch_agent
    raise ChildFailedError(
torch.distributed.elastic.multiprocessing.errors.ChildFailedError: 
============================================================
/pscratch/sd/s/syfan/Diloco/pretrain_gpt.py FAILED
------------------------------------------------------------
Failures:
[1]:
  time      : 2025-07-28_13:48:11
  host      : nid003400-hsn0
  rank      : 49 (local_rank: 1)
  exitcode  : 1 (pid: 512605)
  error_file: <N/A>
  traceback : To enable traceback see: https://pytorch.org/docs/stable/elastic/errors.html
[2]:
  time      : 2025-07-28_13:48:11
  host      : nid003400-hsn0
  rank      : 50 (local_rank: 2)
  exitcode  : 1 (pid: 512606)
  error_file: <N/A>
  traceback : To enable traceback see: https://pytorch.org/docs/stable/elastic/errors.html
------------------------------------------------------------
Root Cause (first observed failure):
[0]:
  time      : 2025-07-28_13:48:11
  host      : nid003400-hsn0
  rank      : 48 (local_rank: 0)
  exitcode  : 1 (pid: 512604)
  error_file: <N/A>
  traceback : To enable traceback see: https://pytorch.org/docs/stable/elastic/errors.html
============================================================
srun: error: nid001353: task 1: Exited with exit code 1
srun: error: nid003400: task 12: Exited with exit code 1
srun: error: nid001585: task 6: Exited with exit code 1
srun: error: nid001761: task 9: Exited with exit code 1
srun: error: nid003797: task 14: Exited with exit code 1
srun: error: nid001673: task 8: Exited with exit code 1
srun: error: nid001561: task 5: Exited with exit code 1
srun: error: nid003800: task 15: Exited with exit code 1
srun: error: nid001661: task 7: Exited with exit code 1
srun: error: nid001485: task 4: Exited with exit code 1
srun: error: nid001261: task 0: Exited with exit code 1
srun: error: nid001920: task 10: Exited with exit code 1
srun: error: nid001429: task 3: Exited with exit code 1
srun: error: nid003401: task 13: Exited with exit code 1
srun: error: nid001417: task 2: Exited with exit code 1
